42001013004P4;COMPUTAÇÃO;UFRGS;UNIVERSIDADE FEDERAL DO RIO GRANDE DO SUL;2016;21036414;3603416;SOCIAL CHOICE IN DISTRIBUTED CLASSIFICATION TASKS: DEALING WITH VERTICALLY PARTITIONED DATA;2;BIBLIOGRÁFICA;25;ARTIGO EM PERIÓDICO;1;BIBLIOGRAFICA - ARTIGO EM PERIÓDICO;80466;INTELIGENCIA ARTIFICIAL;98294;INTELIGÊNCIA ARTIFICIAL;;;01JAN2012:00:00:00.000000;;01JAN2012:00:00:00.000000;;0
42001013004P4;COMPUTAÇÃO;UFRGS;UNIVERSIDADE FEDERAL DO RIO GRANDE DO SUL;2016;21036189;4801115;AUDIOVISUAL TOOL FOR SOLFÈGE ASSESSMENT;2;BIBLIOGRÁFICA;25;ARTIGO EM PERIÓDICO;1;BIBLIOGRAFICA - ARTIGO EM PERIÓDICO;80464;SISTEMAS DE COMPUTACAO;98293;COMPUTAÇÃO GRÁFICA, PROCESSAMENTO DE IMAGENS E INTERAÇÃO;;;01JAN2012:00:00:00.000000;;01JAN2012:00:00:00.000000;;0
42001013004P4;COMPUTAÇÃO;UFRGS;UNIVERSIDADE FEDERAL DO RIO GRANDE DO SUL;2016;21036464;3638417;USING IMMERSIVE VIRTUAL REALITY TO REDUCE WORK ACCIDENTS IN DEVELOPING COUNTRIES;2;BIBLIOGRÁFICA;25;ARTIGO EM PERIÓDICO;1;BIBLIOGRAFICA - ARTIGO EM PERIÓDICO;80464;SISTEMAS DE COMPUTACAO;98293;COMPUTAÇÃO GRÁFICA, PROCESSAMENTO DE IMAGENS E INTERAÇÃO;212827;SIMULADOR DE COMPORTAMENTO PARA ATIVIDADES OPERACIONAIS VOLTADO À ÁREA DE SEGURANÇA;01JAN2012:00:00:00.000000;;01JAN2012:00:00:00.000000;;0
42001013004P4;COMPUTAÇÃO;UFRGS;UNIVERSIDADE FEDERAL DO RIO GRANDE DO SUL;2016;21036384;3660904;RANDOMNESS AND ARBITRARY COORDINATION IN THE REACTIVE ULTIMATUM GAME;2;BIBLIOGRÁFICA;25;ARTIGO EM PERIÓDICO;1;BIBLIOGRAFICA - ARTIGO EM PERIÓDICO;80463;INFORMATICA TEORICA;98297;FUNDAMENTOS DA COMPUTAÇÃO;;;01JAN2012:00:00:00.000000;;01JAN2012:00:00:00.000000;;0
42001013004P4;COMPUTAÇÃO;UFRGS;UNIVERSIDADE FEDERAL DO RIO GRANDE DO SUL;2016;21036169;3660146;A TOOLSET FOR EFFICIENT PRIVACY-ORIENTED VIRTUAL NETWORK EMBEDDING AND ITS INSTANTIATION ON SDN/OPENFLOW-BASED SUBSTRATES;2;BIBLIOGRÁFICA;25;ARTIGO EM PERIÓDICO;1;BIBLIOGRAFICA - ARTIGO EM PERIÓDICO;80464;SISTEMAS DE COMPUTACAO;98291;REDES DE COMPUTADORES;340942;ESTRATÉGIAS DE EXPANSÃO PONTUAL DE SUBSTRATOS FÍSICOS PARA ALOCAÇÃO EFICIENTE DE REDES VIRTUAIS;01JAN2012:00:00:00.000000;;01JAN2012:00:00:00.000000;;0
42001013004P4;COMPUTAÇÃO;UFRGS;UNIVERSIDADE FEDERAL DO RIO GRANDE DO SUL;2016;21035664;3908849;A FIX-AND-OPTIMIZE APPROACH FOR EFFICIENT AND LARGE SCALE VIRTUAL NETWORK FUNCTION PLACEMENT AND CHAINING;2;BIBLIOGRÁFICA;25;ARTIGO EM PERIÓDICO;1;BIBLIOGRAFICA - ARTIGO EM PERIÓDICO;80464;SISTEMAS DE COMPUTACAO;98291;REDES DE COMPUTADORES;;;01JAN2012:00:00:00.000000;;01JAN2012:00:00:00.000000;;0
42001013004P4;COMPUTAÇÃO;UFRGS;UNIVERSIDADE FEDERAL DO RIO GRANDE DO SUL;2016;21036297;3603457;INVESTIGATING DIFFERENT GENERAL-PURPOSE AND EMBEDDED MULTICORES TO ACHIEVE OPTIMAL TRADE-OFFS BETWEEN PERFORMANCE AND ENERGY;2;BIBLIOGRÁFICA;25;ARTIGO EM PERIÓDICO;1;BIBLIOGRAFICA - ARTIGO EM PERIÓDICO;80462;ENGENHARIA DA COMPUTAÇÃO;98299;SISTEMAS EMBARCADOS;342218;PROGRAMAÇÃO PARALELA EFICIENTE PARA OTIMIZAR O CONSUMO DE ENERGIA EM SISTEMAS EMBARCADOS E DE PROPÓSITO GERAL;01JAN2012:00:00:00.000000;;01JAN2012:00:00:00.000000;;0
42001013004P4;COMPUTAÇÃO;UFRGS;UNIVERSIDADE FEDERAL DO RIO GRANDE DO SUL;2016;21036172;4286189;AFFINITY-BASED THREAD AND DATA MAPPING IN SHARED MEMORY SYSTEMS;2;BIBLIOGRÁFICA;25;ARTIGO EM PERIÓDICO;1;BIBLIOGRAFICA - ARTIGO EM PERIÓDICO;80464;SISTEMAS DE COMPUTACAO;98290;PROCESSAMENTO PARALELO E DISTRIBUÍDO;386995;HPC4E - HIGH PERFORMANCE COMPUTING FOR ENERGY;01JAN2012:00:00:00.000000;;01JAN2012:00:00:00.000000;;0
42001013004P4;COMPUTAÇÃO;UFRGS;UNIVERSIDADE FEDERAL DO RIO GRANDE DO SUL;2016;21036315;3603475;MAKING PUZZLES GREEN AND USEFUL FOR ADAPTIVE IDENTITY MANAGEMENT IN LARGE-SCALE DISTRIBUTED SYSTEMS;2;BIBLIOGRÁFICA;25;ARTIGO EM PERIÓDICO;1;BIBLIOGRAFICA - ARTIGO EM PERIÓDICO;80464;SISTEMAS DE COMPUTACAO;98291;REDES DE COMPUTADORES;212803;AUTENTICAÇÃO ROBUSTA E ESCALÁVEL EM REDES P2P: RUMO AO SUPORTE E APLICAÇÕES ALÉM DO COMPARTILHAMENTO DE ARQUIVOS;01JAN2012:00:00:00.000000;;01JAN2012:00:00:00.000000;;0
42001013004P4;COMPUTAÇÃO;UFRGS;UNIVERSIDADE FEDERAL DO RIO GRANDE DO SUL;2016;21036463;3908480;USING EMPIRICAL ESTIMATES OF EFFECTIVE BANDWIDTH IN NETWORK-AWARE PLACEMENT OF VIRTUAL MACHINES IN DATACENTERS;2;BIBLIOGRÁFICA;25;ARTIGO EM PERIÓDICO;1;BIBLIOGRAFICA - ARTIGO EM PERIÓDICO;80464;SISTEMAS DE COMPUTACAO;98291;REDES DE COMPUTADORES;;;01JAN2012:00:00:00.000000;;01JAN2012:00:00:00.000000;;0
42001013004P4;COMPUTAÇÃO;UFRGS;UNIVERSIDADE FEDERAL DO RIO GRANDE DO SUL;2016;21036274;3660123;HOW PHYSICAL NETWORK TOPOLOGIES AFFECT VIRTUAL NETWORK EMBEDDING QUALITY: A CHARACTERIZATION STUDY BASED ON ISP AND DATACENTER NETWORKS;2;BIBLIOGRÁFICA;25;ARTIGO EM PERIÓDICO;1;BIBLIOGRAFICA - ARTIGO EM PERIÓDICO;80464;SISTEMAS DE COMPUTACAO;98291;REDES DE COMPUTADORES;340942;ESTRATÉGIAS DE EXPANSÃO PONTUAL DE SUBSTRATOS FÍSICOS PARA ALOCAÇÃO EFICIENTE DE REDES VIRTUAIS;01JAN2012:00:00:00.000000;;01JAN2012:00:00:00.000000;;0
42001013004P4;COMPUTAÇÃO;UFRGS;UNIVERSIDADE FEDERAL DO RIO GRANDE DO SUL;2016;21036313;3659276;LUNG NODULE SEGMENTATION IN CHEST COMPUTED TOMOGRAPHY USING A NOVEL BACKGROUND ESTIMATION METHOD;2;BIBLIOGRÁFICA;25;ARTIGO EM PERIÓDICO;1;BIBLIOGRAFICA - ARTIGO EM PERIÓDICO;80464;SISTEMAS DE COMPUTACAO;98293;COMPUTAÇÃO GRÁFICA, PROCESSAMENTO DE IMAGENS E INTERAÇÃO;;;01JAN2012:00:00:00.000000;;01JAN2012:00:00:00.000000;;0
42001013004P4;COMPUTAÇÃO;UFRGS;UNIVERSIDADE FEDERAL DO RIO GRANDE DO SUL;2016;21036335;4012199;MIGPF: TOWARDS ON SELF-ORGANIZING PROCESS RESCHEDULING OF BULK-SYNCHRONOUS PARALLEL APPLICATIONS;2;BIBLIOGRÁFICA;25;ARTIGO EM PERIÓDICO;1;BIBLIOGRAFICA - ARTIGO EM PERIÓDICO;80464;SISTEMAS DE COMPUTACAO;98290;PROCESSAMENTO PARALELO E DISTRIBUÍDO;;;01JAN2012:00:00:00.000000;;01JAN2012:00:00:00.000000;;0
42001013004P4;COMPUTAÇÃO;UFRGS;UNIVERSIDADE FEDERAL DO RIO GRANDE DO SUL;2016;21036448;3845363;TRANSISTOR COUNT OPTIMIZATION IN IG FINFET NETWORK DESIGN;2;BIBLIOGRÁFICA;25;ARTIGO EM PERIÓDICO;1;BIBLIOGRAFICA - ARTIGO EM PERIÓDICO;80462;ENGENHARIA DA COMPUTAÇÃO;98288;MICROELETRÔNICA;244232;TECNOLOGIAS DE PROJETO DE ASIC DIGITAL BASEADAS EM PORTAS LÓGICAS CMOS AVANÇADAS E NOVOS DISPOSITIVOS NANOMÉTRICOS;01JAN2012:00:00:00.000000;;01JAN2012:00:00:00.000000;;0
42001013004P4;COMPUTAÇÃO;UFRGS;UNIVERSIDADE FEDERAL DO RIO GRANDE DO SUL;2016;21036475;3641585;YAWNING DETECTION USING EMBEDDED SMART CAMERAS;2;BIBLIOGRÁFICA;25;ARTIGO EM PERIÓDICO;1;BIBLIOGRAFICA - ARTIGO EM PERIÓDICO;80464;SISTEMAS DE COMPUTACAO;98293;COMPUTAÇÃO GRÁFICA, PROCESSAMENTO DE IMAGENS E INTERAÇÃO;342609;ANÁLISE E PROCESSAMENTO ESTATÍSTICO DE SINAIS E IMAGENS: NOVAS METODOLOGIAS E APLICAÇÕES;01JAN2012:00:00:00.000000;;01JAN2012:00:00:00.000000;;0
42001013004P4;COMPUTAÇÃO;UFRGS;UNIVERSIDADE FEDERAL DO RIO GRANDE DO SUL;2016;21036282;3603578;IMAGE SEGMENTATION VIA MULTI-SCALE STOCHASTIC REGIONAL TEXTURE APPEARANCE MODELS;2;BIBLIOGRÁFICA;25;ARTIGO EM PERIÓDICO;1;BIBLIOGRAFICA - ARTIGO EM PERIÓDICO;80464;SISTEMAS DE COMPUTACAO;98293;COMPUTAÇÃO GRÁFICA, PROCESSAMENTO DE IMAGENS E INTERAÇÃO;;;01JAN2012:00:00:00.000000;;01JAN2012:00:00:00.000000;;0
42001013004P4;COMPUTAÇÃO;UFRGS;UNIVERSIDADE FEDERAL DO RIO GRANDE DO SUL;2016;21036152;3640375;A MULTI-LEVEL APPROACH USING GENETIC ALGORITHMS IN AN ENSEMBLE OF LEAST SQUARES SUPPORT VECTOR MACHINES;2;BIBLIOGRÁFICA;25;ARTIGO EM PERIÓDICO;1;BIBLIOGRAFICA - ARTIGO EM PERIÓDICO;80466;INTELIGENCIA ARTIFICIAL;98294;INTELIGÊNCIA ARTIFICIAL;;;01JAN2012:00:00:00.000000;;01JAN2012:00:00:00.000000;;0
42001013004P4;COMPUTAÇÃO;UFRGS;UNIVERSIDADE FEDERAL DO RIO GRANDE DO SUL;2016;21036263;3861973;FORMAL VERIFICATION OF HEALTH ASSESSMENT TOOLS: A CASE STUDY;2;BIBLIOGRÁFICA;25;ARTIGO EM PERIÓDICO;1;BIBLIOGRAFICA - ARTIGO EM PERIÓDICO;80463;INFORMATICA TEORICA;98298;MÉTODOS FORMAIS;;;01JAN2012:00:00:00.000000;;01JAN2012:00:00:00.000000;01MAR2013:00:00:00.000000;0
42001013004P4;COMPUTAÇÃO;UFRGS;UNIVERSIDADE FEDERAL DO RIO GRANDE DO SUL;2016;21036164;3864058;A SIMPLE WEIGHTED THRESHOLDING METHOD FOR THE SEGMENTATION OF PIGMENTED SKIN LESIONS IN MACROSCOPIC IMAGES;2;BIBLIOGRÁFICA;25;ARTIGO EM PERIÓDICO;1;BIBLIOGRAFICA - ARTIGO EM PERIÓDICO;80464;SISTEMAS DE COMPUTACAO;98293;COMPUTAÇÃO GRÁFICA, PROCESSAMENTO DE IMAGENS E INTERAÇÃO;;;01JAN2012:00:00:00.000000;;01JAN2012:00:00:00.000000;;0
42001013004P4;COMPUTAÇÃO;UFRGS;UNIVERSIDADE FEDERAL DO RIO GRANDE DO SUL;2016;21036412;3673002;SITUATION AWARENESS AND COMPUTATIONAL INTELLIGENCE IN OPPORTUNISTIC NETWORKS TO SUPPORT THE DATA TRANSMISSION OF URBAN SENSING APPLICATIONS;2;BIBLIOGRÁFICA;25;ARTIGO EM PERIÓDICO;1;BIBLIOGRAFICA - ARTIGO EM PERIÓDICO;80464;SISTEMAS DE COMPUTACAO;98290;PROCESSAMENTO PARALELO E DISTRIBUÍDO;;;01JAN2012:00:00:00.000000;;01JAN2012:00:00:00.000000;;0
42001013004P4;COMPUTAÇÃO;UFRGS;UNIVERSIDADE FEDERAL DO RIO GRANDE DO SUL;2016;21036423;3744738;STOCHASTIC SHADOW DETECTION USING A HYPERGRAPH PARTITIONING APPROACH;2;BIBLIOGRÁFICA;25;ARTIGO EM PERIÓDICO;1;BIBLIOGRAFICA - ARTIGO EM PERIÓDICO;80464;SISTEMAS DE COMPUTACAO;98293;COMPUTAÇÃO GRÁFICA, PROCESSAMENTO DE IMAGENS E INTERAÇÃO;342624;DESCRITORES ESTATÍSTICOS PARA A DETECÇÃO, RASTREAMENTO E ESTIMATIVA DA TRAJETÓRIA DE OBJETOS MÓVEIS;01JAN2012:00:00:00.000000;;01JAN2012:00:00:00.000000;;0
42001013004P4;COMPUTAÇÃO;UFRGS;UNIVERSIDADE FEDERAL DO RIO GRANDE DO SUL;2016;21036160;4037818;A QUALITATIVE STUDY OF APPLICATION-LEVEL CACHING;2;BIBLIOGRÁFICA;25;ARTIGO EM PERIÓDICO;1;BIBLIOGRAFICA - ARTIGO EM PERIÓDICO;80465;SISTEMAS DE INFORMACAO;98296;ENGENHARIA DE SOFTWARE;;;01JAN2012:00:00:00.000000;;01JAN2012:00:00:00.000000;;0
42001013004P4;COMPUTAÇÃO;UFRGS;UNIVERSIDADE FEDERAL DO RIO GRANDE DO SUL;2016;21036307;3641469;LIVE-OUT REGISTER FENCING: INTERRUPT-TRIGGERED SOFT ERROR CORRECTION BASED ON THE ELIMINATION OF REGISTER-TO-REGISTER COMMUNICATION;2;BIBLIOGRÁFICA;25;ARTIGO EM PERIÓDICO;1;BIBLIOGRAFICA - ARTIGO EM PERIÓDICO;80462;ENGENHARIA DA COMPUTAÇÃO;98299;SISTEMAS EMBARCADOS;;;01JAN2012:00:00:00.000000;;01JAN2012:00:00:00.000000;;0
42001013004P4;COMPUTAÇÃO;UFRGS;UNIVERSIDADE FEDERAL DO RIO GRANDE DO SUL;2016;21036197;3603488;BEYOND CROSS-SECTION: SPATIO-TEMPORAL RELIABILITY ANALYSIS;2;BIBLIOGRÁFICA;25;ARTIGO EM PERIÓDICO;1;BIBLIOGRAFICA - ARTIGO EM PERIÓDICO;80462;ENGENHARIA DA COMPUTAÇÃO;98300;TESTE E CONFIABILIDADE DE SISTEMAS INTEGRADOS DE HARDWARE E SOFTWARE;345435;AVALIAÇÃO EXPERIMENTAL E MITIGAÇÃO DOS EFEITOS DA RADIAÇÃO EM PROCESSADORES PARALELOS;01JAN2012:00:00:00.000000;;01JAN2012:00:00:00.000000;;0
42001013004P4;COMPUTAÇÃO;UFRGS;UNIVERSIDADE FEDERAL DO RIO GRANDE DO SUL;2016;21036391;3738126;REQUIREMENTS FOR BUILDING AN ONTOLOGY FOR AUTONOMOUS ROBOTS;2;BIBLIOGRÁFICA;25;ARTIGO EM PERIÓDICO;1;BIBLIOGRAFICA - ARTIGO EM PERIÓDICO;80466;INTELIGENCIA ARTIFICIAL;98294;INTELIGÊNCIA ARTIFICIAL;;;01JAN2012:00:00:00.000000;;01JAN2012:00:00:00.000000;;0
42001013004P4;COMPUTAÇÃO;UFRGS;UNIVERSIDADE FEDERAL DO RIO GRANDE DO SUL;2016;21036185;3665493;ASSESSING THE IMPACT OF STEMMING ACCURACY ON INFORMATION RETRIEVAL - A MULTILINGUAL PERSPECTIVE;2;BIBLIOGRÁFICA;25;ARTIGO EM PERIÓDICO;1;BIBLIOGRAFICA - ARTIGO EM PERIÓDICO;80465;SISTEMAS DE INFORMACAO;98295;MODELAGEM CONCEITUAL E BANCOS DE DADOS;;;01JAN2012:00:00:00.000000;;01JAN2012:00:00:00.000000;;0
42001013004P4;COMPUTAÇÃO;UFRGS;UNIVERSIDADE FEDERAL DO RIO GRANDE DO SUL;2016;21036271;4012349;HARDWARE-ASSISTED THREAD AND DATA MAPPING IN HIERARCHICAL MULTICORE ARCHITECTURES;2;BIBLIOGRÁFICA;25;ARTIGO EM PERIÓDICO;1;BIBLIOGRAFICA - ARTIGO EM PERIÓDICO;80464;SISTEMAS DE COMPUTACAO;98290;PROCESSAMENTO PARALELO E DISTRIBUÍDO;386995;HPC4E - HIGH PERFORMANCE COMPUTING FOR ENERGY;01JAN2012:00:00:00.000000;;01JAN2012:00:00:00.000000;;0
42001013004P4;COMPUTAÇÃO;UFRGS;UNIVERSIDADE FEDERAL DO RIO GRANDE DO SUL;2016;21036362;3659305;PARALLEL VORONOI COMPUTATION FOR PHYSICS-BASED SIMULATIONS;2;BIBLIOGRÁFICA;25;ARTIGO EM PERIÓDICO;1;BIBLIOGRAFICA - ARTIGO EM PERIÓDICO;80464;SISTEMAS DE COMPUTACAO;98293;COMPUTAÇÃO GRÁFICA, PROCESSAMENTO DE IMAGENS E INTERAÇÃO;342626;VISUALIZAÇÃO DE SÉRIES DE DADOS TEMPORAIS;01JAN2012:00:00:00.000000;;01JAN2012:00:00:00.000000;;0
42001013004P4;COMPUTAÇÃO;UFRGS;UNIVERSIDADE FEDERAL DO RIO GRANDE DO SUL;2016;21036372;3603456;POTENTIAL ANALYSIS OF A SUPERSCALAR CORE EMPLOYING A RECONFIGURABLE ARRAY FOR IMPROVING INSTRUCTION-LEVEL PARALLELISM;2;BIBLIOGRÁFICA;25;ARTIGO EM PERIÓDICO;1;BIBLIOGRAFICA - ARTIGO EM PERIÓDICO;80462;ENGENHARIA DA COMPUTAÇÃO;98299;SISTEMAS EMBARCADOS;342217;PROJETO AUTOMÁTICO DE MPSOCS TRANSPARENTES E ADAPTÁVEIS PARA SISTEMAS EMBARCADOS;01JAN2012:00:00:00.000000;;01JAN2012:00:00:00.000000;;0
42001013004P4;COMPUTAÇÃO;UFRGS;UNIVERSIDADE FEDERAL DO RIO GRANDE DO SUL;2016;21036341;3802876;MORE ON ONTOLOGIES AND DATABASES: MODELING WHOLES AND SUBSTANCES;2;BIBLIOGRÁFICA;25;ARTIGO EM PERIÓDICO;1;BIBLIOGRAFICA - ARTIGO EM PERIÓDICO;80466;INTELIGENCIA ARTIFICIAL;98294;INTELIGÊNCIA ARTIFICIAL;;;01JAN2012:00:00:00.000000;;01JAN2012:00:00:00.000000;;0
42001013004P4;COMPUTAÇÃO;UFRGS;UNIVERSIDADE FEDERAL DO RIO GRANDE DO SUL;2016;21036358;3604754;ONTOLOGIES AND DATA MODELS;2;BIBLIOGRÁFICA;25;ARTIGO EM PERIÓDICO;1;BIBLIOGRAFICA - ARTIGO EM PERIÓDICO;80466;INTELIGENCIA ARTIFICIAL;98294;INTELIGÊNCIA ARTIFICIAL;;;01JAN2012:00:00:00.000000;;01JAN2012:00:00:00.000000;;0
42001013004P4;COMPUTAÇÃO;UFRGS;UNIVERSIDADE FEDERAL DO RIO GRANDE DO SUL;2016;21036269;3744868;GROUPING OF BUSINESS PROCESSES MODELS BASED ON AN INCREMENTAL CLUSTERING ALGORITHM USING FUZZY SIMILARITY AND MULTIMODAL SEARCH;2;BIBLIOGRÁFICA;25;ARTIGO EM PERIÓDICO;1;BIBLIOGRAFICA - ARTIGO EM PERIÓDICO;80465;SISTEMAS DE INFORMACAO;98295;MODELAGEM CONCEITUAL E BANCOS DE DADOS;;;01JAN2012:00:00:00.000000;;01JAN2012:00:00:00.000000;;0
42001013004P4;COMPUTAÇÃO;UFRGS;UNIVERSIDADE FEDERAL DO RIO GRANDE DO SUL;2016;21036256;3756670;EVALUATION OF HISTOGRAM OF ORIENTED GRADIENTS SOFT ERRORS CRITICALITY FOR AUTOMOTIVE APPLICATIONS;2;BIBLIOGRÁFICA;25;ARTIGO EM PERIÓDICO;1;BIBLIOGRAFICA - ARTIGO EM PERIÓDICO;80462;ENGENHARIA DA COMPUTAÇÃO;98300;TESTE E CONFIABILIDADE DE SISTEMAS INTEGRADOS DE HARDWARE E SOFTWARE;345435;AVALIAÇÃO EXPERIMENTAL E MITIGAÇÃO DOS EFEITOS DA RADIAÇÃO EM PROCESSADORES PARALELOS;01JAN2012:00:00:00.000000;;01JAN2012:00:00:00.000000;;0
42001013004P4;COMPUTAÇÃO;UFRGS;UNIVERSIDADE FEDERAL DO RIO GRANDE DO SUL;2016;21036230;4023308;CONTROL OF SMART ENVIRONMENTS USING BRAIN COMPUTER INTERFACE BASED ON GENETIC ALGORITHM;2;BIBLIOGRÁFICA;25;ARTIGO EM PERIÓDICO;1;BIBLIOGRAFICA - ARTIGO EM PERIÓDICO;80466;INTELIGENCIA ARTIFICIAL;98294;INTELIGÊNCIA ARTIFICIAL;;;01JAN2012:00:00:00.000000;;01JAN2012:00:00:00.000000;;0
42001013004P4;COMPUTAÇÃO;UFRGS;UNIVERSIDADE FEDERAL DO RIO GRANDE DO SUL;2016;21036338;4037676;MODELLING AND IMPLEMENTING MODULARISED BDI AGENTS WITH CAPABILITY RELATIONSHIPS;2;BIBLIOGRÁFICA;25;ARTIGO EM PERIÓDICO;1;BIBLIOGRAFICA - ARTIGO EM PERIÓDICO;80465;SISTEMAS DE INFORMACAO;98296;ENGENHARIA DE SOFTWARE;340778;DESENVOLVENDO AGENTES BDI EFETIVAMENTE COM UMA ABORDAGEM DIRIGIDA A MODELOS;01JAN2012:00:00:00.000000;;01JAN2012:00:00:00.000000;;0
42001013004P4;COMPUTAÇÃO;UFRGS;UNIVERSIDADE FEDERAL DO RIO GRANDE DO SUL;2016;21036370;3685053;PHENOVIS - A TOOL FOR VISUAL PHENOLOGICAL ANALYSIS OF DIGITAL CAMERA IMAGES USING CHRONOLOGICAL PERCENTAGE MAPS;2;BIBLIOGRÁFICA;25;ARTIGO EM PERIÓDICO;1;BIBLIOGRAFICA - ARTIGO EM PERIÓDICO;80464;SISTEMAS DE COMPUTACAO;98293;COMPUTAÇÃO GRÁFICA, PROCESSAMENTO DE IMAGENS E INTERAÇÃO;342626;VISUALIZAÇÃO DE SÉRIES DE DADOS TEMPORAIS;01JAN2012:00:00:00.000000;;01JAN2012:00:00:00.000000;;0
42001013004P4;COMPUTAÇÃO;UFRGS;UNIVERSIDADE FEDERAL DO RIO GRANDE DO SUL;2016;21036306;3672829;"LIAR LIAR, PANTS ON FIRE; OR HOW TO USE SUBJECTIVE LOGIC AND ARGUMENTATION TO EVALUATE INFORMATION FROM UNTRUSTWORTHY SOURCES";2;BIBLIOGRÁFICA;25;ARTIGO EM PERIÓDICO;1;BIBLIOGRAFICA - ARTIGO EM PERIÓDICO;80466;INTELIGENCIA ARTIFICIAL;98294;INTELIGÊNCIA ARTIFICIAL;212833;ESTIMANDO O IMPACTO DA COMUNICAÇÃO INTER-VEICULAR SOBRE O CONGESTIONAMENTO EM REDES DE TRANSPORTE: UMA ABORDAGEM BASEADA EM AGENTES;01JAN2012:00:00:00.000000;;01JAN2012:00:00:00.000000;;0
42001013004P4;COMPUTAÇÃO;UFRGS;UNIVERSIDADE FEDERAL DO RIO GRANDE DO SUL;2016;21036452;3663930;TWO SIMPLE AND EFFECTIVE HEURISTICS FOR MINIMIZING THE MAKESPAN IN NON-PERMUTATION FLOW SHOPS;2;BIBLIOGRÁFICA;25;ARTIGO EM PERIÓDICO;1;BIBLIOGRAFICA - ARTIGO EM PERIÓDICO;80463;INFORMATICA TEORICA;98297;FUNDAMENTOS DA COMPUTAÇÃO;342928;NOVOS MÉTODOS PARA OTIMIZAÇÃO DE LINHAS DE PRODUÇÃO;01JAN2012:00:00:00.000000;;01JAN2012:00:00:00.000000;;0
42001013004P4;COMPUTAÇÃO;UFRGS;UNIVERSIDADE FEDERAL DO RIO GRANDE DO SUL;2016;21036227;4023775;COMPARING AND COMBINING CONTENT- AND CITATION-BASED APPROACHES FOR PLAGIARISM DETECTION;2;BIBLIOGRÁFICA;25;ARTIGO EM PERIÓDICO;1;BIBLIOGRAFICA - ARTIGO EM PERIÓDICO;80465;SISTEMAS DE INFORMACAO;98295;MODELAGEM CONCEITUAL E BANCOS DE DADOS;;;01JAN2012:00:00:00.000000;;01JAN2012:00:00:00.000000;;0
42001013004P4;COMPUTAÇÃO;UFRGS;UNIVERSIDADE FEDERAL DO RIO GRANDE DO SUL;2016;21036389;3863371;RELIABILITY ANALYSIS OF OPERATING SYSTEMS AND SOFTWARE STACK FOR EMBEDDED SYSTEMS;2;BIBLIOGRÁFICA;25;ARTIGO EM PERIÓDICO;1;BIBLIOGRAFICA - ARTIGO EM PERIÓDICO;80462;ENGENHARIA DA COMPUTAÇÃO;98300;TESTE E CONFIABILIDADE DE SISTEMAS INTEGRADOS DE HARDWARE E SOFTWARE;345435;AVALIAÇÃO EXPERIMENTAL E MITIGAÇÃO DOS EFEITOS DA RADIAÇÃO EM PROCESSADORES PARALELOS;01JAN2012:00:00:00.000000;;01JAN2012:00:00:00.000000;;0
42001013004P4;COMPUTAÇÃO;UFRGS;UNIVERSIDADE FEDERAL DO RIO GRANDE DO SUL;2016;21036373;3660320;PREDCLOUD: PROVIDING PREDICTABLE NETWORK PERFORMANCE IN LARGE-SCALE OPENFLOW-ENABLED CLOUD PLATFORMS THROUGH TRUST-BASED ALLOCATION OF RESOURCES;2;BIBLIOGRÁFICA;25;ARTIGO EM PERIÓDICO;1;BIBLIOGRAFICA - ARTIGO EM PERIÓDICO;80464;SISTEMAS DE COMPUTACAO;98291;REDES DE COMPUTADORES;;;01JAN2012:00:00:00.000000;;01JAN2012:00:00:00.000000;;0
42001013004P4;COMPUTAÇÃO;UFRGS;UNIVERSIDADE FEDERAL DO RIO GRANDE DO SUL;2016;21035667;3908531;A FRAMEWORK FOR SDN INTEGRATED MANAGEMENT BASED ON A CIM MODEL AND A VERTICAL MANAGEMENT PLANE;2;BIBLIOGRÁFICA;25;ARTIGO EM PERIÓDICO;1;BIBLIOGRAFICA - ARTIGO EM PERIÓDICO;80464;SISTEMAS DE COMPUTACAO;98291;REDES DE COMPUTADORES;;;01JAN2012:00:00:00.000000;;01JAN2012:00:00:00.000000;;0
42001013004P4;COMPUTAÇÃO;UFRGS;UNIVERSIDADE FEDERAL DO RIO GRANDE DO SUL;2016;21035659;3660228;A COLUMN GENERATION APPROACH TO HIGH SCHOOL TIMETABLING MODELED AS A MULTICOMMODITY FLOW PROBLEM;2;BIBLIOGRÁFICA;25;ARTIGO EM PERIÓDICO;1;BIBLIOGRAFICA - ARTIGO EM PERIÓDICO;80463;INFORMATICA TEORICA;98297;FUNDAMENTOS DA COMPUTAÇÃO;342918;RESOLUÇÃO DE PROBLEMAS DE OTIMIZAÇÃO COMBINATÓRIA;01JAN2012:00:00:00.000000;;01JAN2012:00:00:00.000000;;0
42001013004P4;COMPUTAÇÃO;UFRGS;UNIVERSIDADE FEDERAL DO RIO GRANDE DO SUL;2016;21036437;4039120;THE INFLUENCE OF READABILITY ASPECTS ON THE USER'S PERCEPTION OF HELPFULNESS OF ONLINE REVIEWS;2;BIBLIOGRÁFICA;25;ARTIGO EM PERIÓDICO;1;BIBLIOGRAFICA - ARTIGO EM PERIÓDICO;80465;SISTEMAS DE INFORMACAO;98295;MODELAGEM CONCEITUAL E BANCOS DE DADOS;;;01JAN2012:00:00:00.000000;;01JAN2012:00:00:00.000000;;0
42001013004P4;COMPUTAÇÃO;UFRGS;UNIVERSIDADE FEDERAL DO RIO GRANDE DO SUL;2016;21036390;3663792;REPRESENTAÇÃO GRÁFICA DE TECIDOS ORGÂNICOS HUMANOS VIVOS;2;BIBLIOGRÁFICA;25;ARTIGO EM PERIÓDICO;1;BIBLIOGRAFICA - ARTIGO EM PERIÓDICO;80464;SISTEMAS DE COMPUTACAO;98293;COMPUTAÇÃO GRÁFICA, PROCESSAMENTO DE IMAGENS E INTERAÇÃO;342182;SIMULACAO INDIVIDUALIZADA DE PROCEDIMENTOS CIRURGICOS MINIMAMENTE INVASIVOS;01JAN2012:00:00:00.000000;;01JAN2012:00:00:00.000000;;0
42001013004P4;COMPUTAÇÃO;UFRGS;UNIVERSIDADE FEDERAL DO RIO GRANDE DO SUL;2016;21036451;4778243;TWENTY YEARS OF OBJECT-RELATIONAL MAPPING: A SURVEY ON PATTERNS, SOLUTIONS, AND THEIR IMPLICATIONS ON APPLICATION DESIGN;2;BIBLIOGRÁFICA;25;ARTIGO EM PERIÓDICO;1;BIBLIOGRAFICA - ARTIGO EM PERIÓDICO;80465;SISTEMAS DE INFORMACAO;98296;ENGENHARIA DE SOFTWARE;;;01JAN2012:00:00:00.000000;;01JAN2012:00:00:00.000000;;0
42001013004P4;COMPUTAÇÃO;UFRGS;UNIVERSIDADE FEDERAL DO RIO GRANDE DO SUL;2016;21036367;3908800;PERFORMANCE AND ENERGY EFFICIENCY ANALYSIS OF HPC PHYSICS SIMULATION APPLICATIONS IN A CLUSTER OF ARM PROCESSORS;2;BIBLIOGRÁFICA;25;ARTIGO EM PERIÓDICO;1;BIBLIOGRAFICA - ARTIGO EM PERIÓDICO;80464;SISTEMAS DE COMPUTACAO;98290;PROCESSAMENTO PARALELO E DISTRIBUÍDO;244217;EXASCALE COMPUTING DESEMPENHO VERSUS CONSUMO ENERGÉTICO, UM DESAFIO PARA ARQUITETURA E PROGRAMAÇÃO PARALELA;01JAN2012:00:00:00.000000;;01JAN2012:00:00:00.000000;;0
42001013004P4;COMPUTAÇÃO;UFRGS;UNIVERSIDADE FEDERAL DO RIO GRANDE DO SUL;2016;21036460;3660894;UNIVERSALITY, CORRELATIONS, AND RANKINGS IN THE BRAZILIAN UNIVERSITIES NATIONAL ADMISSION EXAMINATIONS;2;BIBLIOGRÁFICA;25;ARTIGO EM PERIÓDICO;1;BIBLIOGRAFICA - ARTIGO EM PERIÓDICO;80463;INFORMATICA TEORICA;98297;FUNDAMENTOS DA COMPUTAÇÃO;;;01JAN2012:00:00:00.000000;;01JAN2012:00:00:00.000000;;0
42001013004P4;COMPUTAÇÃO;UFRGS;UNIVERSIDADE FEDERAL DO RIO GRANDE DO SUL;2016;21036380;3660149;PULL AND PUSHPULL ARE PSPACE-COMPLETE;2;BIBLIOGRÁFICA;25;ARTIGO EM PERIÓDICO;1;BIBLIOGRAFICA - ARTIGO EM PERIÓDICO;80463;INFORMATICA TEORICA;98297;FUNDAMENTOS DA COMPUTAÇÃO;342918;RESOLUÇÃO DE PROBLEMAS DE OTIMIZAÇÃO COMBINATÓRIA;01JAN2012:00:00:00.000000;;01JAN2012:00:00:00.000000;;0
42001013004P4;COMPUTAÇÃO;UFRGS;UNIVERSIDADE FEDERAL DO RIO GRANDE DO SUL;2016;21036402;3683860;SEGMENTATION OF MELANOCYTIC SKIN LESIONS USING FEATURE LEARNING AND DICTIONARIES;2;BIBLIOGRÁFICA;25;ARTIGO EM PERIÓDICO;1;BIBLIOGRAFICA - ARTIGO EM PERIÓDICO;80464;SISTEMAS DE COMPUTACAO;98293;COMPUTAÇÃO GRÁFICA, PROCESSAMENTO DE IMAGENS E INTERAÇÃO;;;01JAN2012:00:00:00.000000;;01JAN2012:00:00:00.000000;;0
42001013004P4;COMPUTAÇÃO;UFRGS;UNIVERSIDADE FEDERAL DO RIO GRANDE DO SUL;2016;21036429;3659664;TAXONOMY FOR THE NETWORK AND SERVICE MANAGEMENT RESEARCH FIELD;2;BIBLIOGRÁFICA;25;ARTIGO EM PERIÓDICO;1;BIBLIOGRAFICA - ARTIGO EM PERIÓDICO;80464;SISTEMAS DE COMPUTACAO;98291;REDES DE COMPUTADORES;;;01JAN2012:00:00:00.000000;;01JAN2012:00:00:00.000000;;0
42001013004P4;COMPUTAÇÃO;UFRGS;UNIVERSIDADE FEDERAL DO RIO GRANDE DO SUL;2016;21036403;3663940;SEISMIC WAVE PROPAGATION SIMULATIONS ON LOW-POWER AND PERFORMANCE-CENTRIC MANYCORES;2;BIBLIOGRÁFICA;25;ARTIGO EM PERIÓDICO;1;BIBLIOGRAFICA - ARTIGO EM PERIÓDICO;80464;SISTEMAS DE COMPUTACAO;98290;PROCESSAMENTO PARALELO E DISTRIBUÍDO;;;01JAN2012:00:00:00.000000;;01JAN2012:00:00:00.000000;;0
42001013004P4;COMPUTAÇÃO;UFRGS;UNIVERSIDADE FEDERAL DO RIO GRANDE DO SUL;2016;21036426;3663768;SYNTHESIS OF HUMAN SKIN PIGMENTATION DISORDERS;2;BIBLIOGRÁFICA;25;ARTIGO EM PERIÓDICO;1;BIBLIOGRAFICA - ARTIGO EM PERIÓDICO;80464;SISTEMAS DE COMPUTACAO;98293;COMPUTAÇÃO GRÁFICA, PROCESSAMENTO DE IMAGENS E INTERAÇÃO;;;01JAN2012:00:00:00.000000;;01JAN2012:00:00:00.000000;;0
42001013004P4;COMPUTAÇÃO;UFRGS;UNIVERSIDADE FEDERAL DO RIO GRANDE DO SUL;2016;21036240;4026701;DETECTION OF GLOBAL AND LOCAL MOTION CHANGES IN HUMAN CROWDS;2;BIBLIOGRÁFICA;25;ARTIGO EM PERIÓDICO;1;BIBLIOGRAFICA - ARTIGO EM PERIÓDICO;80464;SISTEMAS DE COMPUTACAO;98293;COMPUTAÇÃO GRÁFICA, PROCESSAMENTO DE IMAGENS E INTERAÇÃO;342376;ANÁLISE DE COMPORTAMENTO DE MULTIDÕES UTILIZANDO VISÃO COMPUTACIONAL E MODELOS DE SIMULAÇÃO;01JAN2012:00:00:00.000000;;01JAN2012:00:00:00.000000;;0
42001013004P4;COMPUTAÇÃO;UFRGS;UNIVERSIDADE FEDERAL DO RIO GRANDE DO SUL;2016;21035660;3604770;A DYNAMIC BLOCK-LEVEL EXECUTION PROFILER;2;BIBLIOGRÁFICA;25;ARTIGO EM PERIÓDICO;1;BIBLIOGRAFICA - ARTIGO EM PERIÓDICO;80464;SISTEMAS DE COMPUTACAO;98290;PROCESSAMENTO PARALELO E DISTRIBUÍDO;;;01JAN2012:00:00:00.000000;;01JAN2012:00:00:00.000000;;0
42001013004P4;COMPUTAÇÃO;UFRGS;UNIVERSIDADE FEDERAL DO RIO GRANDE DO SUL;2016;21036199;3851364;CAMERA SELF-CALIBRATION BASED ON NON-LINEAR OPTIMIZATION AND APPLICATIONS IN SURVEILLANCE SYSTEMS;2;BIBLIOGRÁFICA;25;ARTIGO EM PERIÓDICO;1;BIBLIOGRAFICA - ARTIGO EM PERIÓDICO;80464;SISTEMAS DE COMPUTACAO;98293;COMPUTAÇÃO GRÁFICA, PROCESSAMENTO DE IMAGENS E INTERAÇÃO;342376;ANÁLISE DE COMPORTAMENTO DE MULTIDÕES UTILIZANDO VISÃO COMPUTACIONAL E MODELOS DE SIMULAÇÃO;01JAN2012:00:00:00.000000;;01JAN2012:00:00:00.000000;;0
42001013004P4;COMPUTAÇÃO;UFRGS;UNIVERSIDADE FEDERAL DO RIO GRANDE DO SUL;2016;21036413;3638303;SOCIAL CHOICE FUNCTIONS: A TOOL FOR RANKING VARIABLES INVOLVED IN ACTION PLANS AGAINST ROAD NOISE;2;BIBLIOGRÁFICA;25;ARTIGO EM PERIÓDICO;1;BIBLIOGRAFICA - ARTIGO EM PERIÓDICO;80466;INTELIGENCIA ARTIFICIAL;98294;INTELIGÊNCIA ARTIFICIAL;;;01JAN2012:00:00:00.000000;;01JAN2012:00:00:00.000000;;0
42001013004P4;COMPUTAÇÃO;UFRGS;UNIVERSIDADE FEDERAL DO RIO GRANDE DO SUL;2016;21036471;3684783;VISUAL ANALYSIS OF BIKE-SHARING SYSTEMS;2;BIBLIOGRÁFICA;25;ARTIGO EM PERIÓDICO;1;BIBLIOGRAFICA - ARTIGO EM PERIÓDICO;80464;SISTEMAS DE COMPUTACAO;98293;COMPUTAÇÃO GRÁFICA, PROCESSAMENTO DE IMAGENS E INTERAÇÃO;342626;VISUALIZAÇÃO DE SÉRIES DE DADOS TEMPORAIS;01JAN2012:00:00:00.000000;;01JAN2012:00:00:00.000000;;0
42001013004P4;COMPUTAÇÃO;UFRGS;UNIVERSIDADE FEDERAL DO RIO GRANDE DO SUL;2016;21036408;3659303;SHADOW DETECTION IN CAMERA BASED VEHICLE DETECTION: SURVEY AND ANALYSIS;2;BIBLIOGRÁFICA;25;ARTIGO EM PERIÓDICO;1;BIBLIOGRAFICA - ARTIGO EM PERIÓDICO;80464;SISTEMAS DE COMPUTACAO;98293;COMPUTAÇÃO GRÁFICA, PROCESSAMENTO DE IMAGENS E INTERAÇÃO;342624;DESCRITORES ESTATÍSTICOS PARA A DETECÇÃO, RASTREAMENTO E ESTIMATIVA DA TRAJETÓRIA DE OBJETOS MÓVEIS;01JAN2012:00:00:00.000000;;01JAN2012:00:00:00.000000;;0
42001013004P4;COMPUTAÇÃO;UFRGS;UNIVERSIDADE FEDERAL DO RIO GRANDE DO SUL;2016;21036462;3659624;USER INTERFACES METAMODEL BASED ON GRAPHS;2;BIBLIOGRÁFICA;25;ARTIGO EM PERIÓDICO;1;BIBLIOGRAFICA - ARTIGO EM PERIÓDICO;80463;INFORMATICA TEORICA;98298;MÉTODOS FORMAIS;;;01JAN2012:00:00:00.000000;;01JAN2012:00:00:00.000000;01MAR2013:00:00:00.000000;0
42001013004P4;COMPUTAÇÃO;UFRGS;UNIVERSIDADE FEDERAL DO RIO GRANDE DO SUL;2016;21036151;3920677;A MEMETIC ALGORITHM FOR 3-D PROTEIN STRUCTURE PREDICTION PROBLEM;2;BIBLIOGRÁFICA;25;ARTIGO EM PERIÓDICO;1;BIBLIOGRAFICA - ARTIGO EM PERIÓDICO;80466;INTELIGENCIA ARTIFICIAL;98294;INTELIGÊNCIA ARTIFICIAL;387036;APRENDIZAGEM DE MAQUINA E METAHEURISTICAS ROBUSTAS PARA A PREDICAO DA ESTRUTURA 3D DE PROTEINAS;01JAN2012:00:00:00.000000;;01JAN2012:00:00:00.000000;;0
42001013004P4;COMPUTAÇÃO;UFRGS;UNIVERSIDADE FEDERAL DO RIO GRANDE DO SUL;2016;21036432;3845132;TEMPORAL NETWORK ANALYSIS OF LITERARY TEXTS;2;BIBLIOGRÁFICA;25;ARTIGO EM PERIÓDICO;1;BIBLIOGRAFICA - ARTIGO EM PERIÓDICO;80466;INTELIGENCIA ARTIFICIAL;98294;INTELIGÊNCIA ARTIFICIAL;;;01JAN2012:00:00:00.000000;;01JAN2012:00:00:00.000000;;0
42001013004P4;COMPUTAÇÃO;UFRGS;UNIVERSIDADE FEDERAL DO RIO GRANDE DO SUL;2016;21036291;3604647;INDEPENDENT COLOR-CHANNEL ADJUSTMENT FOR SEAMLESS CLONING BASED ON LAPLACIAN-MEMBRANE MODULATION;2;BIBLIOGRÁFICA;25;ARTIGO EM PERIÓDICO;1;BIBLIOGRAFICA - ARTIGO EM PERIÓDICO;80464;SISTEMAS DE COMPUTACAO;98293;COMPUTAÇÃO GRÁFICA, PROCESSAMENTO DE IMAGENS E INTERAÇÃO;;;01JAN2012:00:00:00.000000;;01JAN2012:00:00:00.000000;;0
42001013004P4;COMPUTAÇÃO;UFRGS;UNIVERSIDADE FEDERAL DO RIO GRANDE DO SUL;2016;21036287;3744867;IMPROVING BUSINESS PROCESS RETRIEVAL USING CATEGORIZATION AND MULTIMODAL SEARCH;2;BIBLIOGRÁFICA;25;ARTIGO EM PERIÓDICO;1;BIBLIOGRAFICA - ARTIGO EM PERIÓDICO;80465;SISTEMAS DE INFORMACAO;98295;MODELAGEM CONCEITUAL E BANCOS DE DADOS;;;01JAN2012:00:00:00.000000;;01JAN2012:00:00:00.000000;;0
42001013004P4;COMPUTAÇÃO;UFRGS;UNIVERSIDADE FEDERAL DO RIO GRANDE DO SUL;2016;21036418;3604727;SPATIAL SORTING: AN EFFICIENT STRATEGY FOR APPROXIMATE NEAREST NEIGHBOR SEARCHING;2;BIBLIOGRÁFICA;25;ARTIGO EM PERIÓDICO;1;BIBLIOGRAFICA - ARTIGO EM PERIÓDICO;80464;SISTEMAS DE COMPUTACAO;98293;COMPUTAÇÃO GRÁFICA, PROCESSAMENTO DE IMAGENS E INTERAÇÃO;;;01JAN2012:00:00:00.000000;;01JAN2012:00:00:00.000000;;0
42001013004P4;COMPUTAÇÃO;UFRGS;UNIVERSIDADE FEDERAL DO RIO GRANDE DO SUL;2016;21036381;4039275;PYLINGUISTICS: AN OPEN SOURCE LIBRARY FOR READABILITY ASSESSMENT OF TEXTS WRITTEN IN PORTUGUESE;2;BIBLIOGRÁFICA;25;ARTIGO EM PERIÓDICO;1;BIBLIOGRAFICA - ARTIGO EM PERIÓDICO;80465;SISTEMAS DE INFORMACAO;98295;MODELAGEM CONCEITUAL E BANCOS DE DADOS;;;01JAN2012:00:00:00.000000;;01JAN2012:00:00:00.000000;;0
42001013004P4;COMPUTAÇÃO;UFRGS;UNIVERSIDADE FEDERAL DO RIO GRANDE DO SUL;2016;21035668;3726835;A LAPAROSCOPY-BASED METHOD FOR BRDF ESTIMATION FROM IN VIVO HUMAN LIVER;2;BIBLIOGRÁFICA;25;ARTIGO EM PERIÓDICO;1;BIBLIOGRAFICA - ARTIGO EM PERIÓDICO;80464;SISTEMAS DE COMPUTACAO;98293;COMPUTAÇÃO GRÁFICA, PROCESSAMENTO DE IMAGENS E INTERAÇÃO;342182;SIMULACAO INDIVIDUALIZADA DE PROCEDIMENTOS CIRURGICOS MINIMAMENTE INVASIVOS;01JAN2012:00:00:00.000000;;01JAN2012:00:00:00.000000;;0
42001013004P4;COMPUTAÇÃO;UFRGS;UNIVERSIDADE FEDERAL DO RIO GRANDE DO SUL;2016;21036465;3665563;USING INFORMATION RETRIEVAL FOR SENTIMENT POLARITY PREDICTION;2;BIBLIOGRÁFICA;25;ARTIGO EM PERIÓDICO;1;BIBLIOGRAFICA - ARTIGO EM PERIÓDICO;80465;SISTEMAS DE INFORMACAO;98295;MODELAGEM CONCEITUAL E BANCOS DE DADOS;;;01JAN2012:00:00:00.000000;;01JAN2012:00:00:00.000000;;0
42001013004P4;COMPUTAÇÃO;UFRGS;UNIVERSIDADE FEDERAL DO RIO GRANDE DO SUL;2016;21036351;3663774;NIAS-SERVER: NEIGHBORS INFLUENCE OF AMINO ACIDS AND SECONDARY STRUCTURES IN PROTEINS;2;BIBLIOGRÁFICA;25;ARTIGO EM PERIÓDICO;1;BIBLIOGRAFICA - ARTIGO EM PERIÓDICO;80466;INTELIGENCIA ARTIFICIAL;98294;INTELIGÊNCIA ARTIFICIAL;387036;APRENDIZAGEM DE MAQUINA E METAHEURISTICAS ROBUSTAS PARA A PREDICAO DA ESTRUTURA 3D DE PROTEINAS;01JAN2012:00:00:00.000000;;01JAN2012:00:00:00.000000;;0
42001013004P4;COMPUTAÇÃO;UFRGS;UNIVERSIDADE FEDERAL DO RIO GRANDE DO SUL;2016;21036376;3661887;PRESERVING GEOMETRY AND TOPOLOGY FOR FLUID FLOWS WITH THIN OBSTACLES AND NARROW GAPS;2;BIBLIOGRÁFICA;25;ARTIGO EM PERIÓDICO;1;BIBLIOGRAFICA - ARTIGO EM PERIÓDICO;80464;SISTEMAS DE COMPUTACAO;98293;COMPUTAÇÃO GRÁFICA, PROCESSAMENTO DE IMAGENS E INTERAÇÃO;;;01JAN2012:00:00:00.000000;;01JAN2012:00:00:00.000000;;0
42001013004P4;COMPUTAÇÃO;UFRGS;UNIVERSIDADE FEDERAL DO RIO GRANDE DO SUL;2016;21036434;3660875;THE COST OF SEARCH AND EVALUATION IN ONLINE PROBLEM-SOLVING SOCIAL NETWORKS WITH FINANCIAL AND NON-FINANCIAL INCENTIVES;2;BIBLIOGRÁFICA;25;ARTIGO EM PERIÓDICO;1;BIBLIOGRAFICA - ARTIGO EM PERIÓDICO;80466;INTELIGENCIA ARTIFICIAL;98294;INTELIGÊNCIA ARTIFICIAL;;;01JAN2012:00:00:00.000000;;01JAN2012:00:00:00.000000;;0
42001013004P4;COMPUTAÇÃO;UFRGS;UNIVERSIDADE FEDERAL DO RIO GRANDE DO SUL;2016;21036201;3664212;CELL-INTERNAL ELECTROMIGRATION: ANALYSIS AND PIN PLACEMENT BASED OPTIMIZATION;2;BIBLIOGRÁFICA;25;ARTIGO EM PERIÓDICO;1;BIBLIOGRAFICA - ARTIGO EM PERIÓDICO;80462;ENGENHARIA DA COMPUTAÇÃO;98288;MICROELETRÔNICA;;;01JAN2012:00:00:00.000000;;01JAN2012:00:00:00.000000;;0
42001013004P4;COMPUTAÇÃO;UFRGS;UNIVERSIDADE FEDERAL DO RIO GRANDE DO SUL;2016;21036174;3864452;AN EXPERIMENT ON AN ONTOLOGY-BASED SUPPORT APPROACH FOR PROCESS MODELING;2;BIBLIOGRÁFICA;25;ARTIGO EM PERIÓDICO;1;BIBLIOGRAFICA - ARTIGO EM PERIÓDICO;80465;SISTEMAS DE INFORMACAO;98295;MODELAGEM CONCEITUAL E BANCOS DE DADOS;;;01JAN2012:00:00:00.000000;;01JAN2012:00:00:00.000000;;0
42001013004P4;COMPUTAÇÃO;UFRGS;UNIVERSIDADE FEDERAL DO RIO GRANDE DO SUL;2016;21036205;3603423;COLLABORATIVE 3D MANIPULATION USING MOBILE PHONES;2;BIBLIOGRÁFICA;8;TRABALHO EM ANAIS;3;BIBLIOGRAFICA - TRABALHO EM ANAIS;80464;SISTEMAS DE COMPUTACAO;98293;COMPUTAÇÃO GRÁFICA, PROCESSAMENTO DE IMAGENS E INTERAÇÃO;;;01JAN2012:00:00:00.000000;;01JAN2012:00:00:00.000000;;0
42001013004P4;COMPUTAÇÃO;UFRGS;UNIVERSIDADE FEDERAL DO RIO GRANDE DO SUL;2016;21036238;3636793;CRAWLING BY READABILITY LEVEL;2;BIBLIOGRÁFICA;8;TRABALHO EM ANAIS;3;BIBLIOGRAFICA - TRABALHO EM ANAIS;80466;INTELIGENCIA ARTIFICIAL;98294;INTELIGÊNCIA ARTIFICIAL;;;01JAN2012:00:00:00.000000;;01JAN2012:00:00:00.000000;;0
42001013004P4;COMPUTAÇÃO;UFRGS;UNIVERSIDADE FEDERAL DO RIO GRANDE DO SUL;2016;21036352;3604587;OIL TRANSPORTATION: APPLIED MODEL FOR A TANKER SCHEDULING PROBLEM;2;BIBLIOGRÁFICA;8;TRABALHO EM ANAIS;3;BIBLIOGRAFICA - TRABALHO EM ANAIS;80463;INFORMATICA TEORICA;98297;FUNDAMENTOS DA COMPUTAÇÃO;342918;RESOLUÇÃO DE PROBLEMAS DE OTIMIZAÇÃO COMBINATÓRIA;01JAN2012:00:00:00.000000;;01JAN2012:00:00:00.000000;;0
42001013004P4;COMPUTAÇÃO;UFRGS;UNIVERSIDADE FEDERAL DO RIO GRANDE DO SUL;2016;21036180;3636636;ANSWER: COMBINING NFV AND SDN FEATURES FOR NETWORK RESILIENCE STRATEGIES;2;BIBLIOGRÁFICA;8;TRABALHO EM ANAIS;3;BIBLIOGRAFICA - TRABALHO EM ANAIS;80464;SISTEMAS DE COMPUTACAO;98291;REDES DE COMPUTADORES;342912;SDN-MAN - GERENCIAMENTO DE REDES DEFINIDAS POR SOFTWARE;01JAN2012:00:00:00.000000;;01JAN2012:00:00:00.000000;;0
42001013004P4;COMPUTAÇÃO;UFRGS;UNIVERSIDADE FEDERAL DO RIO GRANDE DO SUL;2016;21036272;4040003;HIERARCHY-BASED MONITORING OF VEHICULAR DELAY-TOLERANT NETWORKS;2;BIBLIOGRÁFICA;8;TRABALHO EM ANAIS;3;BIBLIOGRAFICA - TRABALHO EM ANAIS;80464;SISTEMAS DE COMPUTACAO;98291;REDES DE COMPUTADORES;;;01JAN2012:00:00:00.000000;;01JAN2012:00:00:00.000000;;0
42001013004P4;COMPUTAÇÃO;UFRGS;UNIVERSIDADE FEDERAL DO RIO GRANDE DO SUL;2016;21036385;3659545;REASONING ON UNCERTAINTY IN SMART ENVIRONMENTS;2;BIBLIOGRÁFICA;8;TRABALHO EM ANAIS;3;BIBLIOGRAFICA - TRABALHO EM ANAIS;80465;SISTEMAS DE INFORMACAO;98295;MODELAGEM CONCEITUAL E BANCOS DE DADOS;;;01JAN2012:00:00:00.000000;;01JAN2012:00:00:00.000000;;0
42001013004P4;COMPUTAÇÃO;UFRGS;UNIVERSIDADE FEDERAL DO RIO GRANDE DO SUL;2016;21036419;3659739;SPEAKING HAPTICS: PROACTIVE HAPTIC ARTICULATION FOR INTERCOMMUNICATION IN VIRTUAL ENVIRONMENTS;2;BIBLIOGRÁFICA;8;TRABALHO EM ANAIS;3;BIBLIOGRAFICA - TRABALHO EM ANAIS;80464;SISTEMAS DE COMPUTACAO;98293;COMPUTAÇÃO GRÁFICA, PROCESSAMENTO DE IMAGENS E INTERAÇÃO;;;01JAN2012:00:00:00.000000;;01JAN2012:00:00:00.000000;;0
42001013004P4;COMPUTAÇÃO;UFRGS;UNIVERSIDADE FEDERAL DO RIO GRANDE DO SUL;2016;21036400;3641468;SEARCHING WITH A CORRUPTED HEURISTIC;2;BIBLIOGRÁFICA;8;TRABALHO EM ANAIS;3;BIBLIOGRAFICA - TRABALHO EM ANAIS;80462;ENGENHARIA DA COMPUTAÇÃO;98299;SISTEMAS EMBARCADOS;;;01JAN2012:00:00:00.000000;;01JAN2012:00:00:00.000000;;0
42001013004P4;COMPUTAÇÃO;UFRGS;UNIVERSIDADE FEDERAL DO RIO GRANDE DO SUL;2016;21036441;4277846;THERMAL OPTIMIZATION USING ADAPTIVE APPROXIMATE COMPUTING FOR VIDEO CODING;2;BIBLIOGRÁFICA;8;TRABALHO EM ANAIS;3;BIBLIOGRAFICA - TRABALHO EM ANAIS;80462;ENGENHARIA DA COMPUTAÇÃO;98288;MICROELETRÔNICA;;;01JAN2012:00:00:00.000000;;01JAN2012:00:00:00.000000;;0
42001013004P4;COMPUTAÇÃO;UFRGS;UNIVERSIDADE FEDERAL DO RIO GRANDE DO SUL;2016;21036158;4036264;A PRACTICAL STUDY ON WCET ESTIMATION ON MULTICORE PROCESSORS FOR AVIONICS APPLICATIONS;2;BIBLIOGRÁFICA;8;TRABALHO EM ANAIS;3;BIBLIOGRAFICA - TRABALHO EM ANAIS;80462;ENGENHARIA DA COMPUTAÇÃO;98289;ARQUITETURA E PROJETO DE SISTEMAS COMPUTACIONAIS;342482;DESENVOLVIMENTO DE PLATAFORMAS ELETRÔNICAS PARA UTILIZAÇÃO EM SISTEMAS AEROESPACIAIS;01JAN2012:00:00:00.000000;;01JAN2012:00:00:00.000000;;0
42001013004P4;COMPUTAÇÃO;UFRGS;UNIVERSIDADE FEDERAL DO RIO GRANDE DO SUL;2016;21036175;3872201;AN HEURISTICS-BASED, WEAKLY-SUPERVISED APPROACH FOR CLASSIFICATION OF STANCE IN TWEETS;2;BIBLIOGRÁFICA;8;TRABALHO EM ANAIS;3;BIBLIOGRAFICA - TRABALHO EM ANAIS;80465;SISTEMAS DE INFORMACAO;98296;ENGENHARIA DE SOFTWARE;342746;SENTI-OBSERVER : ANALISE DE SENTIMENTOS BASEADA NO PONTO DE VISTA DO OBSERVADOR;01JAN2012:00:00:00.000000;;01JAN2012:00:00:00.000000;;0
42001013004P4;COMPUTAÇÃO;UFRGS;UNIVERSIDADE FEDERAL DO RIO GRANDE DO SUL;2016;21036163;3947594;A SHARING-AWARE MEMORY MANAGEMENT UNIT FOR ONLINE MAPPING IN MULTI-CORE ARCHITECTURES;2;BIBLIOGRÁFICA;8;TRABALHO EM ANAIS;3;BIBLIOGRAFICA - TRABALHO EM ANAIS;80464;SISTEMAS DE COMPUTACAO;98290;PROCESSAMENTO PARALELO E DISTRIBUÍDO;244217;EXASCALE COMPUTING DESEMPENHO VERSUS CONSUMO ENERGÉTICO, UM DESAFIO PARA ARQUITETURA E PROGRAMAÇÃO PARALELA;01JAN2012:00:00:00.000000;;01JAN2012:00:00:00.000000;;0
42001013004P4;COMPUTAÇÃO;UFRGS;UNIVERSIDADE FEDERAL DO RIO GRANDE DO SUL;2016;21036284;4015100;IMPLEMENTAÇÃO DE BAIXA LATÊNCIA DO MODELO SIMPLES DE IZHIKEVICH EM FPGA;2;BIBLIOGRÁFICA;8;TRABALHO EM ANAIS;3;BIBLIOGRAFICA - TRABALHO EM ANAIS;80462;ENGENHARIA DA COMPUTAÇÃO;98288;MICROELETRÔNICA;;;01JAN2012:00:00:00.000000;;01JAN2012:00:00:00.000000;;0
42001013004P4;COMPUTAÇÃO;UFRGS;UNIVERSIDADE FEDERAL DO RIO GRANDE DO SUL;2016;21036342;3658272;MULIT-HOP COOPERATIVE XIXO TRANSMISSION SCHEME FOR DELAY TOLERANT WIRELESS SENSOR NETWORKS;2;BIBLIOGRÁFICA;8;TRABALHO EM ANAIS;3;BIBLIOGRAFICA - TRABALHO EM ANAIS;80464;SISTEMAS DE COMPUTACAO;98291;REDES DE COMPUTADORES;350436;REDES DE COMUNICAÇÃO BASEADAS EM COMUTADORES AÉREOS MÓVEIS PARA EMPREGO EM APLICAÇÕES CRÍTICAS;01JAN2012:00:00:00.000000;;01JAN2012:00:00:00.000000;;0
42001013004P4;COMPUTAÇÃO;UFRGS;UNIVERSIDADE FEDERAL DO RIO GRANDE DO SUL;2016;21035665;3604588;A FIX-AND-OPTIMIZE HEURISTIC APPLIED TO THE NURSE ROSTERING PROBLEM;2;BIBLIOGRÁFICA;8;TRABALHO EM ANAIS;3;BIBLIOGRAFICA - TRABALHO EM ANAIS;80463;INFORMATICA TEORICA;98297;FUNDAMENTOS DA COMPUTAÇÃO;342918;RESOLUÇÃO DE PROBLEMAS DE OTIMIZAÇÃO COMBINATÓRIA;01JAN2012:00:00:00.000000;;01JAN2012:00:00:00.000000;;0
42001013004P4;COMPUTAÇÃO;UFRGS;UNIVERSIDADE FEDERAL DO RIO GRANDE DO SUL;2016;21036245;3638321;EFFICIENT LOCAL SEARCH IN TRAFFIC ASSIGNMENT;2;BIBLIOGRÁFICA;8;TRABALHO EM ANAIS;3;BIBLIOGRAFICA - TRABALHO EM ANAIS;80466;INTELIGENCIA ARTIFICIAL;98294;INTELIGÊNCIA ARTIFICIAL;342137;INVESTIGAÇÃO SOBRE A RELAÇÃO ENTRE COMUNICAÇÃO INTER-VEICULAR E EFICIÊNCIA NO TRÂNSITO;01JAN2012:00:00:00.000000;;01JAN2012:00:00:00.000000;;0
42001013004P4;COMPUTAÇÃO;UFRGS;UNIVERSIDADE FEDERAL DO RIO GRANDE DO SUL;2016;21036357;3851361;ON THE USE OF CALIBRATION FOR PEDESTRIAN DETECTION IN ON-BOARD VEHICULAR CAMERAS;2;BIBLIOGRÁFICA;8;TRABALHO EM ANAIS;3;BIBLIOGRAFICA - TRABALHO EM ANAIS;80464;SISTEMAS DE COMPUTACAO;98293;COMPUTAÇÃO GRÁFICA, PROCESSAMENTO DE IMAGENS E INTERAÇÃO;212824;VIGILÂNCIA ELETRÔNICA USANDO VISÃO COMPUTACIONAL;01JAN2012:00:00:00.000000;;01JAN2012:00:00:00.000000;;0
42001013004P4;COMPUTAÇÃO;UFRGS;UNIVERSIDADE FEDERAL DO RIO GRANDE DO SUL;2016;21036444;3947641;TOWARDS WEATHER FORECASTING IN THE CLOUD;2;BIBLIOGRÁFICA;8;TRABALHO EM ANAIS;3;BIBLIOGRAFICA - TRABALHO EM ANAIS;80464;SISTEMAS DE COMPUTACAO;98290;PROCESSAMENTO PARALELO E DISTRIBUÍDO;;;01JAN2012:00:00:00.000000;;01JAN2012:00:00:00.000000;;0
42001013004P4;COMPUTAÇÃO;UFRGS;UNIVERSIDADE FEDERAL DO RIO GRANDE DO SUL;2016;21036179;3947580;ANALYZING AND IMPROVING MEMORY ACCESS PATTERNS OF LARGE IRREGULAR APPLICATIONS ON NUMA MACHINES;2;BIBLIOGRÁFICA;8;TRABALHO EM ANAIS;3;BIBLIOGRAFICA - TRABALHO EM ANAIS;80464;SISTEMAS DE COMPUTACAO;98290;PROCESSAMENTO PARALELO E DISTRIBUÍDO;;;01JAN2012:00:00:00.000000;;01JAN2012:00:00:00.000000;;0
42001013004P4;COMPUTAÇÃO;UFRGS;UNIVERSIDADE FEDERAL DO RIO GRANDE DO SUL;2016;21036388;3921048;RELIABILITY ANALYSIS OF MODERN HPC PARALLEL ACCELERATORS;2;BIBLIOGRÁFICA;8;TRABALHO EM ANAIS;3;BIBLIOGRAFICA - TRABALHO EM ANAIS;80464;SISTEMAS DE COMPUTACAO;98290;PROCESSAMENTO PARALELO E DISTRIBUÍDO;386995;HPC4E - HIGH PERFORMANCE COMPUTING FOR ENERGY;01JAN2012:00:00:00.000000;;01JAN2012:00:00:00.000000;;0
42001013004P4;COMPUTAÇÃO;UFRGS;UNIVERSIDADE FEDERAL DO RIO GRANDE DO SUL;2016;21036387;3683676;REFINAMENTO DE COMPETÊNCIAS DO EGRESSO DO CURSO DE ENGENHARIA DE SOFTWARE;2;BIBLIOGRÁFICA;8;TRABALHO EM ANAIS;3;BIBLIOGRAFICA - TRABALHO EM ANAIS;80465;SISTEMAS DE INFORMACAO;98296;ENGENHARIA DE SOFTWARE;;;01JAN2012:00:00:00.000000;;01JAN2012:00:00:00.000000;;0
42001013004P4;COMPUTAÇÃO;UFRGS;UNIVERSIDADE FEDERAL DO RIO GRANDE DO SUL;2016;21036262;4012714;FINFET CELLS WITH DIFFERENT TRANSISTOR SIZING TECHNIQUES AGAINST PVT VARIATIONS;2;BIBLIOGRÁFICA;8;TRABALHO EM ANAIS;3;BIBLIOGRAFICA - TRABALHO EM ANAIS;80462;ENGENHARIA DA COMPUTAÇÃO;98288;MICROELETRÔNICA;;;01JAN2012:00:00:00.000000;;01JAN2012:00:00:00.000000;;0
42001013004P4;COMPUTAÇÃO;UFRGS;UNIVERSIDADE FEDERAL DO RIO GRANDE DO SUL;2016;21036241;3872202;DETECÇÃO SEMI-SUPERVISIONADA DE POSICIONAMENTO EM TWEETS BASEADA EM REGRAS DE SENTIMENTO;2;BIBLIOGRÁFICA;8;TRABALHO EM ANAIS;3;BIBLIOGRAFICA - TRABALHO EM ANAIS;80465;SISTEMAS DE INFORMACAO;98296;ENGENHARIA DE SOFTWARE;342746;SENTI-OBSERVER : ANALISE DE SENTIMENTOS BASEADA NO PONTO DE VISTA DO OBSERVADOR;01JAN2012:00:00:00.000000;;01JAN2012:00:00:00.000000;;0
42001013004P4;COMPUTAÇÃO;UFRGS;UNIVERSIDADE FEDERAL DO RIO GRANDE DO SUL;2016;21036286;3660138;IMPROVED HEURISTIC AND TIE-BREAKING FOR OPTIMALLY SOLVING SOKOBAN;2;BIBLIOGRÁFICA;8;TRABALHO EM ANAIS;3;BIBLIOGRAFICA - TRABALHO EM ANAIS;80463;INFORMATICA TEORICA;98297;FUNDAMENTOS DA COMPUTAÇÃO;342918;RESOLUÇÃO DE PROBLEMAS DE OTIMIZAÇÃO COMBINATÓRIA;01JAN2012:00:00:00.000000;;01JAN2012:00:00:00.000000;;0
42001013004P4;COMPUTAÇÃO;UFRGS;UNIVERSIDADE FEDERAL DO RIO GRANDE DO SUL;2016;21036159;3644613;A PREAMBLE AHEAD ANYCAST PROTOCOL FOR WSNS;2;BIBLIOGRÁFICA;8;TRABALHO EM ANAIS;3;BIBLIOGRAFICA - TRABALHO EM ANAIS;80464;SISTEMAS DE COMPUTACAO;98291;REDES DE COMPUTADORES;350436;REDES DE COMUNICAÇÃO BASEADAS EM COMUTADORES AÉREOS MÓVEIS PARA EMPREGO EM APLICAÇÕES CRÍTICAS;01JAN2012:00:00:00.000000;;01JAN2012:00:00:00.000000;;0
42001013004P4;COMPUTAÇÃO;UFRGS;UNIVERSIDADE FEDERAL DO RIO GRANDE DO SUL;2016;21035657;3663839;A BI-OBJECTIVE METHOD OF TRAFFIC ASSIGNMENT FOR ELECTRIC VEHICLES;2;BIBLIOGRÁFICA;8;TRABALHO EM ANAIS;3;BIBLIOGRAFICA - TRABALHO EM ANAIS;80466;INTELIGENCIA ARTIFICIAL;98294;INTELIGÊNCIA ARTIFICIAL;;;01JAN2012:00:00:00.000000;;01JAN2012:00:00:00.000000;;0
42001013004P4;COMPUTAÇÃO;UFRGS;UNIVERSIDADE FEDERAL DO RIO GRANDE DO SUL;2016;21036229;3660295;CONTANDO OS SEGUNDOS: AVALIAÇÃO DE ESTRATÉGIAS DE DOMÍNIO TEMPORAL PARA A GERÊNCIA DE REGRAS EM REDES SDN;2;BIBLIOGRÁFICA;8;TRABALHO EM ANAIS;3;BIBLIOGRAFICA - TRABALHO EM ANAIS;80464;SISTEMAS DE COMPUTACAO;98291;REDES DE COMPUTADORES;;;01JAN2012:00:00:00.000000;;01JAN2012:00:00:00.000000;;0
42001013004P4;COMPUTAÇÃO;UFRGS;UNIVERSIDADE FEDERAL DO RIO GRANDE DO SUL;2016;21036346;3603395;MULTIWORD EXPRESSIONS IN CHILD LANGUAGE;2;BIBLIOGRÁFICA;8;TRABALHO EM ANAIS;3;BIBLIOGRAFICA - TRABALHO EM ANAIS;80466;INTELIGENCIA ARTIFICIAL;98294;INTELIGÊNCIA ARTIFICIAL;;;01JAN2012:00:00:00.000000;;01JAN2012:00:00:00.000000;;0
42001013004P4;COMPUTAÇÃO;UFRGS;UNIVERSIDADE FEDERAL DO RIO GRANDE DO SUL;2016;21036242;3659725;DO NOT GUESS IT, JUST FEEL IT: EXPERIENCING VIBROTACTILE GUIDANCE ON A HEAD-MOUNTED DISPLAY;2;BIBLIOGRÁFICA;8;TRABALHO EM ANAIS;3;BIBLIOGRAFICA - TRABALHO EM ANAIS;80464;SISTEMAS DE COMPUTACAO;98293;COMPUTAÇÃO GRÁFICA, PROCESSAMENTO DE IMAGENS E INTERAÇÃO;;;01JAN2012:00:00:00.000000;;01JAN2012:00:00:00.000000;;0
42001013004P4;COMPUTAÇÃO;UFRGS;UNIVERSIDADE FEDERAL DO RIO GRANDE DO SUL;2016;21036458;3640267;UMA ARQUITETURA PARA IOT DIRECIONADA À CIÊNCIA DO CONTEXTO BASEADA EM EVENTOS DISTRIBUÍDOS;2;BIBLIOGRÁFICA;8;TRABALHO EM ANAIS;3;BIBLIOGRAFICA - TRABALHO EM ANAIS;80464;SISTEMAS DE COMPUTACAO;98290;PROCESSAMENTO PARALELO E DISTRIBUÍDO;342283;UBIARCH - UBIQUITOUS ARCHITECTURE FOR CONTEXT MANAGEMENT AND APPLICATION DEVELOPMENT;01JAN2012:00:00:00.000000;;01JAN2012:00:00:00.000000;;0
42001013004P4;COMPUTAÇÃO;UFRGS;UNIVERSIDADE FEDERAL DO RIO GRANDE DO SUL;2016;21036232;4031288;CONTROL PLATFORM FOR MULTIPLE UNMANNED AERIAL VEHICLES;2;BIBLIOGRÁFICA;8;TRABALHO EM ANAIS;3;BIBLIOGRAFICA - TRABALHO EM ANAIS;80462;ENGENHARIA DA COMPUTAÇÃO;98289;ARQUITETURA E PROJETO DE SISTEMAS COMPUTACIONAIS;342482;DESENVOLVIMENTO DE PLATAFORMAS ELETRÔNICAS PARA UTILIZAÇÃO EM SISTEMAS AEROESPACIAIS;01JAN2012:00:00:00.000000;;01JAN2012:00:00:00.000000;;0
42001013004P4;COMPUTAÇÃO;UFRGS;UNIVERSIDADE FEDERAL DO RIO GRANDE DO SUL;2016;21036337;3660432;MODELAGEM E ANÁLISE DE CONFORMIDADE DO PROCESSO DE ATRACAMENTO MOLECULAR;2;BIBLIOGRÁFICA;8;TRABALHO EM ANAIS;3;BIBLIOGRAFICA - TRABALHO EM ANAIS;80466;INTELIGENCIA ARTIFICIAL;98294;INTELIGÊNCIA ARTIFICIAL;387036;APRENDIZAGEM DE MAQUINA E METAHEURISTICAS ROBUSTAS PARA A PREDICAO DA ESTRUTURA 3D DE PROTEINAS;01JAN2012:00:00:00.000000;;01JAN2012:00:00:00.000000;;0
42001013004P4;COMPUTAÇÃO;UFRGS;UNIVERSIDADE FEDERAL DO RIO GRANDE DO SUL;2016;21036157;3636579;A ONE-CLASS NIDS FOR SDN-BASED SCADA SYSTEMS;2;BIBLIOGRÁFICA;8;TRABALHO EM ANAIS;3;BIBLIOGRAFICA - TRABALHO EM ANAIS;80464;SISTEMAS DE COMPUTACAO;98291;REDES DE COMPUTADORES;301591;PROSEG - SEGURANÇA DA INFORMAÇÃO, PROTEÇÃO E RESILIÊNCIA EM SMART GRIDS;01JAN2012:00:00:00.000000;;01JAN2012:00:00:00.000000;;0
42001013004P4;COMPUTAÇÃO;UFRGS;UNIVERSIDADE FEDERAL DO RIO GRANDE DO SUL;2016;21036167;3663915;A STUDY OF THE AUTOMATIC DESIGN OF HEURISTICS FOR BINARY QUADRATIC PROGRAMMING;2;BIBLIOGRÁFICA;8;TRABALHO EM ANAIS;3;BIBLIOGRAFICA - TRABALHO EM ANAIS;80463;INFORMATICA TEORICA;98297;FUNDAMENTOS DA COMPUTAÇÃO;342928;NOVOS MÉTODOS PARA OTIMIZAÇÃO DE LINHAS DE PRODUÇÃO;01JAN2012:00:00:00.000000;;01JAN2012:00:00:00.000000;;0
42001013004P4;COMPUTAÇÃO;UFRGS;UNIVERSIDADE FEDERAL DO RIO GRANDE DO SUL;2016;21036347;3638139;MWE-AWARE CORPUS PROCESSING WITH THE MWETOOLKIT AND WORD EMBEDDINGS;2;BIBLIOGRÁFICA;8;TRABALHO EM ANAIS;3;BIBLIOGRAFICA - TRABALHO EM ANAIS;80466;INTELIGENCIA ARTIFICIAL;98294;INTELIGÊNCIA ARTIFICIAL;;;01JAN2012:00:00:00.000000;;01JAN2012:00:00:00.000000;;0
42001013004P4;COMPUTAÇÃO;UFRGS;UNIVERSIDADE FEDERAL DO RIO GRANDE DO SUL;2016;21036466;4022071;USING SEMANTIC WEB TECHNOLOGIES TO DESCRIBE AN EDUCATIONAL DOMAIN;2;BIBLIOGRÁFICA;8;TRABALHO EM ANAIS;3;BIBLIOGRAFICA - TRABALHO EM ANAIS;80466;INTELIGENCIA ARTIFICIAL;98294;INTELIGÊNCIA ARTIFICIAL;;;01JAN2012:00:00:00.000000;;01JAN2012:00:00:00.000000;;0
42001013004P4;COMPUTAÇÃO;UFRGS;UNIVERSIDADE FEDERAL DO RIO GRANDE DO SUL;2016;21036266;4814611;GEOMETRIC VARIABILITY IMPACT ON 7NM TRIGATE COMBINATIONAL CELLS;2;BIBLIOGRÁFICA;8;TRABALHO EM ANAIS;3;BIBLIOGRAFICA - TRABALHO EM ANAIS;80462;ENGENHARIA DA COMPUTAÇÃO;98288;MICROELETRÔNICA;;;01JAN2012:00:00:00.000000;;01JAN2012:00:00:00.000000;;0
42001013004P4;COMPUTAÇÃO;UFRGS;UNIVERSIDADE FEDERAL DO RIO GRANDE DO SUL;2016;21036168;3663840;A TABU SEARCH FOR THE PARALLEL MACHINES JOB-SHOP SCHEDULING PROBLEM;2;BIBLIOGRÁFICA;8;TRABALHO EM ANAIS;3;BIBLIOGRAFICA - TRABALHO EM ANAIS;80463;INFORMATICA TEORICA;98297;FUNDAMENTOS DA COMPUTAÇÃO;342928;NOVOS MÉTODOS PARA OTIMIZAÇÃO DE LINHAS DE PRODUÇÃO;01JAN2012:00:00:00.000000;;01JAN2012:00:00:00.000000;;0
42001013004P4;COMPUTAÇÃO;UFRGS;UNIVERSIDADE FEDERAL DO RIO GRANDE DO SUL;2016;21036459;3851103;UNDERSTANDING INTERACTIVE DEBUGGING WITH SWARM DEBUG INFRASTRUCTURE;2;BIBLIOGRÁFICA;8;TRABALHO EM ANAIS;3;BIBLIOGRAFICA - TRABALHO EM ANAIS;80465;SISTEMAS DE INFORMACAO;98296;ENGENHARIA DE SOFTWARE;;;01JAN2012:00:00:00.000000;;01JAN2012:00:00:00.000000;;0
42001013004P4;COMPUTAÇÃO;UFRGS;UNIVERSIDADE FEDERAL DO RIO GRANDE DO SUL;2016;21036204;3636654;COLETA E ANÁLISE DE CARACTERÍSTICAS DE FLUXO PARA CLASSIFICAÇÃO DE TRÁFEGO EM REDES DEFINIDAS POR SOFTWARE;2;BIBLIOGRÁFICA;8;TRABALHO EM ANAIS;3;BIBLIOGRAFICA - TRABALHO EM ANAIS;80464;SISTEMAS DE COMPUTACAO;98291;REDES DE COMPUTADORES;301591;PROSEG - SEGURANÇA DA INFORMAÇÃO, PROTEÇÃO E RESILIÊNCIA EM SMART GRIDS;01JAN2012:00:00:00.000000;;01JAN2012:00:00:00.000000;;0
42001013004P4;COMPUTAÇÃO;UFRGS;UNIVERSIDADE FEDERAL DO RIO GRANDE DO SUL;2016;21036277;3663832;IDENTIFICAÇÃO DE PADRÕES CONFORMACIONAIS EM ESTRUTURAS EXPERIMENTAIS E PROJETO DE META-HEURÍSTICAS PARA A PREDIÇÃO DA ESTRUTURA TRIDIMENSIONAL DE PROTEÍNAS;2;BIBLIOGRÁFICA;8;TRABALHO EM ANAIS;3;BIBLIOGRAFICA - TRABALHO EM ANAIS;80466;INTELIGENCIA ARTIFICIAL;98294;INTELIGÊNCIA ARTIFICIAL;387036;APRENDIZAGEM DE MAQUINA E METAHEURISTICAS ROBUSTAS PARA A PREDICAO DA ESTRUTURA 3D DE PROTEINAS;01JAN2012:00:00:00.000000;;01JAN2012:00:00:00.000000;;0
42001013004P4;COMPUTAÇÃO;UFRGS;UNIVERSIDADE FEDERAL DO RIO GRANDE DO SUL;2016;21036440;4122012;THE POTENTIAL OF ACCELERATING IMAGE-PROCESSING APPLICATIONS BY USING APPROXIMATE FUNCTION REUSE;2;BIBLIOGRÁFICA;8;TRABALHO EM ANAIS;3;BIBLIOGRAFICA - TRABALHO EM ANAIS;80462;ENGENHARIA DA COMPUTAÇÃO;98299;SISTEMAS EMBARCADOS;;;01JAN2012:00:00:00.000000;;01JAN2012:00:00:00.000000;;0
42001013004P4;COMPUTAÇÃO;UFRGS;UNIVERSIDADE FEDERAL DO RIO GRANDE DO SUL;2016;21036165;3640265;A SITUATION-AWARE PERVASIVE APPROACH FOR ASSESSING THERAPEUTIC GOALS IN HEALTHCARE ENVIRONMENT;2;BIBLIOGRÁFICA;8;TRABALHO EM ANAIS;3;BIBLIOGRAFICA - TRABALHO EM ANAIS;80464;SISTEMAS DE COMPUTACAO;98290;PROCESSAMENTO PARALELO E DISTRIBUÍDO;;;01JAN2012:00:00:00.000000;;01JAN2012:00:00:00.000000;;0
42001013004P4;COMPUTAÇÃO;UFRGS;UNIVERSIDADE FEDERAL DO RIO GRANDE DO SUL;2016;21036395;3638532;RUN-TIME PHASE PREDICTION FOR A RECONFIGURABLE VLIW PROCESSOR;2;BIBLIOGRÁFICA;8;TRABALHO EM ANAIS;3;BIBLIOGRAFICA - TRABALHO EM ANAIS;80462;ENGENHARIA DA COMPUTAÇÃO;98299;SISTEMAS EMBARCADOS;;;01JAN2012:00:00:00.000000;;01JAN2012:00:00:00.000000;;0
42001013004P4;COMPUTAÇÃO;UFRGS;UNIVERSIDADE FEDERAL DO RIO GRANDE DO SUL;2016;21036312;3738132;LOW COST RESILIENT REGULAR EXPRESSION MATCHING ON FPGAS;2;BIBLIOGRÁFICA;8;TRABALHO EM ANAIS;3;BIBLIOGRAFICA - TRABALHO EM ANAIS;80462;ENGENHARIA DA COMPUTAÇÃO;98299;SISTEMAS EMBARCADOS;386889;MECANISMOS DE TOLERÂNCIA A FALHAS PARA DISPOSITIVOS DE REDES E DE COMUNICAÇÃO EM FPGAS;01JAN2012:00:00:00.000000;;01JAN2012:00:00:00.000000;;0
42001013004P4;COMPUTAÇÃO;UFRGS;UNIVERSIDADE FEDERAL DO RIO GRANDE DO SUL;2016;21036171;4277521;ADJUSTING VIDEO TILING TO AVAILABLE RESOURCES IN A PER-FRAME BASIS IN HIGH EFFICIENCY VIDEO CODING;2;BIBLIOGRÁFICA;8;TRABALHO EM ANAIS;3;BIBLIOGRAFICA - TRABALHO EM ANAIS;80462;ENGENHARIA DA COMPUTAÇÃO;98288;MICROELETRÔNICA;;;01JAN2012:00:00:00.000000;;01JAN2012:00:00:00.000000;;0
42001013004P4;COMPUTAÇÃO;UFRGS;UNIVERSIDADE FEDERAL DO RIO GRANDE DO SUL;2016;21036292;3659498;INF-UFRGS-OPINION-MINING AT SEMEVAL-2016 TASK 6: AUTOMATIC GENERATION OF A TRAINING CORPUS FOR UNSUPERVISED IDENTIFICATION OF STANCE IN TWEETS;2;BIBLIOGRÁFICA;8;TRABALHO EM ANAIS;3;BIBLIOGRAFICA - TRABALHO EM ANAIS;80465;SISTEMAS DE INFORMACAO;98296;ENGENHARIA DE SOFTWARE;342746;SENTI-OBSERVER : ANALISE DE SENTIMENTOS BASEADA NO PONTO DE VISTA DO OBSERVADOR;01JAN2012:00:00:00.000000;;01JAN2012:00:00:00.000000;;0
42001013004P4;COMPUTAÇÃO;UFRGS;UNIVERSIDADE FEDERAL DO RIO GRANDE DO SUL;2016;21036438;3604544;THE MULTI-DEPOT VEHICLE ROUTING PROBLEM WITH TIME WINDOWS;2;BIBLIOGRÁFICA;8;TRABALHO EM ANAIS;3;BIBLIOGRAFICA - TRABALHO EM ANAIS;80463;INFORMATICA TEORICA;98297;FUNDAMENTOS DA COMPUTAÇÃO;342918;RESOLUÇÃO DE PROBLEMAS DE OTIMIZAÇÃO COMBINATÓRIA;01JAN2012:00:00:00.000000;;01JAN2012:00:00:00.000000;;0
42001013004P4;COMPUTAÇÃO;UFRGS;UNIVERSIDADE FEDERAL DO RIO GRANDE DO SUL;2016;21036368;3915649;PERSONALIZED VISUAL SIMULATION AND OBJECTIVE VALIDATION OF LOW-ORDER ABERRATIONS OF THE HUMAN EYE;2;BIBLIOGRÁFICA;8;TRABALHO EM ANAIS;3;BIBLIOGRAFICA - TRABALHO EM ANAIS;80464;SISTEMAS DE COMPUTACAO;98293;COMPUTAÇÃO GRÁFICA, PROCESSAMENTO DE IMAGENS E INTERAÇÃO;;;01JAN2012:00:00:00.000000;;01JAN2012:00:00:00.000000;;0
42001013004P4;COMPUTAÇÃO;UFRGS;UNIVERSIDADE FEDERAL DO RIO GRANDE DO SUL;2016;21036183;3660293;AQUI TODOS PODEM PUBLICAR: UMA ABORDAGEM ESCALÁVEL PARA CONTROLE DE ACESSO MUITOS PARA MUITOS EM REDES CENTRADAS EM INFORMAÇÃO;2;BIBLIOGRÁFICA;8;TRABALHO EM ANAIS;3;BIBLIOGRAFICA - TRABALHO EM ANAIS;80464;SISTEMAS DE COMPUTACAO;98291;REDES DE COMPUTADORES;212806;GT-ICN: REDES ORIENTADAS A CONTEÚDO COMO PLATAFORMA PARA DISSEMINAÇÃO EFICIENTE DE CONTEÚDO EDUCACIONAL MULTIMÍDIA;01JAN2012:00:00:00.000000;;01JAN2012:00:00:00.000000;;0
42001013004P4;COMPUTAÇÃO;UFRGS;UNIVERSIDADE FEDERAL DO RIO GRANDE DO SUL;2016;21036155;3911313;A NEW MODEL AND HEURISTIC FOR INFECTION MINIMIZATION BY CUTTING RELATIONSHIPS;2;BIBLIOGRÁFICA;8;TRABALHO EM ANAIS;3;BIBLIOGRAFICA - TRABALHO EM ANAIS;80466;INTELIGENCIA ARTIFICIAL;98294;INTELIGÊNCIA ARTIFICIAL;;;01JAN2012:00:00:00.000000;;01JAN2012:00:00:00.000000;;0
42001013004P4;COMPUTAÇÃO;UFRGS;UNIVERSIDADE FEDERAL DO RIO GRANDE DO SUL;2016;21036281;3851310;IMAGE RETARGETING BASED ON SPATIALLY VARYING DEFOCUS BLUR MAP;2;BIBLIOGRÁFICA;8;TRABALHO EM ANAIS;3;BIBLIOGRAFICA - TRABALHO EM ANAIS;80464;SISTEMAS DE COMPUTACAO;98293;COMPUTAÇÃO GRÁFICA, PROCESSAMENTO DE IMAGENS E INTERAÇÃO;342396;OBTENÇÃO DE INFORMAÇÃO 3D USANDO MÚLTIPLAS MODALIDADES: TEORIA E APLICAÇÕES;01JAN2012:00:00:00.000000;;01JAN2012:00:00:00.000000;;0
42001013004P4;COMPUTAÇÃO;UFRGS;UNIVERSIDADE FEDERAL DO RIO GRANDE DO SUL;2016;21036366;3636573;PERFORMANCE ANALYSIS OF 6LOWPAN AND COAP FOR SECURE COMMUNICATIONS IN SMART HOMES;2;BIBLIOGRÁFICA;8;TRABALHO EM ANAIS;3;BIBLIOGRAFICA - TRABALHO EM ANAIS;80464;SISTEMAS DE COMPUTACAO;98291;REDES DE COMPUTADORES;301591;PROSEG - SEGURANÇA DA INFORMAÇÃO, PROTEÇÃO E RESILIÊNCIA EM SMART GRIDS;01JAN2012:00:00:00.000000;;01JAN2012:00:00:00.000000;;0
42001013004P4;COMPUTAÇÃO;UFRGS;UNIVERSIDADE FEDERAL DO RIO GRANDE DO SUL;2016;21036410;4277092;SIDE CHANNEL ATTACK ON NOC-BASED MPSOCS ARE PRACTICAL: NOC PRIME+PROBE ATTACK;2;BIBLIOGRÁFICA;8;TRABALHO EM ANAIS;3;BIBLIOGRAFICA - TRABALHO EM ANAIS;80462;ENGENHARIA DA COMPUTAÇÃO;98288;MICROELETRÔNICA;;;01JAN2012:00:00:00.000000;;01JAN2012:00:00:00.000000;;0
42001013004P4;COMPUTAÇÃO;UFRGS;UNIVERSIDADE FEDERAL DO RIO GRANDE DO SUL;2016;21036195;4120616;AUTONOMOUS CAR AND RIDE SHARING: FLEXIBLE ROAD TRAINS (VISION PAPER);2;BIBLIOGRÁFICA;8;TRABALHO EM ANAIS;3;BIBLIOGRAFICA - TRABALHO EM ANAIS;80466;INTELIGENCIA ARTIFICIAL;98294;INTELIGÊNCIA ARTIFICIAL;;;01JAN2012:00:00:00.000000;;01JAN2012:00:00:00.000000;;0
42001013004P4;COMPUTAÇÃO;UFRGS;UNIVERSIDADE FEDERAL DO RIO GRANDE DO SUL;2016;21036442;4022086;TOWARDS EDUCATIONAL METADATA INTEROPERABILITY ON SEMANTIC WEB;2;BIBLIOGRÁFICA;8;TRABALHO EM ANAIS;3;BIBLIOGRAFICA - TRABALHO EM ANAIS;80466;INTELIGENCIA ARTIFICIAL;98294;INTELIGÊNCIA ARTIFICIAL;;;01JAN2012:00:00:00.000000;;01JAN2012:00:00:00.000000;;0
42001013004P4;COMPUTAÇÃO;UFRGS;UNIVERSIDADE FEDERAL DO RIO GRANDE DO SUL;2016;21036196;3603404;B2SG: A TOEFL-LIKE TASK FOR PORTUGUESE;2;BIBLIOGRÁFICA;8;TRABALHO EM ANAIS;3;BIBLIOGRAFICA - TRABALHO EM ANAIS;80466;INTELIGENCIA ARTIFICIAL;98294;INTELIGÊNCIA ARTIFICIAL;;;01JAN2012:00:00:00.000000;;01JAN2012:00:00:00.000000;;0
42001013004P4;COMPUTAÇÃO;UFRGS;UNIVERSIDADE FEDERAL DO RIO GRANDE DO SUL;2016;21036456;3660459;UMA ABORDAGEM PARA GERAR TEXTO ORIENTADO A PROCESSO A PARTIR DE TEXTO EM LINGUAGEM NATURAL;2;BIBLIOGRÁFICA;8;TRABALHO EM ANAIS;3;BIBLIOGRAFICA - TRABALHO EM ANAIS;80465;SISTEMAS DE INFORMACAO;98295;MODELAGEM CONCEITUAL E BANCOS DE DADOS;;;01JAN2012:00:00:00.000000;;01JAN2012:00:00:00.000000;;0
42001013004P4;COMPUTAÇÃO;UFRGS;UNIVERSIDADE FEDERAL DO RIO GRANDE DO SUL;2016;21036268;4277247;GOSSIP NOC -- AVOIDING TIMING SIDE-CHANNEL ATTACKS THROUGH TRAFFIC MANAGEMENT;2;BIBLIOGRÁFICA;8;TRABALHO EM ANAIS;3;BIBLIOGRAFICA - TRABALHO EM ANAIS;80462;ENGENHARIA DA COMPUTAÇÃO;98288;MICROELETRÔNICA;;;01JAN2012:00:00:00.000000;;01JAN2012:00:00:00.000000;;0
42001013004P4;COMPUTAÇÃO;UFRGS;UNIVERSIDADE FEDERAL DO RIO GRANDE DO SUL;2016;21036377;3603417;PROACTIVE HAPTIC ARTICULATION FOR INTERCOMMUNICATION IN COLLABORATIVE VIRTUAL ENVIRONMENTS;2;BIBLIOGRÁFICA;8;TRABALHO EM ANAIS;3;BIBLIOGRAFICA - TRABALHO EM ANAIS;80464;SISTEMAS DE COMPUTACAO;98293;COMPUTAÇÃO GRÁFICA, PROCESSAMENTO DE IMAGENS E INTERAÇÃO;;;01JAN2012:00:00:00.000000;;01JAN2012:00:00:00.000000;;0
42001013004P4;COMPUTAÇÃO;UFRGS;UNIVERSIDADE FEDERAL DO RIO GRANDE DO SUL;2016;21036428;4281136;TACTILE TREASURE MAP: INTEGRATING ALLOCENTRIC AND EGOCENTRIC INFORMATION FOR TACTILE GUIDANCE;2;BIBLIOGRÁFICA;8;TRABALHO EM ANAIS;3;BIBLIOGRAFICA - TRABALHO EM ANAIS;80464;SISTEMAS DE COMPUTACAO;98293;COMPUTAÇÃO GRÁFICA, PROCESSAMENTO DE IMAGENS E INTERAÇÃO;;;01JAN2012:00:00:00.000000;;01JAN2012:00:00:00.000000;;0
42001013004P4;COMPUTAÇÃO;UFRGS;UNIVERSIDADE FEDERAL DO RIO GRANDE DO SUL;2016;21036193;3829597;AUTOMATIC CONSTRUCTION OF LARGE READABILITY CORPORA;2;BIBLIOGRÁFICA;8;TRABALHO EM ANAIS;3;BIBLIOGRAFICA - TRABALHO EM ANAIS;80466;INTELIGENCIA ARTIFICIAL;98294;INTELIGÊNCIA ARTIFICIAL;;;01JAN2012:00:00:00.000000;;01JAN2012:00:00:00.000000;;0
42001013004P4;COMPUTAÇÃO;UFRGS;UNIVERSIDADE FEDERAL DO RIO GRANDE DO SUL;2016;21036194;3726870;AUTOMATION OF HUMANITARIAN DEMINING THE 2016 HUMANITARIAN ROBOTICS AND AUTOMATION TECHNOLOGY CHALLENGE;2;BIBLIOGRÁFICA;8;TRABALHO EM ANAIS;3;BIBLIOGRAFICA - TRABALHO EM ANAIS;80466;INTELIGENCIA ARTIFICIAL;98294;INTELIGÊNCIA ARTIFICIAL;;;01JAN2012:00:00:00.000000;;01JAN2012:00:00:00.000000;;0
42001013004P4;COMPUTAÇÃO;UFRGS;UNIVERSIDADE FEDERAL DO RIO GRANDE DO SUL;2016;21036461;3920816;USANDO DISTÂNCIA ROBINSON-FOULDS EM ALGORITMO GENÉTICO MULTI-OBJETIVO PARA ABORDAR O PROBLEMA DE INFERÊNCIA FILOGENÉTICA;2;BIBLIOGRÁFICA;8;TRABALHO EM ANAIS;3;BIBLIOGRAFICA - TRABALHO EM ANAIS;80466;INTELIGENCIA ARTIFICIAL;98294;INTELIGÊNCIA ARTIFICIAL;387036;APRENDIZAGEM DE MAQUINA E METAHEURISTICAS ROBUSTAS PARA A PREDICAO DA ESTRUTURA 3D DE PROTEINAS;01JAN2012:00:00:00.000000;;01JAN2012:00:00:00.000000;;0
42001013004P4;COMPUTAÇÃO;UFRGS;UNIVERSIDADE FEDERAL DO RIO GRANDE DO SUL;2016;21036457;3872241;UMA ABORDAGEM PARA O GERENCIAMENTO INTELIGENTE DE AMBIENTES DE HOME-CARE;2;BIBLIOGRÁFICA;8;TRABALHO EM ANAIS;3;BIBLIOGRAFICA - TRABALHO EM ANAIS;80465;SISTEMAS DE INFORMACAO;98295;MODELAGEM CONCEITUAL E BANCOS DE DADOS;;;01JAN2012:00:00:00.000000;;01JAN2012:00:00:00.000000;;0
42001013004P4;COMPUTAÇÃO;UFRGS;UNIVERSIDADE FEDERAL DO RIO GRANDE DO SUL;2016;21036398;3872659;SDEFIX -- IDENTIFYING ELEPHANT FLOWS IN SDN-BASED IXP NETWORKS;2;BIBLIOGRÁFICA;8;TRABALHO EM ANAIS;3;BIBLIOGRAFICA - TRABALHO EM ANAIS;80464;SISTEMAS DE COMPUTACAO;98291;REDES DE COMPUTADORES;342912;SDN-MAN - GERENCIAMENTO DE REDES DEFINIDAS POR SOFTWARE;01JAN2012:00:00:00.000000;;01JAN2012:00:00:00.000000;;0
42001013004P4;COMPUTAÇÃO;UFRGS;UNIVERSIDADE FEDERAL DO RIO GRANDE DO SUL;2016;21036404;3864073;SEMANTIC INTEGRATION BETWEEN CONTEXT-AWARENESS AND DOMAIN DATA TO BRING PERSONALIZED QUERIES TO LEGACY RELATIONAL DATABASES;2;BIBLIOGRÁFICA;8;TRABALHO EM ANAIS;3;BIBLIOGRAFICA - TRABALHO EM ANAIS;80465;SISTEMAS DE INFORMACAO;98295;MODELAGEM CONCEITUAL E BANCOS DE DADOS;;;01JAN2012:00:00:00.000000;;01JAN2012:00:00:00.000000;;0
42001013004P4;COMPUTAÇÃO;UFRGS;UNIVERSIDADE FEDERAL DO RIO GRANDE DO SUL;2016;21036453;3603405;UFRGS&LIF AT SEMEVAL-2016 TASK 10: RULE-BASED MWE IDENTIFICATION AND PREDOMINANT-SUPERSENSE TAGGING;2;BIBLIOGRÁFICA;8;TRABALHO EM ANAIS;3;BIBLIOGRAFICA - TRABALHO EM ANAIS;80466;INTELIGENCIA ARTIFICIAL;98294;INTELIGÊNCIA ARTIFICIAL;;;01JAN2012:00:00:00.000000;;01JAN2012:00:00:00.000000;;0
42001013004P4;COMPUTAÇÃO;UFRGS;UNIVERSIDADE FEDERAL DO RIO GRANDE DO SUL;2016;21036406;3802897;SEMANTIC INTEROPERABILITY IN THE PETROLEUM CHAIN: THE CONTRIBUTION OF ONTOLOGICAL ANALYSIS;2;BIBLIOGRÁFICA;8;TRABALHO EM ANAIS;3;BIBLIOGRAFICA - TRABALHO EM ANAIS;80466;INTELIGENCIA ARTIFICIAL;98294;INTELIGÊNCIA ARTIFICIAL;;;01JAN2012:00:00:00.000000;;01JAN2012:00:00:00.000000;;0
42001013004P4;COMPUTAÇÃO;UFRGS;UNIVERSIDADE FEDERAL DO RIO GRANDE DO SUL;2016;21035658;3663838;A BRANCH-AND-BOUND ALGORITHM WITH CYCLIC BEST-FIRST SEARCH FOR THE PERMUTATION FLOWSHOP SCHEDULING PROBLEM;2;BIBLIOGRÁFICA;8;TRABALHO EM ANAIS;3;BIBLIOGRAFICA - TRABALHO EM ANAIS;80463;INFORMATICA TEORICA;98297;FUNDAMENTOS DA COMPUTAÇÃO;342928;NOVOS MÉTODOS PARA OTIMIZAÇÃO DE LINHAS DE PRODUÇÃO;01JAN2012:00:00:00.000000;;01JAN2012:00:00:00.000000;;0
42001013004P4;COMPUTAÇÃO;UFRGS;UNIVERSIDADE FEDERAL DO RIO GRANDE DO SUL;2016;21036176;3802550;AN ONTOLOGY-BASED CONCEPTUAL FRAMEWORK TO IMPROVE ROCK DATA QUALITY IN RESERVOIR MODELS;2;BIBLIOGRÁFICA;8;TRABALHO EM ANAIS;3;BIBLIOGRAFICA - TRABALHO EM ANAIS;80466;INTELIGENCIA ARTIFICIAL;98294;INTELIGÊNCIA ARTIFICIAL;;;01JAN2012:00:00:00.000000;;01JAN2012:00:00:00.000000;;0
42001013004P4;COMPUTAÇÃO;UFRGS;UNIVERSIDADE FEDERAL DO RIO GRANDE DO SUL;2016;21036202;3872782;CHIMAS: A SPECTRUM SENSING-BASED CHANNELS CLASSIFICATION SYSTEM FOR COGNITIVE RADIO NETWORKS;2;BIBLIOGRÁFICA;8;TRABALHO EM ANAIS;3;BIBLIOGRAFICA - TRABALHO EM ANAIS;80464;SISTEMAS DE COMPUTACAO;98291;REDES DE COMPUTADORES;244798;ALOCAÇÃO ESPECTRAL EM REDES IEEE 802.22 PONTO-MULTIPONTO BASEADA EM OFDM;01JAN2012:00:00:00.000000;;01JAN2012:00:00:00.000000;;0
42001013004P4;COMPUTAÇÃO;UFRGS;UNIVERSIDADE FEDERAL DO RIO GRANDE DO SUL;2016;21035669;3845222;A LEVELS-OF-PRECISION APPROACH FOR SIMULATING MULTIPLE PHYSICS-BASED SOFT TISSUES;2;BIBLIOGRÁFICA;8;TRABALHO EM ANAIS;3;BIBLIOGRAFICA - TRABALHO EM ANAIS;80464;SISTEMAS DE COMPUTACAO;98293;COMPUTAÇÃO GRÁFICA, PROCESSAMENTO DE IMAGENS E INTERAÇÃO;342182;SIMULACAO INDIVIDUALIZADA DE PROCEDIMENTOS CIRURGICOS MINIMAMENTE INVASIVOS;01JAN2012:00:00:00.000000;;01JAN2012:00:00:00.000000;;0
42001013004P4;COMPUTAÇÃO;UFRGS;UNIVERSIDADE FEDERAL DO RIO GRANDE DO SUL;2016;21036261;3638140;FILTERING AND MEASURING THE INTRINSIC QUALITY OF HUMAN COMPOSITIONALITY JUDGMENTS;2;BIBLIOGRÁFICA;8;TRABALHO EM ANAIS;3;BIBLIOGRAFICA - TRABALHO EM ANAIS;80466;INTELIGENCIA ARTIFICIAL;98294;INTELIGÊNCIA ARTIFICIAL;;;01JAN2012:00:00:00.000000;;01JAN2012:00:00:00.000000;;0
42001013004P4;COMPUTAÇÃO;UFRGS;UNIVERSIDADE FEDERAL DO RIO GRANDE DO SUL;2016;21035666;3705357;A FIX-AND-OPTIMIZE VNS ALGORITHM APPLIED TO THE NURSE ROSTERING PROBLEM;2;BIBLIOGRÁFICA;8;TRABALHO EM ANAIS;3;BIBLIOGRAFICA - TRABALHO EM ANAIS;80463;INFORMATICA TEORICA;98297;FUNDAMENTOS DA COMPUTAÇÃO;342918;RESOLUÇÃO DE PROBLEMAS DE OTIMIZAÇÃO COMBINATÓRIA;01JAN2012:00:00:00.000000;;01JAN2012:00:00:00.000000;;0
42001013004P4;COMPUTAÇÃO;UFRGS;UNIVERSIDADE FEDERAL DO RIO GRANDE DO SUL;2016;21036355;4285331;ON THE ERROR CRITICALITY OF SORTING ALGORITHMS FOR HPC AND LARGE SERVERS APPLICATIONS;2;BIBLIOGRÁFICA;8;TRABALHO EM ANAIS;3;BIBLIOGRAFICA - TRABALHO EM ANAIS;80462;ENGENHARIA DA COMPUTAÇÃO;98300;TESTE E CONFIABILIDADE DE SISTEMAS INTEGRADOS DE HARDWARE E SOFTWARE;345435;AVALIAÇÃO EXPERIMENTAL E MITIGAÇÃO DOS EFEITOS DA RADIAÇÃO EM PROCESSADORES PARALELOS;01JAN2012:00:00:00.000000;;01JAN2012:00:00:00.000000;;0
42001013004P4;COMPUTAÇÃO;UFRGS;UNIVERSIDADE FEDERAL DO RIO GRANDE DO SUL;2016;21036401;3683782;SEGMENTATION AND CLASSIFICATION OF MELANOCYTIC SKIN LESIONS USING LOCAL AND CONTEXTUAL FEATURES;2;BIBLIOGRÁFICA;8;TRABALHO EM ANAIS;3;BIBLIOGRAFICA - TRABALHO EM ANAIS;80464;SISTEMAS DE COMPUTACAO;98293;COMPUTAÇÃO GRÁFICA, PROCESSAMENTO DE IMAGENS E INTERAÇÃO;;;01JAN2012:00:00:00.000000;;01JAN2012:00:00:00.000000;;0
42001013004P4;COMPUTAÇÃO;UFRGS;UNIVERSIDADE FEDERAL DO RIO GRANDE DO SUL;2016;21036375;3636730;PREDICTING THE COMPOSITIONALITY OF NOMINAL COMPOUNDS: GIVING WORD EMBEDDINGS A HARD TIME;2;BIBLIOGRÁFICA;8;TRABALHO EM ANAIS;3;BIBLIOGRAFICA - TRABALHO EM ANAIS;80466;INTELIGENCIA ARTIFICIAL;98294;INTELIGÊNCIA ARTIFICIAL;;;01JAN2012:00:00:00.000000;;01JAN2012:00:00:00.000000;;0
42001013004P4;COMPUTAÇÃO;UFRGS;UNIVERSIDADE FEDERAL DO RIO GRANDE DO SUL;2016;21036356;3660840;ON THE ROLE OF DEGREE INFLUENCE IN SUBOPTIMAL MODULARITY MAXIMIZATION;2;BIBLIOGRÁFICA;8;TRABALHO EM ANAIS;3;BIBLIOGRAFICA - TRABALHO EM ANAIS;80463;INFORMATICA TEORICA;98297;FUNDAMENTOS DA COMPUTAÇÃO;;;01JAN2012:00:00:00.000000;;01JAN2012:00:00:00.000000;;0
42001013004P4;COMPUTAÇÃO;UFRGS;UNIVERSIDADE FEDERAL DO RIO GRANDE DO SUL;2016;21036260;4026583;FAST-FORWARDING CROWD SIMULATIONS;2;BIBLIOGRÁFICA;8;TRABALHO EM ANAIS;3;BIBLIOGRAFICA - TRABALHO EM ANAIS;80464;SISTEMAS DE COMPUTACAO;98293;COMPUTAÇÃO GRÁFICA, PROCESSAMENTO DE IMAGENS E INTERAÇÃO;342376;ANÁLISE DE COMPORTAMENTO DE MULTIDÕES UTILIZANDO VISÃO COMPUTACIONAL E MODELOS DE SIMULAÇÃO;01JAN2012:00:00:00.000000;;01JAN2012:00:00:00.000000;;0
42001013004P4;COMPUTAÇÃO;UFRGS;UNIVERSIDADE FEDERAL DO RIO GRANDE DO SUL;2016;21036253;3603435;EVALUATING SCHEDULERS IN A RECONFIGURABLE MULTICORE HETEROGENEOUS SYSTEM;2;BIBLIOGRÁFICA;8;TRABALHO EM ANAIS;3;BIBLIOGRAFICA - TRABALHO EM ANAIS;80462;ENGENHARIA DA COMPUTAÇÃO;98299;SISTEMAS EMBARCADOS;342217;PROJETO AUTOMÁTICO DE MPSOCS TRANSPARENTES E ADAPTÁVEIS PARA SISTEMAS EMBARCADOS;01JAN2012:00:00:00.000000;;01JAN2012:00:00:00.000000;;0
42001013004P4;COMPUTAÇÃO;UFRGS;UNIVERSIDADE FEDERAL DO RIO GRANDE DO SUL;2016;21036192;3945268;AUTOMATIC COMMUNICATION OPTIMIZATION OF PARALLEL APPLICATIONS IN PUBLIC CLOUDS;2;BIBLIOGRÁFICA;8;TRABALHO EM ANAIS;3;BIBLIOGRAFICA - TRABALHO EM ANAIS;80464;SISTEMAS DE COMPUTACAO;98290;PROCESSAMENTO PARALELO E DISTRIBUÍDO;386995;HPC4E - HIGH PERFORMANCE COMPUTING FOR ENERGY;01JAN2012:00:00:00.000000;;01JAN2012:00:00:00.000000;;0
42001013004P4;COMPUTAÇÃO;UFRGS;UNIVERSIDADE FEDERAL DO RIO GRANDE DO SUL;2016;21036206;3638320;COMBINING CAR-TO-INFRASTRUCTURE COMMUNICATION AND MULTI-AGENT REINFORCEMENT LEARNING IN ROUTE CHOICE;2;BIBLIOGRÁFICA;8;TRABALHO EM ANAIS;3;BIBLIOGRAFICA - TRABALHO EM ANAIS;80466;INTELIGENCIA ARTIFICIAL;98294;INTELIGÊNCIA ARTIFICIAL;;;01JAN2012:00:00:00.000000;;01JAN2012:00:00:00.000000;;0
42001013004P4;COMPUTAÇÃO;UFRGS;UNIVERSIDADE FEDERAL DO RIO GRANDE DO SUL;2016;21036363;3659552;PARALLELISM IN AGREE TRANSFORMATIONS;2;BIBLIOGRÁFICA;8;TRABALHO EM ANAIS;3;BIBLIOGRAFICA - TRABALHO EM ANAIS;80463;INFORMATICA TEORICA;98298;MÉTODOS FORMAIS;;;01JAN2012:00:00:00.000000;;01JAN2012:00:00:00.000000;01MAR2013:00:00:00.000000;0
42001013004P4;COMPUTAÇÃO;UFRGS;UNIVERSIDADE FEDERAL DO RIO GRANDE DO SUL;2016;21036173;3911339;AN ANALYSIS OF CENTRALITY MEASURES FOR COMPLEX AND SOCIAL NETWORKS;2;BIBLIOGRÁFICA;8;TRABALHO EM ANAIS;3;BIBLIOGRAFICA - TRABALHO EM ANAIS;80466;INTELIGENCIA ARTIFICIAL;98294;INTELIGÊNCIA ARTIFICIAL;;;01JAN2012:00:00:00.000000;;01JAN2012:00:00:00.000000;;0
42001013004P4;COMPUTAÇÃO;UFRGS;UNIVERSIDADE FEDERAL DO RIO GRANDE DO SUL;2016;21036285;3663877;IMPROVED AIRPORT GROUND TRAFFIC CONTROL WITH DOMAIN-DEPENDENT HEURISTICS;2;BIBLIOGRÁFICA;8;TRABALHO EM ANAIS;3;BIBLIOGRAFICA - TRABALHO EM ANAIS;80463;INFORMATICA TEORICA;98297;FUNDAMENTOS DA COMPUTAÇÃO;;;01JAN2012:00:00:00.000000;;01JAN2012:00:00:00.000000;;0
42001013004P4;COMPUTAÇÃO;UFRGS;UNIVERSIDADE FEDERAL DO RIO GRANDE DO SUL;2016;21036289;3849894;IMPROVING PRODUCTIVITY AND REDUCING COST THROUGH THE USE OF VISUALIZATIONS FOR SDN MANAGEMENT;2;BIBLIOGRÁFICA;8;TRABALHO EM ANAIS;3;BIBLIOGRAFICA - TRABALHO EM ANAIS;80464;SISTEMAS DE COMPUTACAO;98291;REDES DE COMPUTADORES;342912;SDN-MAN - GERENCIAMENTO DE REDES DEFINIDAS POR SOFTWARE;01JAN2012:00:00:00.000000;;01JAN2012:00:00:00.000000;;0
42001013004P4;COMPUTAÇÃO;UFRGS;UNIVERSIDADE FEDERAL DO RIO GRANDE DO SUL;2016;21036349;3660297;NETWORK FORTUNE COOKIE: USING NETWORK MEASUREMENTS TO PREDICT VIDEO STREAMING PERFORMANCE AND QOE;2;BIBLIOGRÁFICA;8;TRABALHO EM ANAIS;3;BIBLIOGRAFICA - TRABALHO EM ANAIS;80464;SISTEMAS DE COMPUTACAO;98291;REDES DE COMPUTADORES;244706;NETMETRIC;01JAN2012:00:00:00.000000;;01JAN2012:00:00:00.000000;;0
42001013004P4;COMPUTAÇÃO;UFRGS;UNIVERSIDADE FEDERAL DO RIO GRANDE DO SUL;2016;21036455;3640266;UM MECANISMO BASEADO EM SENSIBILIDADE À SITUAÇÃO PARA OTIMIZAR A TRANSMISSÃO DE DADOS DE APLICAÇÕES DE SENSORIAMENTO URBANO;2;BIBLIOGRÁFICA;8;TRABALHO EM ANAIS;3;BIBLIOGRAFICA - TRABALHO EM ANAIS;80464;SISTEMAS DE COMPUTACAO;98290;PROCESSAMENTO PARALELO E DISTRIBUÍDO;342283;UBIARCH - UBIQUITOUS ARCHITECTURE FOR CONTEXT MANAGEMENT AND APPLICATION DEVELOPMENT;01JAN2012:00:00:00.000000;;01JAN2012:00:00:00.000000;;0
42001013004P4;COMPUTAÇÃO;UFRGS;UNIVERSIDADE FEDERAL DO RIO GRANDE DO SUL;2016;21036166;3659717;A STUDY FOR POSTURAL EVALUATION AND MOVEMENT ANALYSIS OF INDIVIDUALS;2;BIBLIOGRÁFICA;8;TRABALHO EM ANAIS;3;BIBLIOGRAFICA - TRABALHO EM ANAIS;80464;SISTEMAS DE COMPUTACAO;98293;COMPUTAÇÃO GRÁFICA, PROCESSAMENTO DE IMAGENS E INTERAÇÃO;212827;SIMULADOR DE COMPORTAMENTO PARA ATIVIDADES OPERACIONAIS VOLTADO À ÁREA DE SEGURANÇA;01JAN2012:00:00:00.000000;;01JAN2012:00:00:00.000000;;0
42001013004P4;COMPUTAÇÃO;UFRGS;UNIVERSIDADE FEDERAL DO RIO GRANDE DO SUL;2016;21036399;3683669;SEAMLESS AND ADAPTIVE APPLICATION-LEVEL CACHING;2;BIBLIOGRÁFICA;8;TRABALHO EM ANAIS;3;BIBLIOGRAFICA - TRABALHO EM ANAIS;80465;SISTEMAS DE INFORMACAO;98296;ENGENHARIA DE SOFTWARE;;;01JAN2012:00:00:00.000000;;01JAN2012:00:00:00.000000;;0
42001013004P4;COMPUTAÇÃO;UFRGS;UNIVERSIDADE FEDERAL DO RIO GRANDE DO SUL;2016;21036170;3603440;ADAPTIVE ILP CONTROL TO INCREASE FAULT TOLERANCE FOR VLIW PROCESSORS;2;BIBLIOGRÁFICA;8;TRABALHO EM ANAIS;3;BIBLIOGRAFICA - TRABALHO EM ANAIS;80462;ENGENHARIA DA COMPUTAÇÃO;98299;SISTEMAS EMBARCADOS;;;01JAN2012:00:00:00.000000;;01JAN2012:00:00:00.000000;;0
42001013004P4;COMPUTAÇÃO;UFRGS;UNIVERSIDADE FEDERAL DO RIO GRANDE DO SUL;2016;21036226;3946972;COMMUNICATION IN SHARED MEMORY: CONCEPTS, DEFINITIONS, AND EFFICIENT DETECTION;2;BIBLIOGRÁFICA;8;TRABALHO EM ANAIS;3;BIBLIOGRAFICA - TRABALHO EM ANAIS;80464;SISTEMAS DE COMPUTACAO;98290;PROCESSAMENTO PARALELO E DISTRIBUÍDO;244217;EXASCALE COMPUTING DESEMPENHO VERSUS CONSUMO ENERGÉTICO, UM DESAFIO PARA ARQUITETURA E PROGRAMAÇÃO PARALELA;01JAN2012:00:00:00.000000;;01JAN2012:00:00:00.000000;;0
42001013004P4;COMPUTAÇÃO;UFRGS;UNIVERSIDADE FEDERAL DO RIO GRANDE DO SUL;2016;21036321;3908742;MEDIÇÃO E COMPENSAÇÃO DE INTRUSÃO EM ANÁLISE DE DESEMPENHO;2;BIBLIOGRÁFICA;8;TRABALHO EM ANAIS;3;BIBLIOGRAFICA - TRABALHO EM ANAIS;80464;SISTEMAS DE COMPUTACAO;98290;PROCESSAMENTO PARALELO E DISTRIBUÍDO;342915;ANÁLISE E VISUALIZAÇÃO DE DESEMPENHO EM SISTEMAS PARALELOS E DISTRIBUÍDOS;01JAN2012:00:00:00.000000;;01JAN2012:00:00:00.000000;;0
42001013004P4;COMPUTAÇÃO;UFRGS;UNIVERSIDADE FEDERAL DO RIO GRANDE DO SUL;2016;21036365;4026771;PENSAMENTO COMPUTACIONAL: PANORAMA NAS AMÉRICAS;2;BIBLIOGRÁFICA;8;TRABALHO EM ANAIS;3;BIBLIOGRAFICA - TRABALHO EM ANAIS;80466;INTELIGENCIA ARTIFICIAL;98294;INTELIGÊNCIA ARTIFICIAL;;;01JAN2012:00:00:00.000000;;01JAN2012:00:00:00.000000;;0
42001013004P4;COMPUTAÇÃO;UFRGS;UNIVERSIDADE FEDERAL DO RIO GRANDE DO SUL;2016;21036443;3851106;TOWARDS UNDERSTANDING INTERACTIVE DEBUGGING;2;BIBLIOGRÁFICA;8;TRABALHO EM ANAIS;3;BIBLIOGRAFICA - TRABALHO EM ANAIS;80465;SISTEMAS DE INFORMACAO;98296;ENGENHARIA DE SOFTWARE;;;01JAN2012:00:00:00.000000;;01JAN2012:00:00:00.000000;;0
42001013004P4;COMPUTAÇÃO;UFRGS;UNIVERSIDADE FEDERAL DO RIO GRANDE DO SUL;2016;21036374;3663821;PREDICTING PROTEIN STRUCTURAL FEATURES WITH NEUROEVOLUTION OF AUGMENTING TOPOLOGIES;2;BIBLIOGRÁFICA;8;TRABALHO EM ANAIS;3;BIBLIOGRAFICA - TRABALHO EM ANAIS;80466;INTELIGENCIA ARTIFICIAL;98294;INTELIGÊNCIA ARTIFICIAL;387036;APRENDIZAGEM DE MAQUINA E METAHEURISTICAS ROBUSTAS PARA A PREDICAO DA ESTRUTURA 3D DE PROTEINAS;01JAN2012:00:00:00.000000;;01JAN2012:00:00:00.000000;;0
42001013004P4;COMPUTAÇÃO;UFRGS;UNIVERSIDADE FEDERAL DO RIO GRANDE DO SUL;2016;21036254;3863208;EVALUATING THE RADIATION RELIABILITY OF DEPENDABILITY-ORIENTED REAL-TIME OPERATING SYSTEMS;2;BIBLIOGRÁFICA;8;TRABALHO EM ANAIS;3;BIBLIOGRAFICA - TRABALHO EM ANAIS;80462;ENGENHARIA DA COMPUTAÇÃO;98300;TESTE E CONFIABILIDADE DE SISTEMAS INTEGRADOS DE HARDWARE E SOFTWARE;345435;AVALIAÇÃO EXPERIMENTAL E MITIGAÇÃO DOS EFEITOS DA RADIAÇÃO EM PROCESSADORES PARALELOS;01JAN2012:00:00:00.000000;;01JAN2012:00:00:00.000000;;0
42001013004P4;COMPUTAÇÃO;UFRGS;UNIVERSIDADE FEDERAL DO RIO GRANDE DO SUL;2016;21036354;3638319;ON ESTIMATING ACTION REGRET LOCALLY AND LEARNING FROM IT IN ROUTE CHOICE;2;BIBLIOGRÁFICA;8;TRABALHO EM ANAIS;3;BIBLIOGRAFICA - TRABALHO EM ANAIS;80466;INTELIGENCIA ARTIFICIAL;98294;INTELIGÊNCIA ARTIFICIAL;;;01JAN2012:00:00:00.000000;;01JAN2012:00:00:00.000000;;0
42001013004P4;COMPUTAÇÃO;UFRGS;UNIVERSIDADE FEDERAL DO RIO GRANDE DO SUL;2016;21036191;4025840;AUTOMATED SIGHT-SINGING ASSESSMENT TOOL;2;BIBLIOGRÁFICA;8;TRABALHO EM ANAIS;3;BIBLIOGRAFICA - TRABALHO EM ANAIS;80464;SISTEMAS DE COMPUTACAO;98293;COMPUTAÇÃO GRÁFICA, PROCESSAMENTO DE IMAGENS E INTERAÇÃO;;;01JAN2012:00:00:00.000000;;01JAN2012:00:00:00.000000;;0
42001013004P4;COMPUTAÇÃO;UFRGS;UNIVERSIDADE FEDERAL DO RIO GRANDE DO SUL;2016;21036392;3638137;RESOURCES FOR MONOLINGUAL TRANSLATION: A CASE STUDY OF TEXT SIMPLIFICATION FOR PORTUGUESE;2;BIBLIOGRÁFICA;8;TRABALHO EM ANAIS;3;BIBLIOGRAFICA - TRABALHO EM ANAIS;80466;INTELIGENCIA ARTIFICIAL;98294;INTELIGÊNCIA ARTIFICIAL;;;01JAN2012:00:00:00.000000;;01JAN2012:00:00:00.000000;;0
42001013004P4;COMPUTAÇÃO;UFRGS;UNIVERSIDADE FEDERAL DO RIO GRANDE DO SUL;2016;21036283;4814628;IMPACT OF VARIABILITY EFFECTS ON FINFET TRANSISTORS AND COMBINATIONAL CELLS;2;BIBLIOGRÁFICA;8;TRABALHO EM ANAIS;3;BIBLIOGRAFICA - TRABALHO EM ANAIS;80462;ENGENHARIA DA COMPUTAÇÃO;98288;MICROELETRÔNICA;;;01JAN2012:00:00:00.000000;;01JAN2012:00:00:00.000000;;0
42001013004P4;COMPUTAÇÃO;UFRGS;UNIVERSIDADE FEDERAL DO RIO GRANDE DO SUL;2016;21036339;3872610;MONITORING OF CLOUD COMPUTING ENVIRONMENTS: CONCEPTS, SOLUTIONS, TRENDS, AND FUTURE DIRECTIONS;2;BIBLIOGRÁFICA;8;TRABALHO EM ANAIS;3;BIBLIOGRAFICA - TRABALHO EM ANAIS;80464;SISTEMAS DE COMPUTACAO;98291;REDES DE COMPUTADORES;;;01JAN2012:00:00:00.000000;;01JAN2012:00:00:00.000000;;0
42001013004P4;COMPUTAÇÃO;UFRGS;UNIVERSIDADE FEDERAL DO RIO GRANDE DO SUL;2016;21036386;3604772;REDUCING THE NUMBER OF TRANSISTORS WITH GATE CLUSTERING;2;BIBLIOGRÁFICA;8;TRABALHO EM ANAIS;3;BIBLIOGRAFICA - TRABALHO EM ANAIS;80462;ENGENHARIA DA COMPUTAÇÃO;98288;MICROELETRÔNICA;;;01JAN2012:00:00:00.000000;;01JAN2012:00:00:00.000000;;0
42001013004P4;COMPUTAÇÃO;UFRGS;UNIVERSIDADE FEDERAL DO RIO GRANDE DO SUL;2016;21035662;3603486;A FAULT INJECTION PLATFORM FOR FPGA-BASED COMMUNICATION SYSTEMS;2;BIBLIOGRÁFICA;8;TRABALHO EM ANAIS;3;BIBLIOGRAFICA - TRABALHO EM ANAIS;80462;ENGENHARIA DA COMPUTAÇÃO;98299;SISTEMAS EMBARCADOS;341496;SISTEMAS DE COMUNICAÇÃO CONFIÁVEIS BASEADOS EM LÓGICA RECONFIGURÁVEL;01JAN2012:00:00:00.000000;;01JAN2012:00:00:00.000000;;0
42001013004P4;COMPUTAÇÃO;UFRGS;UNIVERSIDADE FEDERAL DO RIO GRANDE DO SUL;2016;21036248;3908705;ENERGY CONSUMPTION ESTIMATION IN PARALLEL APPLICATIONS: AN ANALYSIS IN REAL AND THEORETICAL MODELS;2;BIBLIOGRÁFICA;8;TRABALHO EM ANAIS;3;BIBLIOGRAFICA - TRABALHO EM ANAIS;80464;SISTEMAS DE COMPUTACAO;98290;PROCESSAMENTO PARALELO E DISTRIBUÍDO;342917;EXASCALE COMPUTING: SCHEDULING AND ENERGY;01JAN2012:00:00:00.000000;;01JAN2012:00:00:00.000000;;0
42001013004P4;COMPUTAÇÃO;UFRGS;UNIVERSIDADE FEDERAL DO RIO GRANDE DO SUL;2016;21036178;3646457;ANALYTICAL STUDY OF ANYCAST ASYNCHRONOUS MAC PROTOCOLS FOR WIRELESS SENSOR NETWORKS;2;BIBLIOGRÁFICA;8;TRABALHO EM ANAIS;3;BIBLIOGRAFICA - TRABALHO EM ANAIS;80464;SISTEMAS DE COMPUTACAO;98291;REDES DE COMPUTADORES;350436;REDES DE COMUNICAÇÃO BASEADAS EM COMUTADORES AÉREOS MÓVEIS PARA EMPREGO EM APLICAÇÕES CRÍTICAS;01JAN2012:00:00:00.000000;;01JAN2012:00:00:00.000000;;0
42001013004P4;COMPUTAÇÃO;UFRGS;UNIVERSIDADE FEDERAL DO RIO GRANDE DO SUL;2016;21036290;3663830;IMPROVING PROTEIN TERTIARY STRUCTURE PREDICTION WITH CONFORMATIONAL PROPENSITIES OF AMINO ACID RESIDUES;2;BIBLIOGRÁFICA;8;TRABALHO EM ANAIS;3;BIBLIOGRAFICA - TRABALHO EM ANAIS;80466;INTELIGENCIA ARTIFICIAL;98294;INTELIGÊNCIA ARTIFICIAL;387036;APRENDIZAGEM DE MAQUINA E METAHEURISTICAS ROBUSTAS PARA A PREDICAO DA ESTRUTURA 3D DE PROTEINAS;01JAN2012:00:00:00.000000;;01JAN2012:00:00:00.000000;;0
42001013004P4;COMPUTAÇÃO;UFRGS;UNIVERSIDADE FEDERAL DO RIO GRANDE DO SUL;2016;21036258;3996819;EXPLORING CACHE SIZE AND CORE COUNT TRADEOFFS IN SYSTEMS WITH REDUCED MEMORY ACCESS LATENCY;2;BIBLIOGRÁFICA;8;TRABALHO EM ANAIS;3;BIBLIOGRAFICA - TRABALHO EM ANAIS;80464;SISTEMAS DE COMPUTACAO;98290;PROCESSAMENTO PARALELO E DISTRIBUÍDO;;;01JAN2012:00:00:00.000000;;01JAN2012:00:00:00.000000;;0
42001013004P4;COMPUTAÇÃO;UFRGS;UNIVERSIDADE FEDERAL DO RIO GRANDE DO SUL;2016;21036154;3844764;A MULTIAGENT SOLUTION TO OVERCOME SELFISH ROUTING IN TRANSPORTATION NETWORKS;2;BIBLIOGRÁFICA;8;TRABALHO EM ANAIS;3;BIBLIOGRAFICA - TRABALHO EM ANAIS;80466;INTELIGENCIA ARTIFICIAL;98294;INTELIGÊNCIA ARTIFICIAL;;;01JAN2012:00:00:00.000000;;01JAN2012:00:00:00.000000;;0
42001013004P4;COMPUTAÇÃO;UFRGS;UNIVERSIDADE FEDERAL DO RIO GRANDE DO SUL;2016;21036251;3908741;ESCALONAMENTO DE I/O EM SERVIDORES DE ENCAMINHAMENTO;2;BIBLIOGRÁFICA;8;TRABALHO EM ANAIS;3;BIBLIOGRAFICA - TRABALHO EM ANAIS;80464;SISTEMAS DE COMPUTACAO;98290;PROCESSAMENTO PARALELO E DISTRIBUÍDO;386995;HPC4E - HIGH PERFORMANCE COMPUTING FOR ENERGY;01JAN2012:00:00:00.000000;;01JAN2012:00:00:00.000000;;0
42001013004P4;COMPUTAÇÃO;UFRGS;UNIVERSIDADE FEDERAL DO RIO GRANDE DO SUL;2016;21036231;4025075;CONTROL PLANE COOPERATION DESIGN: TOWARDS ROBUST PROGRAMMABLE WANS;2;BIBLIOGRÁFICA;8;TRABALHO EM ANAIS;3;BIBLIOGRAFICA - TRABALHO EM ANAIS;80464;SISTEMAS DE COMPUTACAO;98291;REDES DE COMPUTADORES;;;01JAN2012:00:00:00.000000;;01JAN2012:00:00:00.000000;;0
42001013004P4;COMPUTAÇÃO;UFRGS;UNIVERSIDADE FEDERAL DO RIO GRANDE DO SUL;2016;21036288;3738142;IMPROVING PERFORMANCE IN VLIW SOFT-CORE PROCESSORS THROUGH SOFTWARE-CONTROLLED SCRATCHPADS;2;BIBLIOGRÁFICA;8;TRABALHO EM ANAIS;3;BIBLIOGRAFICA - TRABALHO EM ANAIS;80462;ENGENHARIA DA COMPUTAÇÃO;98299;SISTEMAS EMBARCADOS;;;01JAN2012:00:00:00.000000;;01JAN2012:00:00:00.000000;;0
42001013004P4;COMPUTAÇÃO;UFRGS;UNIVERSIDADE FEDERAL DO RIO GRANDE DO SUL;2016;21036161;3603434;A RECONFIGURABLE HETEROGENEOUS MULTICORE WITH A HOMOGENEOUS ISA;2;BIBLIOGRÁFICA;8;TRABALHO EM ANAIS;3;BIBLIOGRAFICA - TRABALHO EM ANAIS;80462;ENGENHARIA DA COMPUTAÇÃO;98299;SISTEMAS EMBARCADOS;342217;PROJETO AUTOMÁTICO DE MPSOCS TRANSPARENTES E ADAPTÁVEIS PARA SISTEMAS EMBARCADOS;01JAN2012:00:00:00.000000;;01JAN2012:00:00:00.000000;;0
42001013004P4;COMPUTAÇÃO;UFRGS;UNIVERSIDADE FEDERAL DO RIO GRANDE DO SUL;2016;21036279;3829595;IDENTIFYING IDIOMATIC LANGUAGE WITH DISTRIBUTIONAL SEMANTIC MODELS;2;BIBLIOGRÁFICA;8;TRABALHO EM ANAIS;3;BIBLIOGRAFICA - TRABALHO EM ANAIS;80466;INTELIGENCIA ARTIFICIAL;98294;INTELIGÊNCIA ARTIFICIAL;;;01JAN2012:00:00:00.000000;;01JAN2012:00:00:00.000000;;0
42001013004P4;COMPUTAÇÃO;UFRGS;UNIVERSIDADE FEDERAL DO RIO GRANDE DO SUL;2016;21036244;4025124;DYNAMIX: A DYNAMIC AGREEMENT MARKETPLACE ON INTERNET EXCHANGE POINTS;2;BIBLIOGRÁFICA;8;TRABALHO EM ANAIS;3;BIBLIOGRAFICA - TRABALHO EM ANAIS;80464;SISTEMAS DE COMPUTACAO;98291;REDES DE COMPUTADORES;;;01JAN2012:00:00:00.000000;;01JAN2012:00:00:00.000000;;0
42001013004P4;COMPUTAÇÃO;UFRGS;UNIVERSIDADE FEDERAL DO RIO GRANDE DO SUL;2016;21036316;3899594;MARS: AN SDN-BASED MALWARE ANALYSIS SOLUTION;2;BIBLIOGRÁFICA;8;TRABALHO EM ANAIS;3;BIBLIOGRAFICA - TRABALHO EM ANAIS;80464;SISTEMAS DE COMPUTACAO;98291;REDES DE COMPUTADORES;342912;SDN-MAN - GERENCIAMENTO DE REDES DEFINIDAS POR SOFTWARE;01JAN2012:00:00:00.000000;;01JAN2012:00:00:00.000000;;0
42001013004P4;COMPUTAÇÃO;UFRGS;UNIVERSIDADE FEDERAL DO RIO GRANDE DO SUL;2016;21036153;3638332;A MULTIAGENT REINFORCEMENT LEARNING APPROACH TO EN-ROUTE TRIP BUILDING;2;BIBLIOGRÁFICA;8;TRABALHO EM ANAIS;3;BIBLIOGRAFICA - TRABALHO EM ANAIS;80466;INTELIGENCIA ARTIFICIAL;98294;INTELIGÊNCIA ARTIFICIAL;;;01JAN2012:00:00:00.000000;;01JAN2012:00:00:00.000000;;0
42001013004P4;COMPUTAÇÃO;UFRGS;UNIVERSIDADE FEDERAL DO RIO GRANDE DO SUL;2016;21036430;3663751;TECHNICAL AND ADOPTION BENEFITS BROUGHT BY A PUBLIC DOMAIN TOOL TO EXPLORE AND VALIDATE RESQML V2 STANDARD EPC INSTANCES;2;BIBLIOGRÁFICA;8;TRABALHO EM ANAIS;3;BIBLIOGRAFICA - TRABALHO EM ANAIS;80466;INTELIGENCIA ARTIFICIAL;98294;INTELIGÊNCIA ARTIFICIAL;;;01JAN2012:00:00:00.000000;;01JAN2012:00:00:00.000000;;0
42001013004P4;COMPUTAÇÃO;UFRGS;UNIVERSIDADE FEDERAL DO RIO GRANDE DO SUL;2016;21035655;3659742;3D GESTURE MOUSE: BEING MULTITASK WITHOUT LOSING THE FOCUS;2;BIBLIOGRÁFICA;8;TRABALHO EM ANAIS;3;BIBLIOGRAFICA - TRABALHO EM ANAIS;80464;SISTEMAS DE COMPUTACAO;98293;COMPUTAÇÃO GRÁFICA, PROCESSAMENTO DE IMAGENS E INTERAÇÃO;;;01JAN2012:00:00:00.000000;;01JAN2012:00:00:00.000000;;0
42001013004P4;COMPUTAÇÃO;UFRGS;UNIVERSIDADE FEDERAL DO RIO GRANDE DO SUL;2016;21036303;3636724;JOINING FORCES FOR MULTIWORD EXPRESSION IDENTIFICATION;2;BIBLIOGRÁFICA;8;TRABALHO EM ANAIS;3;BIBLIOGRAFICA - TRABALHO EM ANAIS;80466;INTELIGENCIA ARTIFICIAL;98294;INTELIGÊNCIA ARTIFICIAL;;;01JAN2012:00:00:00.000000;;01JAN2012:00:00:00.000000;;0
42001013004P4;COMPUTAÇÃO;UFRGS;UNIVERSIDADE FEDERAL DO RIO GRANDE DO SUL;2016;21036383;3683859;RANDOM PROJECTIONS AND THEIR APPLICATIONS IN COMPUTER VISION;2;BIBLIOGRÁFICA;8;TRABALHO EM ANAIS;3;BIBLIOGRAFICA - TRABALHO EM ANAIS;80464;SISTEMAS DE COMPUTACAO;98293;COMPUTAÇÃO GRÁFICA, PROCESSAMENTO DE IMAGENS E INTERAÇÃO;342609;ANÁLISE E PROCESSAMENTO ESTATÍSTICO DE SINAIS E IMAGENS: NOVAS METODOLOGIAS E APLICAÇÕES;01JAN2012:00:00:00.000000;;01JAN2012:00:00:00.000000;;0
42001013004P4;COMPUTAÇÃO;UFRGS;UNIVERSIDADE FEDERAL DO RIO GRANDE DO SUL;2016;21036275;4122684;HOW PROGRAMMING LANGUAGES AND PARADIGMS AFFECT PERFORMANCE AND ENERGY IN MULTITHREADED APPLICATIONS;2;BIBLIOGRÁFICA;8;TRABALHO EM ANAIS;3;BIBLIOGRAFICA - TRABALHO EM ANAIS;80462;ENGENHARIA DA COMPUTAÇÃO;98299;SISTEMAS EMBARCADOS;342218;PROGRAMAÇÃO PARALELA EFICIENTE PARA OTIMIZAR O CONSUMO DE ENERGIA EM SISTEMAS EMBARCADOS E DE PROPÓSITO GERAL;01JAN2012:00:00:00.000000;;01JAN2012:00:00:00.000000;;0
42001013004P4;COMPUTAÇÃO;UFRGS;UNIVERSIDADE FEDERAL DO RIO GRANDE DO SUL;2016;21036371;3636637;POLICY-BASED DYNAMIC SERVICE CHAINING IN NETWORK FUNCTIONS VIRTUALIZATION;2;BIBLIOGRÁFICA;8;TRABALHO EM ANAIS;3;BIBLIOGRAFICA - TRABALHO EM ANAIS;80464;SISTEMAS DE COMPUTACAO;98291;REDES DE COMPUTADORES;341524;NETMAN PATTERNS: PADRÕES DE GERENCIAMENTO PARA RESILIÊNCIA E SEGURANÇA DE REDES;01JAN2012:00:00:00.000000;;01JAN2012:00:00:00.000000;;0
42001013004P4;COMPUTAÇÃO;UFRGS;UNIVERSIDADE FEDERAL DO RIO GRANDE DO SUL;2016;21036417;3603422;SPATIAL DISCRIMINATION OF VIBROTACTILE STIMULI AROUND THE HEAD;2;BIBLIOGRÁFICA;8;TRABALHO EM ANAIS;3;BIBLIOGRAFICA - TRABALHO EM ANAIS;80464;SISTEMAS DE COMPUTACAO;98293;COMPUTAÇÃO GRÁFICA, PROCESSAMENTO DE IMAGENS E INTERAÇÃO;;;01JAN2012:00:00:00.000000;;01JAN2012:00:00:00.000000;;0
42001013004P4;COMPUTAÇÃO;UFRGS;UNIVERSIDADE FEDERAL DO RIO GRANDE DO SUL;2016;21036345;3665300;MULTIPRESENCE: TOWARDS VIDEOCONFERENCE AND COLLABORATION IN MULTI-USE ENVIRONMENTS;2;BIBLIOGRÁFICA;8;TRABALHO EM ANAIS;3;BIBLIOGRAFICA - TRABALHO EM ANAIS;80464;SISTEMAS DE COMPUTACAO;98291;REDES DE COMPUTADORES;;;01JAN2012:00:00:00.000000;;01JAN2012:00:00:00.000000;;0
42001013004P4;COMPUTAÇÃO;UFRGS;UNIVERSIDADE FEDERAL DO RIO GRANDE DO SUL;2016;21036470;3899276;VISION -- INTERACTIVE AND SELECTIVE VISUALIZATION FOR MANAGEMENT OF NFV-ENABLED NETWORKS;2;BIBLIOGRÁFICA;8;TRABALHO EM ANAIS;3;BIBLIOGRAFICA - TRABALHO EM ANAIS;80464;SISTEMAS DE COMPUTACAO;98291;REDES DE COMPUTADORES;342912;SDN-MAN - GERENCIAMENTO DE REDES DEFINIDAS POR SOFTWARE;01JAN2012:00:00:00.000000;;01JAN2012:00:00:00.000000;;0
42001013004P4;COMPUTAÇÃO;UFRGS;UNIVERSIDADE FEDERAL DO RIO GRANDE DO SUL;2016;21036246;3660843;EFFICIENT STOCHASTIC LOCAL SEARCH FOR MODULARITY MAXIMIZATION;2;BIBLIOGRÁFICA;8;TRABALHO EM ANAIS;3;BIBLIOGRAFICA - TRABALHO EM ANAIS;;;;;;;;;;;0
42001013004P4;COMPUTAÇÃO;UFRGS;UNIVERSIDADE FEDERAL DO RIO GRANDE DO SUL;2016;21036228;3899339;COMPARING VIRTUALIZATION SOLUTIONS FOR NFV DEPLOYMENT: A NETWORK MANAGEMENT PERSPECTIVE;2;BIBLIOGRÁFICA;8;TRABALHO EM ANAIS;3;BIBLIOGRAFICA - TRABALHO EM ANAIS;80464;SISTEMAS DE COMPUTACAO;98291;REDES DE COMPUTADORES;;;01JAN2012:00:00:00.000000;;01JAN2012:00:00:00.000000;;0
42001013004P4;COMPUTAÇÃO;UFRGS;UNIVERSIDADE FEDERAL DO RIO GRANDE DO SUL;2016;21036382;3756654;RADIATION SENSITIVITY EVALUATION OF PEDESTRIAN DETECTION ALGORITHM;2;BIBLIOGRÁFICA;8;TRABALHO EM ANAIS;3;BIBLIOGRAFICA - TRABALHO EM ANAIS;80462;ENGENHARIA DA COMPUTAÇÃO;98300;TESTE E CONFIABILIDADE DE SISTEMAS INTEGRADOS DE HARDWARE E SOFTWARE;345435;AVALIAÇÃO EXPERIMENTAL E MITIGAÇÃO DOS EFEITOS DA RADIAÇÃO EM PROCESSADORES PARALELOS;01JAN2012:00:00:00.000000;;01JAN2012:00:00:00.000000;;0
42001013004P4;COMPUTAÇÃO;UFRGS;UNIVERSIDADE FEDERAL DO RIO GRANDE DO SUL;2016;21036257;3872204;EXPERIMENTS WITH SEMANTIC ENRICHMENT FOR EVENT CLASSIFICATION IN TWEETS;2;BIBLIOGRÁFICA;8;TRABALHO EM ANAIS;3;BIBLIOGRAFICA - TRABALHO EM ANAIS;80465;SISTEMAS DE INFORMACAO;98296;ENGENHARIA DE SOFTWARE;342746;SENTI-OBSERVER : ANALISE DE SENTIMENTOS BASEADA NO PONTO DE VISTA DO OBSERVADOR;01JAN2012:00:00:00.000000;;01JAN2012:00:00:00.000000;;0
42001013004P4;COMPUTAÇÃO;UFRGS;UNIVERSIDADE FEDERAL DO RIO GRANDE DO SUL;2016;21036188;3636099;ATLANTIC: A FRAMEWORK FOR ANOMALY TRAFFIC DETECTION, CLASSIFICATION, AND MITIGATION IN SDN;2;BIBLIOGRÁFICA;8;TRABALHO EM ANAIS;3;BIBLIOGRAFICA - TRABALHO EM ANAIS;80464;SISTEMAS DE COMPUTACAO;98291;REDES DE COMPUTADORES;301591;PROSEG - SEGURANÇA DA INFORMAÇÃO, PROTEÇÃO E RESILIÊNCIA EM SMART GRIDS;01JAN2012:00:00:00.000000;;01JAN2012:00:00:00.000000;;0
42001013004P4;COMPUTAÇÃO;UFRGS;UNIVERSIDADE FEDERAL DO RIO GRANDE DO SUL;2016;21036293;3663587;INTEGRATION OF LITHOLOGICAL DATA FOR ADVANCED SEISMIC INVERSION;2;BIBLIOGRÁFICA;8;TRABALHO EM ANAIS;3;BIBLIOGRAFICA - TRABALHO EM ANAIS;80466;INTELIGENCIA ARTIFICIAL;98294;INTELIGÊNCIA ARTIFICIAL;;;01JAN2012:00:00:00.000000;;01JAN2012:00:00:00.000000;;0
42001013004P4;COMPUTAÇÃO;UFRGS;UNIVERSIDADE FEDERAL DO RIO GRANDE DO SUL;2016;21036156;3801627;A NOVEL DENSITY-BASED APPROACH FOR INSTANCE SELECTION;2;BIBLIOGRÁFICA;8;TRABALHO EM ANAIS;3;BIBLIOGRAFICA - TRABALHO EM ANAIS;80466;INTELIGENCIA ARTIFICIAL;98294;INTELIGÊNCIA ARTIFICIAL;;;01JAN2012:00:00:00.000000;;01JAN2012:00:00:00.000000;;0
42001013004P4;COMPUTAÇÃO;UFRGS;UNIVERSIDADE FEDERAL DO RIO GRANDE DO SUL;2016;21036416;3663919;SOLVING ATOMIX WITH PATTERN DATABASES;2;BIBLIOGRÁFICA;8;TRABALHO EM ANAIS;3;BIBLIOGRAFICA - TRABALHO EM ANAIS;80463;INFORMATICA TEORICA;98297;FUNDAMENTOS DA COMPUTAÇÃO;;;01JAN2012:00:00:00.000000;;01JAN2012:00:00:00.000000;;0
42001013004P4;COMPUTAÇÃO;UFRGS;UNIVERSIDADE FEDERAL DO RIO GRANDE DO SUL;2016;21036407;3659443;SENTIMENT ANALYSIS IN TICKETS FOR IT SUPPORT;2;BIBLIOGRÁFICA;8;TRABALHO EM ANAIS;3;BIBLIOGRAFICA - TRABALHO EM ANAIS;80465;SISTEMAS DE INFORMACAO;98296;ENGENHARIA DE SOFTWARE;342746;SENTI-OBSERVER : ANALISE DE SENTIMENTOS BASEADA NO PONTO DE VISTA DO OBSERVADOR;01JAN2012:00:00:00.000000;;01JAN2012:00:00:00.000000;;0
42001013004P4;COMPUTAÇÃO;UFRGS;UNIVERSIDADE FEDERAL DO RIO GRANDE DO SUL;2016;21036264;3946890;FOSTERING COLLABORATION IN ENERGY RESEARCH AND TECHNOLOGICAL DEVELOPMENTS APPLYING NEW EXASCALE HPC TECHNIQUES;2;BIBLIOGRÁFICA;8;TRABALHO EM ANAIS;3;BIBLIOGRAFICA - TRABALHO EM ANAIS;80464;SISTEMAS DE COMPUTACAO;98290;PROCESSAMENTO PARALELO E DISTRIBUÍDO;386995;HPC4E - HIGH PERFORMANCE COMPUTING FOR ENERGY;01JAN2012:00:00:00.000000;;01JAN2012:00:00:00.000000;;0
42001013004P4;COMPUTAÇÃO;UFRGS;UNIVERSIDADE FEDERAL DO RIO GRANDE DO SUL;2016;21036424;4284281;STRATEGIES FOR BIG DATA ANALYTICS THROUGH LAMBDA ARCHITECTURES IN VOLATILE ENVIRONMENTS;2;BIBLIOGRÁFICA;8;TRABALHO EM ANAIS;3;BIBLIOGRAFICA - TRABALHO EM ANAIS;80464;SISTEMAS DE COMPUTACAO;98290;PROCESSAMENTO PARALELO E DISTRIBUÍDO;;;01JAN2012:00:00:00.000000;;01JAN2012:00:00:00.000000;;0
42001013004P4;COMPUTAÇÃO;UFRGS;UNIVERSIDADE FEDERAL DO RIO GRANDE DO SUL;2016;21036468;3604610;VIRTUAL NETWORK EMBEDDING IN SOFTWARE-DEFINED NETWORKS;2;BIBLIOGRÁFICA;8;TRABALHO EM ANAIS;3;BIBLIOGRAFICA - TRABALHO EM ANAIS;80464;SISTEMAS DE COMPUTACAO;98291;REDES DE COMPUTADORES;340942;ESTRATÉGIAS DE EXPANSÃO PONTUAL DE SUBSTRATOS FÍSICOS PARA ALOCAÇÃO EFICIENTE DE REDES VIRTUAIS;01JAN2012:00:00:00.000000;;01JAN2012:00:00:00.000000;;0
42001013004P4;COMPUTAÇÃO;UFRGS;UNIVERSIDADE FEDERAL DO RIO GRANDE DO SUL;2016;21036273;3638021;HOW NAKED IS THE NAKED TRUTH? A MULTILINGUAL LEXICON OF NOMINAL COMPOUND COMPOSITIONALITY;2;BIBLIOGRÁFICA;8;TRABALHO EM ANAIS;3;BIBLIOGRAFICA - TRABALHO EM ANAIS;80466;INTELIGENCIA ARTIFICIAL;98294;INTELIGÊNCIA ARTIFICIAL;;;01JAN2012:00:00:00.000000;;01JAN2012:00:00:00.000000;;0
42001013004P4;COMPUTAÇÃO;UFRGS;UNIVERSIDADE FEDERAL DO RIO GRANDE DO SUL;2016;21036187;3604545;ASTORIA: A FRAMEWORK FOR ATTACK SIMULATION AND EVALUATION IN SMART GRIDS;2;BIBLIOGRÁFICA;8;TRABALHO EM ANAIS;3;BIBLIOGRAFICA - TRABALHO EM ANAIS;80464;SISTEMAS DE COMPUTACAO;98291;REDES DE COMPUTADORES;301591;PROSEG - SEGURANÇA DA INFORMAÇÃO, PROTEÇÃO E RESILIÊNCIA EM SMART GRIDS;01JAN2012:00:00:00.000000;;01JAN2012:00:00:00.000000;;0
42001013004P4;COMPUTAÇÃO;UFRGS;UNIVERSIDADE FEDERAL DO RIO GRANDE DO SUL;2016;21036250;3850258;ENHANCING THE VISUALIZATION OF THE MICROVASCULATURE OF EXTRAHEPATIC BILE DUCTS OBTAINED FROM CONFOCAL MICROSCOPY IMAGES;2;BIBLIOGRÁFICA;8;TRABALHO EM ANAIS;3;BIBLIOGRAFICA - TRABALHO EM ANAIS;80464;SISTEMAS DE COMPUTACAO;98293;COMPUTAÇÃO GRÁFICA, PROCESSAMENTO DE IMAGENS E INTERAÇÃO;;;01JAN2012:00:00:00.000000;;01JAN2012:00:00:00.000000;;0
42001013004P4;COMPUTAÇÃO;UFRGS;UNIVERSIDADE FEDERAL DO RIO GRANDE DO SUL;2016;21036348;3603403;MWETOOLKIT+SEM: INTEGRATING WORD EMBEDDINGS IN THE MWETOOLKIT FOR SEMANTIC MWE PROCESSING;2;BIBLIOGRÁFICA;8;TRABALHO EM ANAIS;3;BIBLIOGRAFICA - TRABALHO EM ANAIS;80466;INTELIGENCIA ARTIFICIAL;98294;INTELIGÊNCIA ARTIFICIAL;;;01JAN2012:00:00:00.000000;;01JAN2012:00:00:00.000000;;0
42001013004P4;COMPUTAÇÃO;UFRGS;UNIVERSIDADE FEDERAL DO RIO GRANDE DO SUL;2016;21036317;3636795;MATRIX FACTORIZATION USING WINDOW SAMPLING FOR IMPROVED WORD REPRESENTATIONS;2;BIBLIOGRÁFICA;8;TRABALHO EM ANAIS;3;BIBLIOGRAFICA - TRABALHO EM ANAIS;80466;INTELIGENCIA ARTIFICIAL;98294;INTELIGÊNCIA ARTIFICIAL;;;01JAN2012:00:00:00.000000;;01JAN2012:00:00:00.000000;;0
42001013004P4;COMPUTAÇÃO;UFRGS;UNIVERSIDADE FEDERAL DO RIO GRANDE DO SUL;2016;21036311;3603540;LOW COST DYNAMIC SCRUBBING FOR REAL-TIME SYSTEMS;2;BIBLIOGRÁFICA;8;TRABALHO EM ANAIS;3;BIBLIOGRAFICA - TRABALHO EM ANAIS;80462;ENGENHARIA DA COMPUTAÇÃO;98299;SISTEMAS EMBARCADOS;;;01JAN2012:00:00:00.000000;;01JAN2012:00:00:00.000000;;0
42001013004P4;COMPUTAÇÃO;UFRGS;UNIVERSIDADE FEDERAL DO RIO GRANDE DO SUL;2016;21036436;3603438;THE IMPACT OF HETEROGENEITY ON A RECONFIGURABLE MULTICORE SYSTEM;2;BIBLIOGRÁFICA;8;TRABALHO EM ANAIS;3;BIBLIOGRAFICA - TRABALHO EM ANAIS;80462;ENGENHARIA DA COMPUTAÇÃO;98299;SISTEMAS EMBARCADOS;342217;PROJETO AUTOMÁTICO DE MPSOCS TRANSPARENTES E ADAPTÁVEIS PARA SISTEMAS EMBARCADOS;01JAN2012:00:00:00.000000;;01JAN2012:00:00:00.000000;;0
42001013004P4;COMPUTAÇÃO;UFRGS;UNIVERSIDADE FEDERAL DO RIO GRANDE DO SUL;2016;21036198;3906776;BOOTER BLACKLIST: UNVEILING DDOS-FOR-HIRE WEBSITES;2;BIBLIOGRÁFICA;8;TRABALHO EM ANAIS;3;BIBLIOGRAFICA - TRABALHO EM ANAIS;80464;SISTEMAS DE COMPUTACAO;98291;REDES DE COMPUTADORES;;;01JAN2012:00:00:00.000000;;01JAN2012:00:00:00.000000;;0
42001013004P4;COMPUTAÇÃO;UFRGS;UNIVERSIDADE FEDERAL DO RIO GRANDE DO SUL;2016;21036353;3660841;ON APPROXIMATING NETWORKS CENTRALITY MEASURES VIA NEURAL LEARNING ALGORITHMS;2;BIBLIOGRÁFICA;8;TRABALHO EM ANAIS;3;BIBLIOGRAFICA - TRABALHO EM ANAIS;80466;INTELIGENCIA ARTIFICIAL;98294;INTELIGÊNCIA ARTIFICIAL;;;01JAN2012:00:00:00.000000;;01JAN2012:00:00:00.000000;;0
42001013004P4;COMPUTAÇÃO;UFRGS;UNIVERSIDADE FEDERAL DO RIO GRANDE DO SUL;2016;21036396;3683719;SAM: A TOOL TO EASE THE DEVELOPMENT OF INTELLIGENT AGENTS;2;BIBLIOGRÁFICA;8;TRABALHO EM ANAIS;3;BIBLIOGRAFICA - TRABALHO EM ANAIS;80465;SISTEMAS DE INFORMACAO;98296;ENGENHARIA DE SOFTWARE;340778;DESENVOLVENDO AGENTES BDI EFETIVAMENTE COM UMA ABORDAGEM DIRIGIDA A MODELOS;01JAN2012:00:00:00.000000;;01JAN2012:00:00:00.000000;;0
42001013004P4;COMPUTAÇÃO;UFRGS;UNIVERSIDADE FEDERAL DO RIO GRANDE DO SUL;2016;21036467;3638290;USING TOPOLOGICAL STATISTICS TO BIAS AND ACCELERATE ROUTE CHOICE: PRELIMINARY FINDINGS IN SYNTHETIC AND REAL-WORLD ROAD NETWORKS;2;BIBLIOGRÁFICA;8;TRABALHO EM ANAIS;3;BIBLIOGRAFICA - TRABALHO EM ANAIS;80466;INTELIGENCIA ARTIFICIAL;98294;INTELIGÊNCIA ARTIFICIAL;;;01JAN2012:00:00:00.000000;;01JAN2012:00:00:00.000000;;0
42001013004P4;COMPUTAÇÃO;UFRGS;UNIVERSIDADE FEDERAL DO RIO GRANDE DO SUL;2016;21036439;3603402;THE PORTUGUESE B2SG: A SEMANTIC TEST FOR DISTRIBUTIONAL THESAURUS;2;BIBLIOGRÁFICA;8;TRABALHO EM ANAIS;3;BIBLIOGRAFICA - TRABALHO EM ANAIS;80466;INTELIGENCIA ARTIFICIAL;98294;INTELIGÊNCIA ARTIFICIAL;;;01JAN2012:00:00:00.000000;;01JAN2012:00:00:00.000000;;0
42001013004P4;COMPUTAÇÃO;UFRGS;UNIVERSIDADE FEDERAL DO RIO GRANDE DO SUL;2016;21036255;3920720;EVALUATION OF A COMBINED ENERGY FITNESS FUNCTION FOR A DISTRIBUTED MEMETIC ALGORITHM TO TACKLE THE 3D PROTEIN STRUCTURE PREDICTION PROBLEM;2;BIBLIOGRÁFICA;8;TRABALHO EM ANAIS;3;BIBLIOGRAFICA - TRABALHO EM ANAIS;80466;INTELIGENCIA ARTIFICIAL;98294;INTELIGÊNCIA ARTIFICIAL;387036;APRENDIZAGEM DE MAQUINA E METAHEURISTICAS ROBUSTAS PARA A PREDICAO DA ESTRUTURA 3D DE PROTEINAS;01JAN2012:00:00:00.000000;;01JAN2012:00:00:00.000000;;0
42001013004P4;COMPUTAÇÃO;UFRGS;UNIVERSIDADE FEDERAL DO RIO GRANDE DO SUL;2016;21036308;3659722;LOCALIZED MAGNIFICATION IN VIBROTACTILE HMDS FOR ACCURATE SPATIAL AWARENESS;2;BIBLIOGRÁFICA;8;TRABALHO EM ANAIS;3;BIBLIOGRAFICA - TRABALHO EM ANAIS;80464;SISTEMAS DE COMPUTACAO;98293;COMPUTAÇÃO GRÁFICA, PROCESSAMENTO DE IMAGENS E INTERAÇÃO;;;01JAN2012:00:00:00.000000;;01JAN2012:00:00:00.000000;;0
42001013004P4;COMPUTAÇÃO;UFRGS;UNIVERSIDADE FEDERAL DO RIO GRANDE DO SUL;2016;21036379;3845384;PROVIDING PRODUCER MOBILITY SUPPORT IN NDN THROUGH PROACTIVE DATA REPLICATION;2;BIBLIOGRÁFICA;8;TRABALHO EM ANAIS;3;BIBLIOGRAFICA - TRABALHO EM ANAIS;80464;SISTEMAS DE COMPUTACAO;98291;REDES DE COMPUTADORES;;;01JAN2012:00:00:00.000000;;01JAN2012:00:00:00.000000;;0
42001013004P4;COMPUTAÇÃO;UFRGS;UNIVERSIDADE FEDERAL DO RIO GRANDE DO SUL;2016;21036243;3636681;DREAM - A DISTRIBUTED RESULT-AWARE MONITOR FOR NETWORK FUNCTIONS VIRTUALIZATION;2;BIBLIOGRÁFICA;8;TRABALHO EM ANAIS;3;BIBLIOGRAFICA - TRABALHO EM ANAIS;80464;SISTEMAS DE COMPUTACAO;98291;REDES DE COMPUTADORES;342912;SDN-MAN - GERENCIAMENTO DE REDES DEFINIDAS POR SOFTWARE;01JAN2012:00:00:00.000000;;01JAN2012:00:00:00.000000;;0
42001013004P4;COMPUTAÇÃO;UFRGS;UNIVERSIDADE FEDERAL DO RIO GRANDE DO SUL;2016;21036259;4287429;EXTENDING FREERTOS TO SUPPORT DYNAMIC AND DISTRIBUTED MAPPING IN MULTIPROCESSOR SYSTEMS;2;BIBLIOGRÁFICA;8;TRABALHO EM ANAIS;3;BIBLIOGRAFICA - TRABALHO EM ANAIS;80462;ENGENHARIA DA COMPUTAÇÃO;98288;MICROELETRÔNICA;;;01JAN2012:00:00:00.000000;;01JAN2012:00:00:00.000000;;0
42001013004P4;COMPUTAÇÃO;UFRGS;UNIVERSIDADE FEDERAL DO RIO GRANDE DO SUL;2016;21036162;3660283;A REDE TEM A RESPOSTA: UM MODELO ESCALÁVEL PARA PREDIÇÃO INTEGRADA DE QUALIDADE DE VÍDEO E QOE EM REDES IP;2;BIBLIOGRÁFICA;8;TRABALHO EM ANAIS;3;BIBLIOGRAFICA - TRABALHO EM ANAIS;80464;SISTEMAS DE COMPUTACAO;98291;REDES DE COMPUTADORES;244706;NETMETRIC;01JAN2012:00:00:00.000000;;01JAN2012:00:00:00.000000;;0
42001013004P4;COMPUTAÇÃO;UFRGS;UNIVERSIDADE FEDERAL DO RIO GRANDE DO SUL;2016;21036177;3636623;ANALYSING CYBER-PHYSICAL ATTACKS TO A SMART GRID: A VOLTAGE CONTROL USE CASE;2;BIBLIOGRÁFICA;8;TRABALHO EM ANAIS;3;BIBLIOGRAFICA - TRABALHO EM ANAIS;80464;SISTEMAS DE COMPUTACAO;98291;REDES DE COMPUTADORES;301591;PROSEG - SEGURANÇA DA INFORMAÇÃO, PROTEÇÃO E RESILIÊNCIA EM SMART GRIDS;01JAN2012:00:00:00.000000;;01JAN2012:00:00:00.000000;;0
42001013004P4;COMPUTAÇÃO;UFRGS;UNIVERSIDADE FEDERAL DO RIO GRANDE DO SUL;2016;21036310;3659597;LOSSLESS MULTITASKING: USING 3D GESTURES EMBEDDED IN MOUSE DEVICES;2;BIBLIOGRÁFICA;8;TRABALHO EM ANAIS;3;BIBLIOGRAFICA - TRABALHO EM ANAIS;80464;SISTEMAS DE COMPUTACAO;98293;COMPUTAÇÃO GRÁFICA, PROCESSAMENTO DE IMAGENS E INTERAÇÃO;;;01JAN2012:00:00:00.000000;;01JAN2012:00:00:00.000000;;0
42001013004P4;COMPUTAÇÃO;UFRGS;UNIVERSIDADE FEDERAL DO RIO GRANDE DO SUL;2016;21036427;3908761;SYSTEM ENERGY ANALYSIS FOR SHARED MEMORY MULTIPROCESSING APPLICATIONS;2;BIBLIOGRÁFICA;8;TRABALHO EM ANAIS;3;BIBLIOGRAFICA - TRABALHO EM ANAIS;80464;SISTEMAS DE COMPUTACAO;98290;PROCESSAMENTO PARALELO E DISTRIBUÍDO;342917;EXASCALE COMPUTING: SCHEDULING AND ENERGY;01JAN2012:00:00:00.000000;;01JAN2012:00:00:00.000000;;0
42001013004P4;COMPUTAÇÃO;UFRGS;UNIVERSIDADE FEDERAL DO RIO GRANDE DO SUL;2016;21036454;3660142;UKP5: A NEW ALGORITHM FOR THE UNBOUNDED KNAPSACK PROBLEM;2;BIBLIOGRÁFICA;8;TRABALHO EM ANAIS;3;BIBLIOGRAFICA - TRABALHO EM ANAIS;80463;INFORMATICA TEORICA;98297;FUNDAMENTOS DA COMPUTAÇÃO;342918;RESOLUÇÃO DE PROBLEMAS DE OTIMIZAÇÃO COMBINATÓRIA;01JAN2012:00:00:00.000000;;01JAN2012:00:00:00.000000;;0
42001013004P4;COMPUTAÇÃO;UFRGS;UNIVERSIDADE FEDERAL DO RIO GRANDE DO SUL;2016;21036309;3657309;LONG-TERM PLACE RECOGNITION USING MULTI-LEVEL WORDS OF SPATIAL DENSITIES;2;BIBLIOGRÁFICA;8;TRABALHO EM ANAIS;3;BIBLIOGRAFICA - TRABALHO EM ANAIS;80466;INTELIGENCIA ARTIFICIAL;98294;INTELIGÊNCIA ARTIFICIAL;;;01JAN2012:00:00:00.000000;;01JAN2012:00:00:00.000000;;0
42001013004P4;COMPUTAÇÃO;UFRGS;UNIVERSIDADE FEDERAL DO RIO GRANDE DO SUL;2016;21036320;4280354;MEDICAL IMAGING VR: CAN IMMERSIVE 3D AID IN DIAGNOSIS?;2;BIBLIOGRÁFICA;8;TRABALHO EM ANAIS;3;BIBLIOGRAFICA - TRABALHO EM ANAIS;80464;SISTEMAS DE COMPUTACAO;98293;COMPUTAÇÃO GRÁFICA, PROCESSAMENTO DE IMAGENS E INTERAÇÃO;342182;SIMULACAO INDIVIDUALIZADA DE PROCEDIMENTOS CIRURGICOS MINIMAMENTE INVASIVOS;01JAN2012:00:00:00.000000;;01JAN2012:00:00:00.000000;;0
