CD_PROGRAMA_IES,NM_PROGRAMA_IES,SG_ENTIDADE_ENSINO,NM_ENTIDADE_ENSINO,AN_BASE,ID_ADD_PRODUCAO_INTELECTUAL,ID_PRODUCAO_INTELECTUAL,NM_PRODUCAO,ID_TIPO_PRODUCAO,NM_TIPO_PRODUCAO,ID_SUBTIPO_PRODUCAO,NM_SUBTIPO_PRODUCAO,ID_FORMULARIO_PRODUCAO,NM_FORMULARIO,ID_AREA_CONCENTRACAO,NM_AREA_CONCENTRACAO,ID_LINHA_PESQUISA,NM_LINHA_PESQUISA,ID_PROJETO,NM_PROJETO,DH_INICIO_AREA_CONC,DH_FIM_AREA_CONC,DH_INICIO_LINHA,DH_FIM_LINHA,IN_GLOSA
42001013078P8,MICROELETRÔNICA,UFRGS,UNIVERSIDADE FEDERAL DO RIO GRANDE DO SUL,2017,22638930,5131639,UNRAVELING THE OXIDATION MECHANISMS TAKING PLACE IN EARLY STEPS OF 4H-SIC DRY THERMAL OXIDATION,2,BIBLIOGRÁFICA,8,TRABALHO EM ANAIS,3,BIBLIOGRAFICA - TRABALHO EM ANAIS,80621,PROCESSAMENTO FÍSICO-QUÍMICO DE MATERIAIS E DISPOSITIVOS,98860,PROCESSOS FÍSICO-QUÍMICOS EM SILÍCIO,,,01MAR2003:00:00:00.000000,,01JAN2012:00:00:00.000000,,0
42001013078P8,MICROELETRÔNICA,UFRGS,UNIVERSIDADE FEDERAL DO RIO GRANDE DO SUL,2017,22633290,5918797,A CELL CLUSTERING TECHNIQUE TO REDUCE TRANSISTOR COUNT,2,BIBLIOGRÁFICA,8,TRABALHO EM ANAIS,3,BIBLIOGRAFICA - TRABALHO EM ANAIS,80623,CONCEPÇÃO DE CIRCUITOS E SISTEMAS INTEGRADOS,113580,PROJETO DE CIRCUITOS E SISTEMAS TOLERANTES A RADIAÇÃO,,,01MAR2003:00:00:00.000000,,01MAR2003:00:00:00.000000,,0
42001013078P8,MICROELETRÔNICA,UFRGS,UNIVERSIDADE FEDERAL DO RIO GRANDE DO SUL,2017,22638720,6012625,EXPLOITING ABSOLUTE ARITHMETIC FOR POWER-EFFICIENT SUM OF ABSOLUTE DIFFERENCES,2,BIBLIOGRÁFICA,8,TRABALHO EM ANAIS,3,BIBLIOGRAFICA - TRABALHO EM ANAIS,80623,CONCEPÇÃO DE CIRCUITOS E SISTEMAS INTEGRADOS,113559,PROJETO DE CIRCUITOS COM BAIXO CONSUMO DE POTÊNCIA,,,01MAR2003:00:00:00.000000,,01MAR2003:00:00:00.000000,,0
42001013078P8,MICROELETRÔNICA,UFRGS,UNIVERSIDADE FEDERAL DO RIO GRANDE DO SUL,2017,22633293,5431247,A FULLY INTEGRATED CMOS 2.4GHZ AND 24DBM LINEAR POWER AMPLIFIER,2,BIBLIOGRÁFICA,8,TRABALHO EM ANAIS,3,BIBLIOGRAFICA - TRABALHO EM ANAIS,,,,,,,,,,,0
42001013078P8,MICROELETRÔNICA,UFRGS,UNIVERSIDADE FEDERAL DO RIO GRANDE DO SUL,2017,22633303,5431072,"A SUB-1 V, NANOPOWER, ZTC BASED ZERO-VT TEMPERATURE-COMPENSATED CURRENT REFERENCE",2,BIBLIOGRÁFICA,8,TRABALHO EM ANAIS,3,BIBLIOGRAFICA - TRABALHO EM ANAIS,80623,CONCEPÇÃO DE CIRCUITOS E SISTEMAS INTEGRADOS,113559,PROJETO DE CIRCUITOS COM BAIXO CONSUMO DE POTÊNCIA,,,01MAR2003:00:00:00.000000,,01MAR2003:00:00:00.000000,,0
42001013078P8,MICROELETRÔNICA,UFRGS,UNIVERSIDADE FEDERAL DO RIO GRANDE DO SUL,2017,22638892,5131081,SEU SUSCEPTIBILITY ANALYSIS OF A FEEDFORWARD NEURAL NETWORK IMPLEMENTED IN A SRAM-BASED FPGA,2,BIBLIOGRÁFICA,8,TRABALHO EM ANAIS,3,BIBLIOGRAFICA - TRABALHO EM ANAIS,80623,CONCEPÇÃO DE CIRCUITOS E SISTEMAS INTEGRADOS,98865,PROJETO DE ARQUITETURAS VLSI DEDICADOS A APLICAÇÕES ESPECIFÍCAS DE CODIFICAÇÃO DE VIDEO,,,01MAR2003:00:00:00.000000,,01MAR2003:00:00:00.000000,,0
42001013078P8,MICROELETRÔNICA,UFRGS,UNIVERSIDADE FEDERAL DO RIO GRANDE DO SUL,2017,22638905,5917126,UFRGSPLACE: ROUTABILITY DRIVEN FPGA PLACEMENT ALGORITHM FOR HETEROGENEOUS FPGAS,2,BIBLIOGRÁFICA,8,TRABALHO EM ANAIS,3,BIBLIOGRAFICA - TRABALHO EM ANAIS,80623,CONCEPÇÃO DE CIRCUITOS E SISTEMAS INTEGRADOS,98858,PROJETO DE CIRCUITOS E SISTEMAS DIGITAIS,,,01MAR2003:00:00:00.000000,,01MAR2003:00:00:00.000000,,0
42001013078P8,MICROELETRÔNICA,UFRGS,UNIVERSIDADE FEDERAL DO RIO GRANDE DO SUL,2017,22638932,6012630,USING ADDER AND SUBTRACTOR COMPRESSORS TO SUM OF ABSOLUTE TRANSFORMED DIFFERENCES ARCHITECTURE FOR LOW-POWER VIDEO ENCODING,2,BIBLIOGRÁFICA,8,TRABALHO EM ANAIS,3,BIBLIOGRAFICA - TRABALHO EM ANAIS,80623,CONCEPÇÃO DE CIRCUITOS E SISTEMAS INTEGRADOS,98858,PROJETO DE CIRCUITOS E SISTEMAS DIGITAIS,,,01MAR2003:00:00:00.000000,,01MAR2003:00:00:00.000000,,0
42001013078P8,MICROELETRÔNICA,UFRGS,UNIVERSIDADE FEDERAL DO RIO GRANDE DO SUL,2017,22638890,5868166,SET RESPONSE OF FINFET-BASED MAJORITY VOTER CIRCUITS UNDER WORK-FUNCTION FLUCTUATION,2,BIBLIOGRÁFICA,8,TRABALHO EM ANAIS,3,BIBLIOGRAFICA - TRABALHO EM ANAIS,80623,CONCEPÇÃO DE CIRCUITOS E SISTEMAS INTEGRADOS,98858,PROJETO DE CIRCUITOS E SISTEMAS DIGITAIS,,,01MAR2003:00:00:00.000000,,01MAR2003:00:00:00.000000,,0
42001013078P8,MICROELETRÔNICA,UFRGS,UNIVERSIDADE FEDERAL DO RIO GRANDE DO SUL,2017,22638840,5421671,ROBUSTNESS OF SUB-22NM MULTIGATE DEVICES AGAINST PHYSICAL VARIABILITY,2,BIBLIOGRÁFICA,8,TRABALHO EM ANAIS,3,BIBLIOGRAFICA - TRABALHO EM ANAIS,80623,CONCEPÇÃO DE CIRCUITOS E SISTEMAS INTEGRADOS,98858,PROJETO DE CIRCUITOS E SISTEMAS DIGITAIS,,,01MAR2003:00:00:00.000000,,01MAR2003:00:00:00.000000,,0
42001013078P8,MICROELETRÔNICA,UFRGS,UNIVERSIDADE FEDERAL DO RIO GRANDE DO SUL,2017,22633307,5431196,AN ULTRA-LOW POWER HIGH-ORDER TEMPERATURE- COMPENSATED CMOS VOLTAGE REFERENCE,2,BIBLIOGRÁFICA,8,TRABALHO EM ANAIS,3,BIBLIOGRAFICA - TRABALHO EM ANAIS,80623,CONCEPÇÃO DE CIRCUITOS E SISTEMAS INTEGRADOS,113559,PROJETO DE CIRCUITOS COM BAIXO CONSUMO DE POTÊNCIA,,,01MAR2003:00:00:00.000000,,01MAR2003:00:00:00.000000,,0
42001013078P8,MICROELETRÔNICA,UFRGS,UNIVERSIDADE FEDERAL DO RIO GRANDE DO SUL,2017,22638836,5885903,PRUNING AND APPROXIMATION OF COEFFICIENTS FORPOWER-EFFICIENT 2-D DISCRETE TCHEBICHEF TRANSFORM,2,BIBLIOGRÁFICA,8,TRABALHO EM ANAIS,3,BIBLIOGRAFICA - TRABALHO EM ANAIS,80623,CONCEPÇÃO DE CIRCUITOS E SISTEMAS INTEGRADOS,98858,PROJETO DE CIRCUITOS E SISTEMAS DIGITAIS,,,01MAR2003:00:00:00.000000,,01MAR2003:00:00:00.000000,,0
42001013078P8,MICROELETRÔNICA,UFRGS,UNIVERSIDADE FEDERAL DO RIO GRANDE DO SUL,2017,22638778,5728404,LOW COST AUTOMATIC TEST VECTOR GENERATION FOR STRUCTURAL ANALOG TESTING,2,BIBLIOGRÁFICA,8,TRABALHO EM ANAIS,3,BIBLIOGRAFICA - TRABALHO EM ANAIS,80623,CONCEPÇÃO DE CIRCUITOS E SISTEMAS INTEGRADOS,113580,PROJETO DE CIRCUITOS E SISTEMAS TOLERANTES A RADIAÇÃO,,,01MAR2003:00:00:00.000000,,01MAR2003:00:00:00.000000,,0
42001013078P8,MICROELETRÔNICA,UFRGS,UNIVERSIDADE FEDERAL DO RIO GRANDE DO SUL,2017,22638784,5415319,NI/AL2O3/4H-SIC SCHOTTKY DIODES,2,BIBLIOGRÁFICA,8,TRABALHO EM ANAIS,3,BIBLIOGRAFICA - TRABALHO EM ANAIS,80621,PROCESSAMENTO FÍSICO-QUÍMICO DE MATERIAIS E DISPOSITIVOS,98860,PROCESSOS FÍSICO-QUÍMICOS EM SILÍCIO,,,01MAR2003:00:00:00.000000,,01JAN2012:00:00:00.000000,,0
42001013078P8,MICROELETRÔNICA,UFRGS,UNIVERSIDADE FEDERAL DO RIO GRANDE DO SUL,2017,22638725,6100979,FAST-EXTRACT WITH CUBE HASHING,2,BIBLIOGRÁFICA,8,TRABALHO EM ANAIS,3,BIBLIOGRAFICA - TRABALHO EM ANAIS,80626,FERRAMENTAS DE CAD PARA CIRCUITOS INTEGRADOS,98857,SÍNTESE FISICA,,,01MAR2003:00:00:00.000000,,01MAR2003:00:00:00.000000,,0
42001013078P8,MICROELETRÔNICA,UFRGS,UNIVERSIDADE FEDERAL DO RIO GRANDE DO SUL,2017,22638657,5131070,BINARY ADDER CIRCUIT DESIGN USING EMERGING MIGFET DEVICES,2,BIBLIOGRÁFICA,8,TRABALHO EM ANAIS,3,BIBLIOGRAFICA - TRABALHO EM ANAIS,80626,FERRAMENTAS DE CAD PARA CIRCUITOS INTEGRADOS,98857,SÍNTESE FISICA,,,01MAR2003:00:00:00.000000,,01MAR2003:00:00:00.000000,,0
42001013078P8,MICROELETRÔNICA,UFRGS,UNIVERSIDADE FEDERAL DO RIO GRANDE DO SUL,2017,22638774,5131609,INCORPORATION AND STABILITY OF PHOSPHORUS IN THE SIO2/SIC INTERFACIAL REGION DEPOSITED BY SPUTTERING,2,BIBLIOGRÁFICA,8,TRABALHO EM ANAIS,3,BIBLIOGRAFICA - TRABALHO EM ANAIS,80621,PROCESSAMENTO FÍSICO-QUÍMICO DE MATERIAIS E DISPOSITIVOS,98860,PROCESSOS FÍSICO-QUÍMICOS EM SILÍCIO,,,01MAR2003:00:00:00.000000,,01JAN2012:00:00:00.000000,,0
42001013078P8,MICROELETRÔNICA,UFRGS,UNIVERSIDADE FEDERAL DO RIO GRANDE DO SUL,2017,22638713,5131666,EVALUATING THE EFFICIENCY OF USING TMR IN THE HIGH-LEVEL SYNTHESIS DESIGN FLOW OF SRAM-BASED FPGA,2,BIBLIOGRÁFICA,8,TRABALHO EM ANAIS,3,BIBLIOGRAFICA - TRABALHO EM ANAIS,80624,TESTE DE CIRCUITOS E SISTEMAS ELETRÔNICOS,113581,INJEÇÃO DE FALHAS,,,01MAR2003:00:00:00.000000,,01MAR2003:00:00:00.000000,,0
42001013078P8,MICROELETRÔNICA,UFRGS,UNIVERSIDADE FEDERAL DO RIO GRANDE DO SUL,2017,22638891,5131664,SEU SUSCEPTIBILITY ANALYSIS OF A FEEDFORWARD NEURAL NETWORK IMPLEMENTED IN A SRAM-BASED FPGA,2,BIBLIOGRÁFICA,8,TRABALHO EM ANAIS,3,BIBLIOGRAFICA - TRABALHO EM ANAIS,80623,CONCEPÇÃO DE CIRCUITOS E SISTEMAS INTEGRADOS,98865,PROJETO DE ARQUITETURAS VLSI DEDICADOS A APLICAÇÕES ESPECIFÍCAS DE CODIFICAÇÃO DE VIDEO,,,01MAR2003:00:00:00.000000,,01MAR2003:00:00:00.000000,,0
42001013078P8,MICROELETRÔNICA,UFRGS,UNIVERSIDADE FEDERAL DO RIO GRANDE DO SUL,2017,22633291,5414431,A COMPACT MODEL FOR BTI SIMULATION UNDER CYCLO-STATIONARY CONDITIONS,2,BIBLIOGRÁFICA,8,TRABALHO EM ANAIS,3,BIBLIOGRAFICA - TRABALHO EM ANAIS,,,,,,,,,,,0
42001013078P8,MICROELETRÔNICA,UFRGS,UNIVERSIDADE FEDERAL DO RIO GRANDE DO SUL,2017,22638711,5894199,ENHANCING I2C ROBUSTNESS TO SOFT ERRORS,2,BIBLIOGRÁFICA,8,TRABALHO EM ANAIS,3,BIBLIOGRAFICA - TRABALHO EM ANAIS,80624,TESTE DE CIRCUITOS E SISTEMAS ELETRÔNICOS,113581,INJEÇÃO DE FALHAS,,,01MAR2003:00:00:00.000000,,01MAR2003:00:00:00.000000,,0
42001013078P8,MICROELETRÔNICA,UFRGS,UNIVERSIDADE FEDERAL DO RIO GRANDE DO SUL,2017,22638723,5415297,FABRICATION AND CHARACTERIZATION OF A PH SENSOR,2,BIBLIOGRÁFICA,8,TRABALHO EM ANAIS,3,BIBLIOGRAFICA - TRABALHO EM ANAIS,80621,PROCESSAMENTO FÍSICO-QUÍMICO DE MATERIAIS E DISPOSITIVOS,98860,PROCESSOS FÍSICO-QUÍMICOS EM SILÍCIO,,,01MAR2003:00:00:00.000000,,01JAN2012:00:00:00.000000,,0
42001013078P8,MICROELETRÔNICA,UFRGS,UNIVERSIDADE FEDERAL DO RIO GRANDE DO SUL,2017,22638772,5421717,IMPLICATIONS OF WORK-FUNCTION FLUCTUATION ON RADIATION ROBUSTNESS OF FINFET XOR CIRCUITS,2,BIBLIOGRÁFICA,8,TRABALHO EM ANAIS,3,BIBLIOGRAFICA - TRABALHO EM ANAIS,80623,CONCEPÇÃO DE CIRCUITOS E SISTEMAS INTEGRADOS,98858,PROJETO DE CIRCUITOS E SISTEMAS DIGITAIS,,,01MAR2003:00:00:00.000000,,01MAR2003:00:00:00.000000,,0
42001013078P8,MICROELETRÔNICA,UFRGS,UNIVERSIDADE FEDERAL DO RIO GRANDE DO SUL,2017,22638724,5415416,FABRICATION AND OPTIMIZATION OF A PH SENSOR,2,BIBLIOGRÁFICA,8,TRABALHO EM ANAIS,3,BIBLIOGRAFICA - TRABALHO EM ANAIS,80621,PROCESSAMENTO FÍSICO-QUÍMICO DE MATERIAIS E DISPOSITIVOS,98860,PROCESSOS FÍSICO-QUÍMICOS EM SILÍCIO,,,01MAR2003:00:00:00.000000,,01JAN2012:00:00:00.000000,,0
42001013078P8,MICROELETRÔNICA,UFRGS,UNIVERSIDADE FEDERAL DO RIO GRANDE DO SUL,2017,22638777,5867667,INVESTIGATING PARALLEL TMR APPROACHES AND THREAD DISPOSABILITY IN LINUX,2,BIBLIOGRÁFICA,8,TRABALHO EM ANAIS,3,BIBLIOGRAFICA - TRABALHO EM ANAIS,80624,TESTE DE CIRCUITOS E SISTEMAS ELETRÔNICOS,113581,INJEÇÃO DE FALHAS,,,01MAR2003:00:00:00.000000,,01MAR2003:00:00:00.000000,,0
42001013078P8,MICROELETRÔNICA,UFRGS,UNIVERSIDADE FEDERAL DO RIO GRANDE DO SUL,2017,22638843,5421691,RSYN ? A PHYSICAL SYNTHESIS FRAMEWORK FOR RESEARCH AND EDUCATION,2,BIBLIOGRÁFICA,8,TRABALHO EM ANAIS,3,BIBLIOGRAFICA - TRABALHO EM ANAIS,80626,FERRAMENTAS DE CAD PARA CIRCUITOS INTEGRADOS,98857,SÍNTESE FISICA,,,01MAR2003:00:00:00.000000,,01MAR2003:00:00:00.000000,,0
42001013078P8,MICROELETRÔNICA,UFRGS,UNIVERSIDADE FEDERAL DO RIO GRANDE DO SUL,2017,22638833,5421778,PROCESS AND TEMPERATURE IMPACT ON SINGLE-EVENT TRANSIENTS IN 28NM FDSOI CMOS,2,BIBLIOGRÁFICA,8,TRABALHO EM ANAIS,3,BIBLIOGRAFICA - TRABALHO EM ANAIS,80626,FERRAMENTAS DE CAD PARA CIRCUITOS INTEGRADOS,98857,SÍNTESE FISICA,,,01MAR2003:00:00:00.000000,,01MAR2003:00:00:00.000000,,0
42001013078P8,MICROELETRÔNICA,UFRGS,UNIVERSIDADE FEDERAL DO RIO GRANDE DO SUL,2017,22638785,5415601,NI/AL2O3/4H-SIC SCHOTTKY DIODES FOR ALPHA PARTICLE DETECTOR,2,BIBLIOGRÁFICA,8,TRABALHO EM ANAIS,3,BIBLIOGRAFICA - TRABALHO EM ANAIS,80621,PROCESSAMENTO FÍSICO-QUÍMICO DE MATERIAIS E DISPOSITIVOS,98860,PROCESSOS FÍSICO-QUÍMICOS EM SILÍCIO,,,01MAR2003:00:00:00.000000,,01JAN2012:00:00:00.000000,,0
42001013078P8,MICROELETRÔNICA,UFRGS,UNIVERSIDADE FEDERAL DO RIO GRANDE DO SUL,2017,22638780,5415459,"METAL-INSULATOR-SEMICONDUCTOR DIODE USING ALUMINUM, TITANIUM DIOXIDE AND SILICON.",2,BIBLIOGRÁFICA,8,TRABALHO EM ANAIS,3,BIBLIOGRAFICA - TRABALHO EM ANAIS,80621,PROCESSAMENTO FÍSICO-QUÍMICO DE MATERIAIS E DISPOSITIVOS,98860,PROCESSOS FÍSICO-QUÍMICOS EM SILÍCIO,,,01MAR2003:00:00:00.000000,,01JAN2012:00:00:00.000000,,0
42001013078P8,MICROELETRÔNICA,UFRGS,UNIVERSIDADE FEDERAL DO RIO GRANDE DO SUL,2017,22638663,5978716,DATA COMPRESSION AND DECOMPRESSION INTEGRATED CIRCUIT FOR AC POWER QUALITY DATA,2,BIBLIOGRÁFICA,8,TRABALHO EM ANAIS,3,BIBLIOGRAFICA - TRABALHO EM ANAIS,80623,CONCEPÇÃO DE CIRCUITOS E SISTEMAS INTEGRADOS,98865,PROJETO DE ARQUITETURAS VLSI DEDICADOS A APLICAÇÕES ESPECIFÍCAS DE CODIFICAÇÃO DE VIDEO,,,01MAR2003:00:00:00.000000,,01MAR2003:00:00:00.000000,,0
42001013078P8,MICROELETRÔNICA,UFRGS,UNIVERSIDADE FEDERAL DO RIO GRANDE DO SUL,2017,22638889,5850287,SET RESPONSE OF FINFET-BASED MAJORITY VOTER CIRCUITS UNDER WORK-FUNCTION FLUCTUATION,2,BIBLIOGRÁFICA,8,TRABALHO EM ANAIS,3,BIBLIOGRAFICA - TRABALHO EM ANAIS,80623,CONCEPÇÃO DE CIRCUITOS E SISTEMAS INTEGRADOS,98858,PROJETO DE CIRCUITOS E SISTEMAS DIGITAIS,,,01MAR2003:00:00:00.000000,,01MAR2003:00:00:00.000000,,0
42001013078P8,MICROELETRÔNICA,UFRGS,UNIVERSIDADE FEDERAL DO RIO GRANDE DO SUL,2017,22633304,5414392,A VARIABILITY-BASED ANALYSIS TECHNIQUE REVEALING PHYSICAL MECHANISMS OF MOSFET LOW-FREQUENCY NOISE,2,BIBLIOGRÁFICA,8,TRABALHO EM ANAIS,3,BIBLIOGRAFICA - TRABALHO EM ANAIS,80624,TESTE DE CIRCUITOS E SISTEMAS ELETRÔNICOS,98859,METODOLOGIA DE TESTE DE CIRCUITOS INTEGRADOS,,,01MAR2003:00:00:00.000000,,01MAR2003:00:00:00.000000,,0
42001013078P8,MICROELETRÔNICA,UFRGS,UNIVERSIDADE FEDERAL DO RIO GRANDE DO SUL,2017,22638831,5918489,"POWER, PERFORMANCE AND ROBUSTNESS OF RADIATION HARDENED LATCHES UNDER VOLTAGE VARIABILITY",2,BIBLIOGRÁFICA,8,TRABALHO EM ANAIS,3,BIBLIOGRAFICA - TRABALHO EM ANAIS,80623,CONCEPÇÃO DE CIRCUITOS E SISTEMAS INTEGRADOS,98858,PROJETO DE CIRCUITOS E SISTEMAS DIGITAIS,,,01MAR2003:00:00:00.000000,,01MAR2003:00:00:00.000000,,0
42001013078P8,MICROELETRÔNICA,UFRGS,UNIVERSIDADE FEDERAL DO RIO GRANDE DO SUL,2017,22638897,5868373,TEMPERATURE DEPENDENCE AND ZTC BIAS POINT EVALUATION OF SUB 20NM BULK MULTIGATE DEVICES,2,BIBLIOGRÁFICA,8,TRABALHO EM ANAIS,3,BIBLIOGRAFICA - TRABALHO EM ANAIS,80623,CONCEPÇÃO DE CIRCUITOS E SISTEMAS INTEGRADOS,98858,PROJETO DE CIRCUITOS E SISTEMAS DIGITAIS,,,01MAR2003:00:00:00.000000,,01MAR2003:00:00:00.000000,,0
42001013078P8,MICROELETRÔNICA,UFRGS,UNIVERSIDADE FEDERAL DO RIO GRANDE DO SUL,2017,22638937,5131160,VERY THIN SIO2 FILMS THERMALLY GROWN ON SIC: UNRAVELING THE MECHANISMS TAKING PLACE IN EARLY STEPS USING NUCLEAR REACTION,2,BIBLIOGRÁFICA,8,TRABALHO EM ANAIS,3,BIBLIOGRAFICA - TRABALHO EM ANAIS,80621,PROCESSAMENTO FÍSICO-QUÍMICO DE MATERIAIS E DISPOSITIVOS,98860,PROCESSOS FÍSICO-QUÍMICOS EM SILÍCIO,,,01MAR2003:00:00:00.000000,,01JAN2012:00:00:00.000000,,0
42001013078P8,MICROELETRÔNICA,UFRGS,UNIVERSIDADE FEDERAL DO RIO GRANDE DO SUL,2017,22638934,6012348,USING EFFICIENT ADDER COMPRESSORS WITH A SPLIT-RADIX BUTTERFLY HARDWARE ARCHITECTURE FOR LOW-POWER IOT SMART SENSORS,2,BIBLIOGRÁFICA,8,TRABALHO EM ANAIS,3,BIBLIOGRAFICA - TRABALHO EM ANAIS,80623,CONCEPÇÃO DE CIRCUITOS E SISTEMAS INTEGRADOS,98858,PROJETO DE CIRCUITOS E SISTEMAS DIGITAIS,,,01MAR2003:00:00:00.000000,,01MAR2003:00:00:00.000000,,0
42001013078P8,MICROELETRÔNICA,UFRGS,UNIVERSIDADE FEDERAL DO RIO GRANDE DO SUL,2017,22638727,5885868,FRAMEWORK-BASED ARITHMETIC CORE GENERATION TO EXPLORE ASIC-BASED PARALLEL BINARY MULTIPLIERS,2,BIBLIOGRÁFICA,8,TRABALHO EM ANAIS,3,BIBLIOGRAFICA - TRABALHO EM ANAIS,80623,CONCEPÇÃO DE CIRCUITOS E SISTEMAS INTEGRADOS,98866,PROJETO DE CIRCUITOS ANALÓGICOS CMOS,,,01MAR2003:00:00:00.000000,,01MAR2003:00:00:00.000000,,0
42001013078P8,MICROELETRÔNICA,UFRGS,UNIVERSIDADE FEDERAL DO RIO GRANDE DO SUL,2017,22638770,5867772,IMPACT OF SCHMITT TRIGGER INVERTERS ON PROCESS VARIABILITY ROBUSTNESS OF 1-BIT FULL ADDERS,2,BIBLIOGRÁFICA,8,TRABALHO EM ANAIS,3,BIBLIOGRAFICA - TRABALHO EM ANAIS,80626,FERRAMENTAS DE CAD PARA CIRCUITOS INTEGRADOS,98857,SÍNTESE FISICA,,,01MAR2003:00:00:00.000000,,01MAR2003:00:00:00.000000,,0
42001013078P8,MICROELETRÔNICA,UFRGS,UNIVERSIDADE FEDERAL DO RIO GRANDE DO SUL,2017,22638654,5131669,APPLYING LOCKSTEP IN DUAL-CORE ARM CORTEX-A9 TO MITIGATE RADIATION-INDUCED SOFT ERRORS,2,BIBLIOGRÁFICA,8,TRABALHO EM ANAIS,3,BIBLIOGRAFICA - TRABALHO EM ANAIS,80624,TESTE DE CIRCUITOS E SISTEMAS ELETRÔNICOS,98859,METODOLOGIA DE TESTE DE CIRCUITOS INTEGRADOS,,,01MAR2003:00:00:00.000000,,01MAR2003:00:00:00.000000,,0
42001013078P8,MICROELETRÔNICA,UFRGS,UNIVERSIDADE FEDERAL DO RIO GRANDE DO SUL,2017,22638776,5850191,INVESTIGATING PARALLEL TMR APPROACHES AND THREAD DISPOSABILITY IN LINUX,2,BIBLIOGRÁFICA,8,TRABALHO EM ANAIS,3,BIBLIOGRAFICA - TRABALHO EM ANAIS,80624,TESTE DE CIRCUITOS E SISTEMAS ELETRÔNICOS,113581,INJEÇÃO DE FALHAS,,,01MAR2003:00:00:00.000000,,01MAR2003:00:00:00.000000,,0
42001013078P8,MICROELETRÔNICA,UFRGS,UNIVERSIDADE FEDERAL DO RIO GRANDE DO SUL,2017,22638650,5415916,ANALYZING THE BEHAVIOR OF FINFET SRAMS WITH RESISTIVE DEFECTS,2,BIBLIOGRÁFICA,8,TRABALHO EM ANAIS,3,BIBLIOGRAFICA - TRABALHO EM ANAIS,80623,CONCEPÇÃO DE CIRCUITOS E SISTEMAS INTEGRADOS,113580,PROJETO DE CIRCUITOS E SISTEMAS TOLERANTES A RADIAÇÃO,,,01MAR2003:00:00:00.000000,,01MAR2003:00:00:00.000000,,0
42001013078P8,MICROELETRÔNICA,UFRGS,UNIVERSIDADE FEDERAL DO RIO GRANDE DO SUL,2017,22638648,5870182,ANALYZING LOCKSTEP DUAL-CORE ARM CORTEX-A9 SOFT ERROR MITIGATION IN FREERTOS APPLICATIONS,2,BIBLIOGRÁFICA,8,TRABALHO EM ANAIS,3,BIBLIOGRAFICA - TRABALHO EM ANAIS,80624,TESTE DE CIRCUITOS E SISTEMAS ELETRÔNICOS,98859,METODOLOGIA DE TESTE DE CIRCUITOS INTEGRADOS,,,01MAR2003:00:00:00.000000,,01MAR2003:00:00:00.000000,,0
42001013078P8,MICROELETRÔNICA,UFRGS,UNIVERSIDADE FEDERAL DO RIO GRANDE DO SUL,2017,22638769,5415232,IC BRAZIL PROGRAM TRAINING CENTERS: 8 YEARS EMPOWERING LATIN AMERICAN ENGINEERS TO WORK WITH MICROELECTRONICS,2,BIBLIOGRÁFICA,8,TRABALHO EM ANAIS,3,BIBLIOGRAFICA - TRABALHO EM ANAIS,80623,CONCEPÇÃO DE CIRCUITOS E SISTEMAS INTEGRADOS,98858,PROJETO DE CIRCUITOS E SISTEMAS DIGITAIS,,,01MAR2003:00:00:00.000000,,01MAR2003:00:00:00.000000,,0
42001013078P8,MICROELETRÔNICA,UFRGS,UNIVERSIDADE FEDERAL DO RIO GRANDE DO SUL,2017,22638773,5415613,INCORPORATION AND STABILITY OF PHOSPHORUS AT THE SIO2/SIC INTERFACIAL REGION DEPOSITED BY SPUTTERING,2,BIBLIOGRÁFICA,8,TRABALHO EM ANAIS,3,BIBLIOGRAFICA - TRABALHO EM ANAIS,80621,PROCESSAMENTO FÍSICO-QUÍMICO DE MATERIAIS E DISPOSITIVOS,98860,PROCESSOS FÍSICO-QUÍMICOS EM SILÍCIO,,,01MAR2003:00:00:00.000000,,01JAN2012:00:00:00.000000,,0
42001013078P8,MICROELETRÔNICA,UFRGS,UNIVERSIDADE FEDERAL DO RIO GRANDE DO SUL,2017,22638842,5421539,RSYN,2,BIBLIOGRÁFICA,8,TRABALHO EM ANAIS,3,BIBLIOGRAFICA - TRABALHO EM ANAIS,80626,FERRAMENTAS DE CAD PARA CIRCUITOS INTEGRADOS,98857,SÍNTESE FISICA,,,01MAR2003:00:00:00.000000,,01MAR2003:00:00:00.000000,,0
42001013078P8,MICROELETRÔNICA,UFRGS,UNIVERSIDADE FEDERAL DO RIO GRANDE DO SUL,2017,22633306,5431103,A 90% EFFICIENCY 60 MW MPPT SWITCHED CAPACITOR DC ? DC CONVERTER FOR PHOTOVOLTAIC ENERGY HARVESTING AIMING FOR IOT APPLICATIONS,2,BIBLIOGRÁFICA,8,TRABALHO EM ANAIS,3,BIBLIOGRAFICA - TRABALHO EM ANAIS,80623,CONCEPÇÃO DE CIRCUITOS E SISTEMAS INTEGRADOS,113559,PROJETO DE CIRCUITOS COM BAIXO CONSUMO DE POTÊNCIA,,,01MAR2003:00:00:00.000000,,01MAR2003:00:00:00.000000,,0
42001013078P8,MICROELETRÔNICA,UFRGS,UNIVERSIDADE FEDERAL DO RIO GRANDE DO SUL,2017,22638837,5421525,RADIATION SENSITIVITY OF XOR TOPOLOGIES IN MULTIGATE TECHNOLOGIES UNDER VOLTAGE VARIABILITY,2,BIBLIOGRÁFICA,8,TRABALHO EM ANAIS,3,BIBLIOGRAFICA - TRABALHO EM ANAIS,80623,CONCEPÇÃO DE CIRCUITOS E SISTEMAS INTEGRADOS,98858,PROJETO DE CIRCUITOS E SISTEMAS DIGITAIS,,,01MAR2003:00:00:00.000000,,01MAR2003:00:00:00.000000,,0
42001013078P8,MICROELETRÔNICA,UFRGS,UNIVERSIDADE FEDERAL DO RIO GRANDE DO SUL,2017,22638841,5421734,ROUTABILITY DRIVEN FPGA PLACEMENT ALGORITHM FOR HETEROGENEOUS FPGAS,2,BIBLIOGRÁFICA,8,TRABALHO EM ANAIS,3,BIBLIOGRAFICA - TRABALHO EM ANAIS,80623,CONCEPÇÃO DE CIRCUITOS E SISTEMAS INTEGRADOS,98858,PROJETO DE CIRCUITOS E SISTEMAS DIGITAIS,,,01MAR2003:00:00:00.000000,,01MAR2003:00:00:00.000000,,0
42001013078P8,MICROELETRÔNICA,UFRGS,UNIVERSIDADE FEDERAL DO RIO GRANDE DO SUL,2017,22638658,5415686,BINARY ADDER CIRCUIT DESIGN USING EMERGING MIGFET DEVICES,2,BIBLIOGRÁFICA,8,TRABALHO EM ANAIS,3,BIBLIOGRAFICA - TRABALHO EM ANAIS,80626,FERRAMENTAS DE CAD PARA CIRCUITOS INTEGRADOS,98857,SÍNTESE FISICA,,,01MAR2003:00:00:00.000000,,01MAR2003:00:00:00.000000,,0
42001013078P8,MICROELETRÔNICA,UFRGS,UNIVERSIDADE FEDERAL DO RIO GRANDE DO SUL,2017,22633294,5431172,A HIGH IIP3 6.5 MW SELF-BIASED 0.3?3 GHZ SMALL AREA LNA,2,BIBLIOGRÁFICA,8,TRABALHO EM ANAIS,3,BIBLIOGRAFICA - TRABALHO EM ANAIS,,,,,,,,,,,0
42001013078P8,MICROELETRÔNICA,UFRGS,UNIVERSIDADE FEDERAL DO RIO GRANDE DO SUL,2017,22638828,5659565,PASSIVATION ANALYSIS OF THE EMITTER AND SELECTIVE BACK SURFACE FIELD OF SILICON SOLAR CELLS,2,BIBLIOGRÁFICA,8,TRABALHO EM ANAIS,3,BIBLIOGRAFICA - TRABALHO EM ANAIS,80621,PROCESSAMENTO FÍSICO-QUÍMICO DE MATERIAIS E DISPOSITIVOS,98860,PROCESSOS FÍSICO-QUÍMICOS EM SILÍCIO,,,01MAR2003:00:00:00.000000,,01JAN2012:00:00:00.000000,,0
42001013078P8,MICROELETRÔNICA,UFRGS,UNIVERSIDADE FEDERAL DO RIO GRANDE DO SUL,2017,22638666,5414454,DETERMINISTIC METHODOLOGY TO EVALUATE BTI IMPACT ON LOGIC GATES PROPAGATION DELAY,2,BIBLIOGRÁFICA,8,TRABALHO EM ANAIS,3,BIBLIOGRAFICA - TRABALHO EM ANAIS,81399,DISPOSITIVOS ELETRÔNICOS,113578,MODELAGEM DE DISPOSITIVOS ELETRÔNICOS,,,01MAR2003:00:00:00.000000,,03MAR2003:00:00:00.000000,,0
42001013078P8,MICROELETRÔNICA,UFRGS,UNIVERSIDADE FEDERAL DO RIO GRANDE DO SUL,2017,22638779,5415205,LOW POWER IEEE 802.11AH RECEIVER SYSTEM-LEVEL DESIGN AIMING FOR IOT APPLICATIONS,2,BIBLIOGRÁFICA,8,TRABALHO EM ANAIS,3,BIBLIOGRAFICA - TRABALHO EM ANAIS,80623,CONCEPÇÃO DE CIRCUITOS E SISTEMAS INTEGRADOS,113558,PROJETO DE CIRCUITOS RF INTEGRADOS,,,01MAR2003:00:00:00.000000,,01MAR2003:00:00:00.000000,,0
42001013078P8,MICROELETRÔNICA,UFRGS,UNIVERSIDADE FEDERAL DO RIO GRANDE DO SUL,2017,22633300,6012411,A POWER-EFFICIENT 4-2 ADDER COMPRESSOR TOPOLOGY,2,BIBLIOGRÁFICA,8,TRABALHO EM ANAIS,3,BIBLIOGRAFICA - TRABALHO EM ANAIS,80623,CONCEPÇÃO DE CIRCUITOS E SISTEMAS INTEGRADOS,98858,PROJETO DE CIRCUITOS E SISTEMAS DIGITAIS,,,01MAR2003:00:00:00.000000,,01MAR2003:00:00:00.000000,,0
42001013078P8,MICROELETRÔNICA,UFRGS,UNIVERSIDADE FEDERAL DO RIO GRANDE DO SUL,2017,22638712,5131655,EVALUATING THE BEHAVIOR OF SUCCESSIVE APPROXIMATION ALGORITHMS UNDER SOFT ERRORS,2,BIBLIOGRÁFICA,8,TRABALHO EM ANAIS,3,BIBLIOGRAFICA - TRABALHO EM ANAIS,80624,TESTE DE CIRCUITOS E SISTEMAS ELETRÔNICOS,113581,INJEÇÃO DE FALHAS,,,01MAR2003:00:00:00.000000,,01MAR2003:00:00:00.000000,,0
42001013078P8,MICROELETRÔNICA,UFRGS,UNIVERSIDADE FEDERAL DO RIO GRANDE DO SUL,2017,22638717,6155321,EVALUATION OF MULTICORE SYSTEMS SOFT ERROR RELIABILITY USING VIRTUAL PLATFORMS,2,BIBLIOGRÁFICA,8,TRABALHO EM ANAIS,3,BIBLIOGRAFICA - TRABALHO EM ANAIS,80623,CONCEPÇÃO DE CIRCUITOS E SISTEMAS INTEGRADOS,98858,PROJETO DE CIRCUITOS E SISTEMAS DIGITAIS,,,01MAR2003:00:00:00.000000,,01MAR2003:00:00:00.000000,,0
42001013078P8,MICROELETRÔNICA,UFRGS,UNIVERSIDADE FEDERAL DO RIO GRANDE DO SUL,2017,22638783,5421536,MRAM CONTROL TRANSISTOR RESILIENCE AGAINST HEAVY-ION IMPACTS,2,BIBLIOGRÁFICA,8,TRABALHO EM ANAIS,3,BIBLIOGRAFICA - TRABALHO EM ANAIS,80626,FERRAMENTAS DE CAD PARA CIRCUITOS INTEGRADOS,98857,SÍNTESE FISICA,,,01MAR2003:00:00:00.000000,,01MAR2003:00:00:00.000000,,0
42001013078P8,MICROELETRÔNICA,UFRGS,UNIVERSIDADE FEDERAL DO RIO GRANDE DO SUL,2017,22638844,5893415,RUTHERFORD BACKSCATTERING SPECTROMETRY AS A VALUABLE TOOL TO CHARACTERIZE HFO2 FILMS GROWN BY ATOMIC LAYER DEPOSITION,2,BIBLIOGRÁFICA,8,TRABALHO EM ANAIS,3,BIBLIOGRAFICA - TRABALHO EM ANAIS,80621,PROCESSAMENTO FÍSICO-QUÍMICO DE MATERIAIS E DISPOSITIVOS,98860,PROCESSOS FÍSICO-QUÍMICOS EM SILÍCIO,,,01MAR2003:00:00:00.000000,,01JAN2012:00:00:00.000000,,0
42001013078P8,MICROELETRÔNICA,UFRGS,UNIVERSIDADE FEDERAL DO RIO GRANDE DO SUL,2017,22638714,5738878,EVALUATION OF A MIXED-SIGNAL DESIGN DIVERSITY SYSTEM UNDER RADIATION EFFECTS,2,BIBLIOGRÁFICA,8,TRABALHO EM ANAIS,3,BIBLIOGRAFICA - TRABALHO EM ANAIS,80624,TESTE DE CIRCUITOS E SISTEMAS ELETRÔNICOS,98859,METODOLOGIA DE TESTE DE CIRCUITOS INTEGRADOS,,,01MAR2003:00:00:00.000000,,01MAR2003:00:00:00.000000,,0
42001013078P8,MICROELETRÔNICA,UFRGS,UNIVERSIDADE FEDERAL DO RIO GRANDE DO SUL,2017,22638835,5925391,"PROJETO DE PORTAS LÓGICAS XOR COM REDUÇÃO DE POTÊNCIA POR VOLTAGE SCALING,",2,BIBLIOGRÁFICA,8,TRABALHO EM ANAIS,3,BIBLIOGRAFICA - TRABALHO EM ANAIS,80623,CONCEPÇÃO DE CIRCUITOS E SISTEMAS INTEGRADOS,98858,PROJETO DE CIRCUITOS E SISTEMAS DIGITAIS,,,01MAR2003:00:00:00.000000,,01MAR2003:00:00:00.000000,,0
42001013078P8,MICROELETRÔNICA,UFRGS,UNIVERSIDADE FEDERAL DO RIO GRANDE DO SUL,2017,22638771,5885822,IMPACT OF SRAM IP ASPECT RATIO IN ASIC-ORIENTED VITERBI DECODER PHYSICAL IMPLEMENTATION,2,BIBLIOGRÁFICA,8,TRABALHO EM ANAIS,3,BIBLIOGRAFICA - TRABALHO EM ANAIS,80623,CONCEPÇÃO DE CIRCUITOS E SISTEMAS INTEGRADOS,98858,PROJETO DE CIRCUITOS E SISTEMAS DIGITAIS,,,01MAR2003:00:00:00.000000,,01MAR2003:00:00:00.000000,,0
42001013078P8,MICROELETRÔNICA,UFRGS,UNIVERSIDADE FEDERAL DO RIO GRANDE DO SUL,2017,22638715,5131650,EVALUATION OF FAULT ATTACK DETECTION ON SRAM-BASED FPGAS,2,BIBLIOGRÁFICA,8,TRABALHO EM ANAIS,3,BIBLIOGRAFICA - TRABALHO EM ANAIS,80624,TESTE DE CIRCUITOS E SISTEMAS ELETRÔNICOS,113581,INJEÇÃO DE FALHAS,,,01MAR2003:00:00:00.000000,,01MAR2003:00:00:00.000000,,0
42001013078P8,MICROELETRÔNICA,UFRGS,UNIVERSIDADE FEDERAL DO RIO GRANDE DO SUL,2017,22638888,5551152,SELF-ALIGNED ZNO NANOPARTICLE-BASED TFTS FOR FLEXIBLE ELECTRONICS,2,BIBLIOGRÁFICA,8,TRABALHO EM ANAIS,3,BIBLIOGRAFICA - TRABALHO EM ANAIS,81399,DISPOSITIVOS ELETRÔNICOS,113579,SIMULAÇÃO ELÉTRICA DE DISPOSITIVOS ELETRONICOS,,,01MAR2003:00:00:00.000000,,01MAR2003:00:00:00.000000,,0
42001013078P8,MICROELETRÔNICA,UFRGS,UNIVERSIDADE FEDERAL DO RIO GRANDE DO SUL,2017,22638667,5415242,ELECTROMAGNETIC SIMULATION AND ANALYSIS OF CROSSTALK EFFECT IN INTEGRATED CIRCUITS,2,BIBLIOGRÁFICA,8,TRABALHO EM ANAIS,3,BIBLIOGRAFICA - TRABALHO EM ANAIS,80623,CONCEPÇÃO DE CIRCUITOS E SISTEMAS INTEGRADOS,113558,PROJETO DE CIRCUITOS RF INTEGRADOS,,,01MAR2003:00:00:00.000000,,01MAR2003:00:00:00.000000,,0
42001013078P8,MICROELETRÔNICA,UFRGS,UNIVERSIDADE FEDERAL DO RIO GRANDE DO SUL,2017,22638726,5131621,FAULT INJECTION METHODOLOGY FOR SINGLE EVENT EFFECTS ON CLOCK-GATED ASICS,2,BIBLIOGRÁFICA,8,TRABALHO EM ANAIS,3,BIBLIOGRAFICA - TRABALHO EM ANAIS,80626,FERRAMENTAS DE CAD PARA CIRCUITOS INTEGRADOS,113530,VERIFICAÇÃO,,,01MAR2003:00:00:00.000000,,01MAR2003:00:00:00.000000,,0
42001013078P8,MICROELETRÔNICA,UFRGS,UNIVERSIDADE FEDERAL DO RIO GRANDE DO SUL,2017,22633305,5431182,"A 0.45 V, 93 PW TEMPERATURE-COMPENSATED CMOS VOLTAGE REFERENCE",2,BIBLIOGRÁFICA,8,TRABALHO EM ANAIS,3,BIBLIOGRAFICA - TRABALHO EM ANAIS,80623,CONCEPÇÃO DE CIRCUITOS E SISTEMAS INTEGRADOS,113559,PROJETO DE CIRCUITOS COM BAIXO CONSUMO DE POTÊNCIA,,,01MAR2003:00:00:00.000000,,01MAR2003:00:00:00.000000,,0
42001013078P8,MICROELETRÔNICA,UFRGS,UNIVERSIDADE FEDERAL DO RIO GRANDE DO SUL,2018,24047104,6355491,ISA-DTMR: SELECTIVE PROTECTION IN CONFIGURABLE HETEROGENEOUS MULTICORES,2,BIBLIOGRÁFICA,8,TRABALHO EM ANAIS,3,BIBLIOGRAFICA - TRABALHO EM ANAIS,,,,,,,,,,,0
42001013078P8,MICROELETRÔNICA,UFRGS,UNIVERSIDADE FEDERAL DO RIO GRANDE DO SUL,2018,24047098,6534343,IMPROVING APPROXIMATE-TMR USING MULTI-OBJECTIVE OPTIMIZATION GENETIC ALGORITHM,2,BIBLIOGRÁFICA,8,TRABALHO EM ANAIS,3,BIBLIOGRAFICA - TRABALHO EM ANAIS,,,,,,,,,,,0
42001013078P8,MICROELETRÔNICA,UFRGS,UNIVERSIDADE FEDERAL DO RIO GRANDE DO SUL,2018,24047015,6355549,EMPLOYING CLASSIFICATION-BASED ALGORITHMS FOR GENERAL-PURPOSE APPROXIMATE COMPUTING,2,BIBLIOGRÁFICA,8,TRABALHO EM ANAIS,3,BIBLIOGRAFICA - TRABALHO EM ANAIS,,,,,,,,,,,0
42001013078P8,MICROELETRÔNICA,UFRGS,UNIVERSIDADE FEDERAL DO RIO GRANDE DO SUL,2018,24046862,6360073,A LOW-COST BRAM-BASED FUNCTION REUSE FOR CONFIGURABLE SOFT-CORE PROCESSORS IN FPGAS,2,BIBLIOGRÁFICA,8,TRABALHO EM ANAIS,3,BIBLIOGRAFICA - TRABALHO EM ANAIS,,,,,,,,,,,0
42001013078P8,MICROELETRÔNICA,UFRGS,UNIVERSIDADE FEDERAL DO RIO GRANDE DO SUL,2018,24047081,6622739,EXPLORING THE IMPACT OF SOFT ERRORS ON NOC-BASED MULTIPROCESSOR SYSTEMS,2,BIBLIOGRÁFICA,8,TRABALHO EM ANAIS,3,BIBLIOGRAFICA - TRABALHO EM ANAIS,,,,,,,,,,,0
42001013078P8,MICROELETRÔNICA,UFRGS,UNIVERSIDADE FEDERAL DO RIO GRANDE DO SUL,2018,24047019,6868297,EVALUATING THE IMPACT OF EXECUTION PARAMETERS ON PROGRAM VULNERABILITY IN GPU APPLICATIONS,2,BIBLIOGRÁFICA,8,TRABALHO EM ANAIS,3,BIBLIOGRAFICA - TRABALHO EM ANAIS,80623,CONCEPÇÃO DE CIRCUITOS E SISTEMAS INTEGRADOS,113580,PROJETO DE CIRCUITOS E SISTEMAS TOLERANTES A RADIAÇÃO,,,01MAR2003:00:00:00.000000,,01MAR2003:00:00:00.000000,,0
42001013078P8,MICROELETRÔNICA,UFRGS,UNIVERSIDADE FEDERAL DO RIO GRANDE DO SUL,2018,24047083,6327397,EXPLORING THE INHERENT FAULT TOLERANCE OF SUCCESSIVE APPROXIMATION ALGORITHMS UNDER LASER FAULT INJECTION,2,BIBLIOGRÁFICA,8,TRABALHO EM ANAIS,3,BIBLIOGRAFICA - TRABALHO EM ANAIS,,,,,,,,,,,0
42001013078P8,MICROELETRÔNICA,UFRGS,UNIVERSIDADE FEDERAL DO RIO GRANDE DO SUL,2018,24047009,6622701,EARLY EVALUATION OF MULTICORE SYSTEMS SOFT ERROR RELIABILITY USING VIRTUAL PLATFORMS,2,BIBLIOGRÁFICA,8,TRABALHO EM ANAIS,3,BIBLIOGRAFICA - TRABALHO EM ANAIS,,,,,,,,,,,0
42001013078P8,MICROELETRÔNICA,UFRGS,UNIVERSIDADE FEDERAL DO RIO GRANDE DO SUL,2018,24047167,6595140,TIME DOMAIN ELECTRICAL CHARACTERIZATION IN ZINC OXIDE NANOPARTICLE THIN-FILM TRANSISTORS,2,BIBLIOGRÁFICA,8,TRABALHO EM ANAIS,3,BIBLIOGRAFICA - TRABALHO EM ANAIS,,,,,,,,,,,0
42001013078P8,MICROELETRÔNICA,UFRGS,UNIVERSIDADE FEDERAL DO RIO GRANDE DO SUL,2018,24047119,6534346,PERFORMANCES VS RELIABILITY: HOW TO EXPLOIT APPROXIMATE COMPUTING FOR SAFETY-CRITICAL APPLICATIONS,2,BIBLIOGRÁFICA,8,TRABALHO EM ANAIS,3,BIBLIOGRAFICA - TRABALHO EM ANAIS,,,,,,,,,,,0
42001013078P8,MICROELETRÔNICA,UFRGS,UNIVERSIDADE FEDERAL DO RIO GRANDE DO SUL,2018,24047129,6878445,PREDICTING THE RELIABILITY BEHAVIOR OF HPC APPLICATIONS,2,BIBLIOGRÁFICA,8,TRABALHO EM ANAIS,3,BIBLIOGRAFICA - TRABALHO EM ANAIS,80623,CONCEPÇÃO DE CIRCUITOS E SISTEMAS INTEGRADOS,113580,PROJETO DE CIRCUITOS E SISTEMAS TOLERANTES A RADIAÇÃO,,,01MAR2003:00:00:00.000000,,01MAR2003:00:00:00.000000,,0
42001013078P8,MICROELETRÔNICA,UFRGS,UNIVERSIDADE FEDERAL DO RIO GRANDE DO SUL,2018,24046966,6355497,DIM-VEX: EXPLOITING DESIGN TIME CONFIGURABILITY AND RUNTIME RECONFIGURABILITY,2,BIBLIOGRÁFICA,8,TRABALHO EM ANAIS,3,BIBLIOGRAFICA - TRABALHO EM ANAIS,,,,,,,,,,,0
42001013078P8,MICROELETRÔNICA,UFRGS,UNIVERSIDADE FEDERAL DO RIO GRANDE DO SUL,2018,24047137,6688831,P3HT/PVA BASED ORGANIC FIELD-EFFECT TRANSISTORS,2,BIBLIOGRÁFICA,8,TRABALHO EM ANAIS,3,BIBLIOGRAFICA - TRABALHO EM ANAIS,,,,,,,,,,,0
42001013078P8,MICROELETRÔNICA,UFRGS,UNIVERSIDADE FEDERAL DO RIO GRANDE DO SUL,2018,24046885,6622648,AN AUTOMATED METHODOLOGY TO FIX ELECTROMIGRATION VIOLATIONS ON A CUSTOMIZED DESIGN FLOW,2,BIBLIOGRÁFICA,8,TRABALHO EM ANAIS,3,BIBLIOGRAFICA - TRABALHO EM ANAIS,80624,TESTE DE CIRCUITOS E SISTEMAS ELETRÔNICOS,98859,METODOLOGIA DE TESTE DE CIRCUITOS INTEGRADOS,,,01MAR2003:00:00:00.000000,,01MAR2003:00:00:00.000000,,0
42001013078P8,MICROELETRÔNICA,UFRGS,UNIVERSIDADE FEDERAL DO RIO GRANDE DO SUL,2018,24047084,6622720,EXTENSIVE EVALUATION OF PROGRAMMING MODELS AND ISAS IMPACT ON MULTICORE SO ERROR RELIABILITY,2,BIBLIOGRÁFICA,8,TRABALHO EM ANAIS,3,BIBLIOGRAFICA - TRABALHO EM ANAIS,,,,,,,,,,,0
42001013078P8,MICROELETRÔNICA,UFRGS,UNIVERSIDADE FEDERAL DO RIO GRANDE DO SUL,2018,24047117,6626438,PARALLEL AIG REWRITING,2,BIBLIOGRÁFICA,8,TRABALHO EM ANAIS,3,BIBLIOGRAFICA - TRABALHO EM ANAIS,,,,,,,,,,,0
42001013078P8,MICROELETRÔNICA,UFRGS,UNIVERSIDADE FEDERAL DO RIO GRANDE DO SUL,2018,24047132,6353924,PROCESSING IN 3D MEMORIES TO SPEED UP OPERATIONS ON COMPLEX DATA STRUCTURES,2,BIBLIOGRÁFICA,8,TRABALHO EM ANAIS,3,BIBLIOGRAFICA - TRABALHO EM ANAIS,,,,,,,,,,,0
42001013078P8,MICROELETRÔNICA,UFRGS,UNIVERSIDADE FEDERAL DO RIO GRANDE DO SUL,2018,24047079,6353093,EXPLORING POWER-PERFORMANCE-QUALITY TRADEOFF OF APPROXIMATE ADDERS FOR ENERGY EFFICIENT SOBEL FILTERING.,2,BIBLIOGRÁFICA,8,TRABALHO EM ANAIS,3,BIBLIOGRAFICA - TRABALHO EM ANAIS,,,,,,,,,,,0
42001013078P8,MICROELETRÔNICA,UFRGS,UNIVERSIDADE FEDERAL DO RIO GRANDE DO SUL,2018,24047072,6626435,EXACT MULTI-LEVEL BENCHMARK CIRCUIT GENERATION FOR LOGIC SYNTHESIS EVALUATION,2,BIBLIOGRÁFICA,8,TRABALHO EM ANAIS,3,BIBLIOGRAFICA - TRABALHO EM ANAIS,,,,,,,,,,,0
42001013078P8,MICROELETRÔNICA,UFRGS,UNIVERSIDADE FEDERAL DO RIO GRANDE DO SUL,2018,24047169,6353831,TOWARDS A VLSI DESIGN FLOW BASED ON LOGIC COMPUTATION AND SIGNAL DISTRIBUTION,2,BIBLIOGRÁFICA,8,TRABALHO EM ANAIS,3,BIBLIOGRAFICA - TRABALHO EM ANAIS,,,,,,,,,,,0
42001013078P8,MICROELETRÔNICA,UFRGS,UNIVERSIDADE FEDERAL DO RIO GRANDE DO SUL,2018,24046865,6626340,A NONLINEAR PLACEMENT FOR FPGAS: THE CHAOTIC PLACE,2,BIBLIOGRÁFICA,8,TRABALHO EM ANAIS,3,BIBLIOGRAFICA - TRABALHO EM ANAIS,,,,,,,,,,,0
42001013078P8,MICROELETRÔNICA,UFRGS,UNIVERSIDADE FEDERAL DO RIO GRANDE DO SUL,2018,24047162,6503250,TECHNOLOGY MAPPING FOR CIRCUITS WITH SIMPLE CELLS,2,BIBLIOGRÁFICA,8,TRABALHO EM ANAIS,3,BIBLIOGRAFICA - TRABALHO EM ANAIS,,,,,,,,,,,0
42001013078P8,MICROELETRÔNICA,UFRGS,UNIVERSIDADE FEDERAL DO RIO GRANDE DO SUL,2018,24047139,6622687,REDUCING THE AMOUNT OF TRANSISTORS BY GATE MERGING,2,BIBLIOGRÁFICA,8,TRABALHO EM ANAIS,3,BIBLIOGRAFICA - TRABALHO EM ANAIS,,,,,,,,,,,0
42001013078P8,MICROELETRÔNICA,UFRGS,UNIVERSIDADE FEDERAL DO RIO GRANDE DO SUL,2018,24047173,6626411,UNLOCKING FINE-GRAIN PARALLELISM FOR AIG REWRITING,2,BIBLIOGRÁFICA,8,TRABALHO EM ANAIS,3,BIBLIOGRAFICA - TRABALHO EM ANAIS,,,,,,,,,,,0
42001013078P8,MICROELETRÔNICA,UFRGS,UNIVERSIDADE FEDERAL DO RIO GRANDE DO SUL,2018,24047149,6327434,RELIABILITY EVALUATION ON INTERFACING WITH AXI AND AXI-S ON XILINX ZYNQ-7000 AP-SOC,2,BIBLIOGRÁFICA,8,TRABALHO EM ANAIS,3,BIBLIOGRAFICA - TRABALHO EM ANAIS,,,,,,,,,,,0
42001013078P8,MICROELETRÔNICA,UFRGS,UNIVERSIDADE FEDERAL DO RIO GRANDE DO SUL,2018,24046899,6327433,AUTOMATED DESIGN FLOW FOR APPLYING TRIPLE MODULAR REDUNDANCY (TMR) IN COMPLEX DIGITAL CIRCUITS,2,BIBLIOGRÁFICA,8,TRABALHO EM ANAIS,3,BIBLIOGRAFICA - TRABALHO EM ANAIS,80624,TESTE DE CIRCUITOS E SISTEMAS ELETRÔNICOS,98859,METODOLOGIA DE TESTE DE CIRCUITOS INTEGRADOS,,,01MAR2003:00:00:00.000000,,01MAR2003:00:00:00.000000,,0
42001013078P8,MICROELETRÔNICA,UFRGS,UNIVERSIDADE FEDERAL DO RIO GRANDE DO SUL,2018,24046950,6869205,CODE-DEPENDENT AND ARCHITECTURE-DEPENDENT RELIABILITY BEHAVIORS,2,BIBLIOGRÁFICA,8,TRABALHO EM ANAIS,3,BIBLIOGRAFICA - TRABALHO EM ANAIS,80623,CONCEPÇÃO DE CIRCUITOS E SISTEMAS INTEGRADOS,113580,PROJETO DE CIRCUITOS E SISTEMAS TOLERANTES A RADIAÇÃO,,,01MAR2003:00:00:00.000000,,01MAR2003:00:00:00.000000,,0
42001013078P8,MICROELETRÔNICA,UFRGS,UNIVERSIDADE FEDERAL DO RIO GRANDE DO SUL,2018,24047127,6360047,PRECISE EVALUATION OF THE FAULT SENSITIVITY OF OOO SUPERSCALAR PROCESSORS,2,BIBLIOGRÁFICA,8,TRABALHO EM ANAIS,3,BIBLIOGRAFICA - TRABALHO EM ANAIS,,,,,,,,,,,0
42001013078P8,MICROELETRÔNICA,UFRGS,UNIVERSIDADE FEDERAL DO RIO GRANDE DO SUL,2018,24046964,6353911,DESIGN SPACE EXPLORATION FOR PIM ARCHITECTURES IN 3D-STACKED MEMORIES,2,BIBLIOGRÁFICA,8,TRABALHO EM ANAIS,3,BIBLIOGRAFICA - TRABALHO EM ANAIS,,,,,,,,,,,0
42001013078P8,MICROELETRÔNICA,UFRGS,UNIVERSIDADE FEDERAL DO RIO GRANDE DO SUL,2018,24047141,6353154,REGISTER FILE SELECTIVE HARDENING FOR GRAPHICS PROCESSING UNITS,2,BIBLIOGRÁFICA,8,TRABALHO EM ANAIS,3,BIBLIOGRAFICA - TRABALHO EM ANAIS,,,,,,,,,,,0
42001013078P8,MICROELETRÔNICA,UFRGS,UNIVERSIDADE FEDERAL DO RIO GRANDE DO SUL,2018,24047175,6512409,UNLOCKING FINE-GRAIN PARALLELISM FOR AIG REWRITING,2,BIBLIOGRÁFICA,8,TRABALHO EM ANAIS,3,BIBLIOGRAFICA - TRABALHO EM ANAIS,,,,,,,,,,,0
42001013078P8,MICROELETRÔNICA,UFRGS,UNIVERSIDADE FEDERAL DO RIO GRANDE DO SUL,2018,24046897,6355520,APPROXIMATE ON-THE-FLY COARSE-GRAINED RECONFIGURABLE ACCELERATION FOR GENERAL-PURPOSE APPLICATIONS,2,BIBLIOGRÁFICA,8,TRABALHO EM ANAIS,3,BIBLIOGRAFICA - TRABALHO EM ANAIS,80623,CONCEPÇÃO DE CIRCUITOS E SISTEMAS INTEGRADOS,98868,SISTEMAS EM CHIP (SOC) E CIRCUITOS PROGRAMÁVEIS (FPGA),,,01MAR2003:00:00:00.000000,,01MAR2003:00:00:00.000000,,0
42001013078P8,MICROELETRÔNICA,UFRGS,UNIVERSIDADE FEDERAL DO RIO GRANDE DO SUL,2018,24047159,6868971,"SPECIAL SESSION: HOW APPROXIMATE COMPUTING IMPACTS VERIFICATION, TEST AND RELIABILITY",2,BIBLIOGRÁFICA,8,TRABALHO EM ANAIS,3,BIBLIOGRAFICA - TRABALHO EM ANAIS,80623,CONCEPÇÃO DE CIRCUITOS E SISTEMAS INTEGRADOS,113580,PROJETO DE CIRCUITOS E SISTEMAS TOLERANTES A RADIAÇÃO,,,01MAR2003:00:00:00.000000,,01MAR2003:00:00:00.000000,,0
42001013078P8,MICROELETRÔNICA,UFRGS,UNIVERSIDADE FEDERAL DO RIO GRANDE DO SUL,2018,24047022,6622692,EVALUATING THE IMPACT OF PROCESS VARIABILITY AND RADIATION EFFECTS ON DIFFERENT TRANSISTOR ARRANGEMENT,2,BIBLIOGRÁFICA,8,TRABALHO EM ANAIS,3,BIBLIOGRAFICA - TRABALHO EM ANAIS,,,,,,,,,,,0
42001013078P8,MICROELETRÔNICA,UFRGS,UNIVERSIDADE FEDERAL DO RIO GRANDE DO SUL,2018,24046858,6626360,A DESIGN PATTERNS-BASED MIDDLEWARE FOR MULTIPROCESSOR SYSTEMS-ON-CHIP,2,BIBLIOGRÁFICA,8,TRABALHO EM ANAIS,3,BIBLIOGRAFICA - TRABALHO EM ANAIS,,,,,,,,,,,0
42001013078P8,MICROELETRÔNICA,UFRGS,UNIVERSIDADE FEDERAL DO RIO GRANDE DO SUL,2018,24046869,7045177,A POLYPHONIC PITCH TRACKING EMBEDDED SYSTEM FOR RAPID INSTRUMENT AUGMENTATION,2,BIBLIOGRÁFICA,8,TRABALHO EM ANAIS,3,BIBLIOGRAFICA - TRABALHO EM ANAIS,80626,FERRAMENTAS DE CAD PARA CIRCUITOS INTEGRADOS,98857,SÍNTESE FISICA,,,01MAR2003:00:00:00.000000,,01MAR2003:00:00:00.000000,,0
42001013078P8,MICROELETRÔNICA,UFRGS,UNIVERSIDADE FEDERAL DO RIO GRANDE DO SUL,2018,24047109,6602095,LEARNING-BASED COMPLEXITY REDUCTION AND SCALING FOR HEVC ENCODERS,2,BIBLIOGRÁFICA,8,TRABALHO EM ANAIS,3,BIBLIOGRAFICA - TRABALHO EM ANAIS,,,,,,,,,,,0
42001013078P8,MICROELETRÔNICA,UFRGS,UNIVERSIDADE FEDERAL DO RIO GRANDE DO SUL,2018,24047102,6622440,INFLUENCE OF TEMPERATURE ON DYNAMIC FAULT BEHAVIOR DUE TO RESISTIVE DEFECTS IN FINFET-BASED SRAMS,2,BIBLIOGRÁFICA,8,TRABALHO EM ANAIS,3,BIBLIOGRAFICA - TRABALHO EM ANAIS,,,,,,,,,,,0
42001013078P8,MICROELETRÔNICA,UFRGS,UNIVERSIDADE FEDERAL DO RIO GRANDE DO SUL,2018,24047026,6622673,EVALUATION OF COMPILER OPTIMIZATION FLAGS EFFECTS ON SOFT ERROR RESILIENCY,2,BIBLIOGRÁFICA,8,TRABALHO EM ANAIS,3,BIBLIOGRAFICA - TRABALHO EM ANAIS,,,,,,,,,,,0
42001013078P8,MICROELETRÔNICA,UFRGS,UNIVERSIDADE FEDERAL DO RIO GRANDE DO SUL,2018,24047076,6626417,EXACT MULTI-LEVEL LOGIC BENCHMARK GENERATION,2,BIBLIOGRÁFICA,8,TRABALHO EM ANAIS,3,BIBLIOGRAFICA - TRABALHO EM ANAIS,,,,,,,,,,,0
42001013078P8,MICROELETRÔNICA,UFRGS,UNIVERSIDADE FEDERAL DO RIO GRANDE DO SUL,2018,24046875,6358280,"ADAPTIVE AND POLYMORPHIC VLIW PROCESSOR TO OPTIMIZE FAULT TOLERANCE, ENERGY CONSUMPTION, AND PERFORMANCE",2,BIBLIOGRÁFICA,8,TRABALHO EM ANAIS,3,BIBLIOGRAFICA - TRABALHO EM ANAIS,80623,CONCEPÇÃO DE CIRCUITOS E SISTEMAS INTEGRADOS,98868,SISTEMAS EM CHIP (SOC) E CIRCUITOS PROGRAMÁVEIS (FPGA),,,01MAR2003:00:00:00.000000,,01MAR2003:00:00:00.000000,,0
42001013078P8,MICROELETRÔNICA,UFRGS,UNIVERSIDADE FEDERAL DO RIO GRANDE DO SUL,2018,24047134,6626355,PROS AND CONS OF SCHMITT TRIGGER INVERTERS TO MITIGATE PVT VARIABILITY ON FULL ADDERS,2,BIBLIOGRÁFICA,8,TRABALHO EM ANAIS,3,BIBLIOGRAFICA - TRABALHO EM ANAIS,,,,,,,,,,,0
42001013078P8,MICROELETRÔNICA,UFRGS,UNIVERSIDADE FEDERAL DO RIO GRANDE DO SUL,2018,24047143,6327392,RELIABILITY ANALYSIS ON CASE-STUDY TRAFFIC SIGN CONVOLUTIONAL NEURAL NETWORK ON APSOC,2,BIBLIOGRÁFICA,8,TRABALHO EM ANAIS,3,BIBLIOGRAFICA - TRABALHO EM ANAIS,,,,,,,,,,,0
42001013078P8,MICROELETRÔNICA,UFRGS,UNIVERSIDADE FEDERAL DO RIO GRANDE DO SUL,2018,24047075,6503283,EXACT MULTI-LEVEL BENCHMARK CIRCUIT GENERATION FOR LOGIC SYNTHESIS EVALUATION,2,BIBLIOGRÁFICA,8,TRABALHO EM ANAIS,3,BIBLIOGRAFICA - TRABALHO EM ANAIS,,,,,,,,,,,0
42001013078P8,MICROELETRÔNICA,UFRGS,UNIVERSIDADE FEDERAL DO RIO GRANDE DO SUL,2019,26377155,7836152,NON-INTRUSIVE FAULT INJECTION TECHNIQUES FOR EFFICIENT SOFT ERROR VULNERABILITY ANALYSIS,2,BIBLIOGRÁFICA,8,TRABALHO EM ANAIS,3,BIBLIOGRAFICA - TRABALHO EM ANAIS,80623,CONCEPÇÃO DE CIRCUITOS E SISTEMAS INTEGRADOS,98858,PROJETO DE CIRCUITOS E SISTEMAS DIGITAIS,,,01MAR2003:00:00:00.000000,,01MAR2003:00:00:00.000000,,0
42001013078P8,MICROELETRÔNICA,UFRGS,UNIVERSIDADE FEDERAL DO RIO GRANDE DO SUL,2019,26377044,7714098,AUTOMATIC TRANSCRIPTION SYSTEM FOR DIATONIC HARMONICA RECORDINGS,2,BIBLIOGRÁFICA,8,TRABALHO EM ANAIS,3,BIBLIOGRAFICA - TRABALHO EM ANAIS,81399,DISPOSITIVOS ELETRÔNICOS,98856,CARACTERIZAÇÃO ELÉTRICA,,,01MAR2003:00:00:00.000000,,01MAR2003:00:00:00.000000,,0
42001013078P8,MICROELETRÔNICA,UFRGS,UNIVERSIDADE FEDERAL DO RIO GRANDE DO SUL,2019,26377075,7699218,ELECTROMAGNETIC IMMUNITY TEST OF ANALOG-TO-DIGITAL INTERFACES OF A MIXED-SIGNAL PROGRAMMABLE SOC,2,BIBLIOGRÁFICA,8,TRABALHO EM ANAIS,3,BIBLIOGRAFICA - TRABALHO EM ANAIS,80624,TESTE DE CIRCUITOS E SISTEMAS ELETRÔNICOS,98859,METODOLOGIA DE TESTE DE CIRCUITOS INTEGRADOS,,,01MAR2003:00:00:00.000000,,01MAR2003:00:00:00.000000,,0
42001013078P8,MICROELETRÔNICA,UFRGS,UNIVERSIDADE FEDERAL DO RIO GRANDE DO SUL,2019,26377118,7715592,HARD VIRTUALIZATION OF P4-BASED SWITCHES WITH VIRTP4,2,BIBLIOGRÁFICA,8,TRABALHO EM ANAIS,3,BIBLIOGRAFICA - TRABALHO EM ANAIS,80623,CONCEPÇÃO DE CIRCUITOS E SISTEMAS INTEGRADOS,98858,PROJETO DE CIRCUITOS E SISTEMAS DIGITAIS,,,01MAR2003:00:00:00.000000,,01MAR2003:00:00:00.000000,,0
42001013078P8,MICROELETRÔNICA,UFRGS,UNIVERSIDADE FEDERAL DO RIO GRANDE DO SUL,2019,26377081,7949958,EVALUATION OF LEGALIZATION ALGORITHMS,2,BIBLIOGRÁFICA,8,TRABALHO EM ANAIS,3,BIBLIOGRAFICA - TRABALHO EM ANAIS,80624,TESTE DE CIRCUITOS E SISTEMAS ELETRÔNICOS,113581,INJEÇÃO DE FALHAS,,,01MAR2003:00:00:00.000000,,01MAR2003:00:00:00.000000,,0
42001013078P8,MICROELETRÔNICA,UFRGS,UNIVERSIDADE FEDERAL DO RIO GRANDE DO SUL,2019,26377108,8569068,FBM: A SIMPLE AND FAST ALGORITHM FOR PLACEMENT LEGALIZATION,2,BIBLIOGRÁFICA,8,TRABALHO EM ANAIS,3,BIBLIOGRAFICA - TRABALHO EM ANAIS,80623,CONCEPÇÃO DE CIRCUITOS E SISTEMAS INTEGRADOS,98858,PROJETO DE CIRCUITOS E SISTEMAS DIGITAIS,,,01MAR2003:00:00:00.000000,,01MAR2003:00:00:00.000000,,0
42001013078P8,MICROELETRÔNICA,UFRGS,UNIVERSIDADE FEDERAL DO RIO GRANDE DO SUL,2019,26377077,8616757,EVALUATING THE IMPACT OF ACCURACY RELAXATION IN THE RELIABILITY OF GPU REGISTER FILES,2,BIBLIOGRÁFICA,8,TRABALHO EM ANAIS,3,BIBLIOGRAFICA - TRABALHO EM ANAIS,80623,CONCEPÇÃO DE CIRCUITOS E SISTEMAS INTEGRADOS,98858,PROJETO DE CIRCUITOS E SISTEMAS DIGITAIS,,,01MAR2003:00:00:00.000000,,01MAR2003:00:00:00.000000,,0
42001013078P8,MICROELETRÔNICA,UFRGS,UNIVERSIDADE FEDERAL DO RIO GRANDE DO SUL,2019,26377029,8638244,A COMPILER FOR AUTOMATIC SELECTION OF SUITABLE PROCESSING-IN-MEMORY INSTRUCTIONS,2,BIBLIOGRÁFICA,8,TRABALHO EM ANAIS,3,BIBLIOGRAFICA - TRABALHO EM ANAIS,80626,FERRAMENTAS DE CAD PARA CIRCUITOS INTEGRADOS,113530,VERIFICAÇÃO,,,01MAR2003:00:00:00.000000,,01MAR2003:00:00:00.000000,,0
42001013078P8,MICROELETRÔNICA,UFRGS,UNIVERSIDADE FEDERAL DO RIO GRANDE DO SUL,2019,26377038,9183930,"A 300MV-SUPPLY, 2NW-POWER, 80PF-LOAD CMOS DIGITAL-BASED OTA FOR IOT INTERFACES",2,BIBLIOGRÁFICA,8,TRABALHO EM ANAIS,3,BIBLIOGRAFICA - TRABALHO EM ANAIS,80623,CONCEPÇÃO DE CIRCUITOS E SISTEMAS INTEGRADOS,98866,PROJETO DE CIRCUITOS ANALÓGICOS CMOS,,,01MAR2003:00:00:00.000000,,01MAR2003:00:00:00.000000,,0
42001013078P8,MICROELETRÔNICA,UFRGS,UNIVERSIDADE FEDERAL DO RIO GRANDE DO SUL,2019,26377157,8638294,POWER-AWARE PHASE ORIENTED RECONFIGURABLE ARCHITECTURE,2,BIBLIOGRÁFICA,8,TRABALHO EM ANAIS,3,BIBLIOGRAFICA - TRABALHO EM ANAIS,80623,CONCEPÇÃO DE CIRCUITOS E SISTEMAS INTEGRADOS,98868,SISTEMAS EM CHIP (SOC) E CIRCUITOS PROGRAMÁVEIS (FPGA),,,01MAR2003:00:00:00.000000,,01MAR2003:00:00:00.000000,,0
42001013078P8,MICROELETRÔNICA,UFRGS,UNIVERSIDADE FEDERAL DO RIO GRANDE DO SUL,2019,26377156,8624349,PACKAGING DEVELOPMENT OF AN IMPLANTABLE INTRACRANIAL PRESSURE CATHETER,2,BIBLIOGRÁFICA,8,TRABALHO EM ANAIS,3,BIBLIOGRAFICA - TRABALHO EM ANAIS,80621,PROCESSAMENTO FÍSICO-QUÍMICO DE MATERIAIS E DISPOSITIVOS,98860,PROCESSOS FÍSICO-QUÍMICOS EM SILÍCIO,,,01MAR2003:00:00:00.000000,,01JAN2012:00:00:00.000000,,0
42001013078P8,MICROELETRÔNICA,UFRGS,UNIVERSIDADE FEDERAL DO RIO GRANDE DO SUL,2019,26377074,8624374,ELECTRICAL CHARACTERIZATION OF AL/PVA/NI AND AL/PVA/P3HT/NI CAPACITORS FOR ORGANIC ELECTRONICS APPLICATIONS,2,BIBLIOGRÁFICA,8,TRABALHO EM ANAIS,3,BIBLIOGRAFICA - TRABALHO EM ANAIS,81399,DISPOSITIVOS ELETRÔNICOS,98856,CARACTERIZAÇÃO ELÉTRICA,,,01MAR2003:00:00:00.000000,,01MAR2003:00:00:00.000000,,0
42001013078P8,MICROELETRÔNICA,UFRGS,UNIVERSIDADE FEDERAL DO RIO GRANDE DO SUL,2019,26377169,7836131,TACKLING THE DRAWBACKS OF A LAGRANGIAN RELAXATION BASED DISCRETE GATE SIZING ALGORITHM,2,BIBLIOGRÁFICA,8,TRABALHO EM ANAIS,3,BIBLIOGRAFICA - TRABALHO EM ANAIS,80623,CONCEPÇÃO DE CIRCUITOS E SISTEMAS INTEGRADOS,98858,PROJETO DE CIRCUITOS E SISTEMAS DIGITAIS,,,01MAR2003:00:00:00.000000,,01MAR2003:00:00:00.000000,,0
42001013078P8,MICROELETRÔNICA,UFRGS,UNIVERSIDADE FEDERAL DO RIO GRANDE DO SUL,2019,26377086,8570327,EXPLORING SCHMITT TRIGGER CIRCUITS FOR PROCESS VARIABILITY MITIGATION,2,BIBLIOGRÁFICA,8,TRABALHO EM ANAIS,3,BIBLIOGRAFICA - TRABALHO EM ANAIS,80623,CONCEPÇÃO DE CIRCUITOS E SISTEMAS INTEGRADOS,98858,PROJETO DE CIRCUITOS E SISTEMAS DIGITAIS,,,01MAR2003:00:00:00.000000,,01MAR2003:00:00:00.000000,,0
42001013078P8,MICROELETRÔNICA,UFRGS,UNIVERSIDADE FEDERAL DO RIO GRANDE DO SUL,2019,26377084,7830356,EXPLOITING APPROXIMATE COMPUTING FOR LOW-COST FAULT TOLERANT ARCHITECTURES,2,BIBLIOGRÁFICA,8,TRABALHO EM ANAIS,3,BIBLIOGRAFICA - TRABALHO EM ANAIS,80624,TESTE DE CIRCUITOS E SISTEMAS ELETRÔNICOS,98859,METODOLOGIA DE TESTE DE CIRCUITOS INTEGRADOS,,,01MAR2003:00:00:00.000000,,01MAR2003:00:00:00.000000,,0
42001013078P8,MICROELETRÔNICA,UFRGS,UNIVERSIDADE FEDERAL DO RIO GRANDE DO SUL,2019,26377115,7950559,FLEXIBLE TEMPERATURE-PRESSURE ORGANIC SENSOR,2,BIBLIOGRÁFICA,8,TRABALHO EM ANAIS,3,BIBLIOGRAFICA - TRABALHO EM ANAIS,81399,DISPOSITIVOS ELETRÔNICOS,113579,SIMULAÇÃO ELÉTRICA DE DISPOSITIVOS ELETRONICOS,,,01MAR2003:00:00:00.000000,,01MAR2003:00:00:00.000000,,0
42001013078P8,MICROELETRÔNICA,UFRGS,UNIVERSIDADE FEDERAL DO RIO GRANDE DO SUL,2019,26377036,9183474,A 0.3-1.2V SCHOTTKY-BASED CMOS ZTC VOLTAGE REFERENCES,2,BIBLIOGRÁFICA,8,TRABALHO EM ANAIS,3,BIBLIOGRAFICA - TRABALHO EM ANAIS,,,,,,,,,,,0
42001013078P8,MICROELETRÔNICA,UFRGS,UNIVERSIDADE FEDERAL DO RIO GRANDE DO SUL,2019,26377154,7834479,NBTI IN SIGE TRANSISTORS,2,BIBLIOGRÁFICA,8,TRABALHO EM ANAIS,3,BIBLIOGRAFICA - TRABALHO EM ANAIS,81399,DISPOSITIVOS ELETRÔNICOS,113579,SIMULAÇÃO ELÉTRICA DE DISPOSITIVOS ELETRONICOS,,,01MAR2003:00:00:00.000000,,01MAR2003:00:00:00.000000,,0
42001013078P8,MICROELETRÔNICA,UFRGS,UNIVERSIDADE FEDERAL DO RIO GRANDE DO SUL,2019,26377114,7836336,FINFET VARIABILITY AND NEAR-THRESHOLD OPERATION: IMPACT ON FULL ADDERS DESIGN USING XOR BLOCKS,2,BIBLIOGRÁFICA,8,TRABALHO EM ANAIS,3,BIBLIOGRAFICA - TRABALHO EM ANAIS,80624,TESTE DE CIRCUITOS E SISTEMAS ELETRÔNICOS,98859,METODOLOGIA DE TESTE DE CIRCUITOS INTEGRADOS,,,01MAR2003:00:00:00.000000,,01MAR2003:00:00:00.000000,,0
42001013078P8,MICROELETRÔNICA,UFRGS,UNIVERSIDADE FEDERAL DO RIO GRANDE DO SUL,2019,26377126,8570345,LOW ENERGY AND PROCESS VARIABILITY ANALYSIS OVER FINFET SCHMITT TRIGGER DESIGN,2,BIBLIOGRÁFICA,8,TRABALHO EM ANAIS,3,BIBLIOGRAFICA - TRABALHO EM ANAIS,80623,CONCEPÇÃO DE CIRCUITOS E SISTEMAS INTEGRADOS,98858,PROJETO DE CIRCUITOS E SISTEMAS DIGITAIS,,,01MAR2003:00:00:00.000000,,01MAR2003:00:00:00.000000,,0
42001013078P8,MICROELETRÔNICA,UFRGS,UNIVERSIDADE FEDERAL DO RIO GRANDE DO SUL,2019,26377123,8616857,IMPROVING SOFTWARE-BASED TECHNIQUES FOR SOFT ERROR MITIGATION IN OOO SUPERSCALAR PROCESSORS,2,BIBLIOGRÁFICA,8,TRABALHO EM ANAIS,3,BIBLIOGRAFICA - TRABALHO EM ANAIS,80623,CONCEPÇÃO DE CIRCUITOS E SISTEMAS INTEGRADOS,98868,SISTEMAS EM CHIP (SOC) E CIRCUITOS PROGRAMÁVEIS (FPGA),,,01MAR2003:00:00:00.000000,,01MAR2003:00:00:00.000000,,0
42001013078P8,MICROELETRÔNICA,UFRGS,UNIVERSIDADE FEDERAL DO RIO GRANDE DO SUL,2019,26377033,9183431,A SUB-1MA HIGHLY LINEAR INDUCTORLESS WIDEBAND LNA WITH LOW IP3 SENSITIVITY TO VARIABILITY FOR IOT APPLICATIONS,2,BIBLIOGRÁFICA,8,TRABALHO EM ANAIS,3,BIBLIOGRAFICA - TRABALHO EM ANAIS,,,,,,,,,,,0
42001013078P8,MICROELETRÔNICA,UFRGS,UNIVERSIDADE FEDERAL DO RIO GRANDE DO SUL,2019,26377112,7701827,FINDING PLACEMENT-RELEVANT CLUSTERS WITH FAST MODULARITY-BASED CLUSTERING,2,BIBLIOGRÁFICA,8,TRABALHO EM ANAIS,3,BIBLIOGRAFICA - TRABALHO EM ANAIS,80624,TESTE DE CIRCUITOS E SISTEMAS ELETRÔNICOS,113581,INJEÇÃO DE FALHAS,,,01MAR2003:00:00:00.000000,,01MAR2003:00:00:00.000000,,0
42001013078P8,MICROELETRÔNICA,UFRGS,UNIVERSIDADE FEDERAL DO RIO GRANDE DO SUL,2019,26377068,7959989,CLIP CLUSTERING FOR EARLY LITHOGRAPHIC HOTSPOT CLASSIFICATION,2,BIBLIOGRÁFICA,8,TRABALHO EM ANAIS,3,BIBLIOGRAFICA - TRABALHO EM ANAIS,80623,CONCEPÇÃO DE CIRCUITOS E SISTEMAS INTEGRADOS,98858,PROJETO DE CIRCUITOS E SISTEMAS DIGITAIS,,,01MAR2003:00:00:00.000000,,01MAR2003:00:00:00.000000,,0
42001013078P8,MICROELETRÔNICA,UFRGS,UNIVERSIDADE FEDERAL DO RIO GRANDE DO SUL,2019,26377158,7701810,PROCESS VARIABILITY CHALLENGES FOR RADIATION MITIGATION TECHNIQUES ON 16NM,2,BIBLIOGRÁFICA,8,TRABALHO EM ANAIS,3,BIBLIOGRAFICA - TRABALHO EM ANAIS,80624,TESTE DE CIRCUITOS E SISTEMAS ELETRÔNICOS,98859,METODOLOGIA DE TESTE DE CIRCUITOS INTEGRADOS,,,01MAR2003:00:00:00.000000,,01MAR2003:00:00:00.000000,,0
42001013078P8,MICROELETRÔNICA,UFRGS,UNIVERSIDADE FEDERAL DO RIO GRANDE DO SUL,2019,26377080,9183303,EVALUATION OF COMPILERS EFFECTS ON OPENMP SOFT ERROR RESILIENCY,2,BIBLIOGRÁFICA,8,TRABALHO EM ANAIS,3,BIBLIOGRAFICA - TRABALHO EM ANAIS,80623,CONCEPÇÃO DE CIRCUITOS E SISTEMAS INTEGRADOS,98858,PROJETO DE CIRCUITOS E SISTEMAS DIGITAIS,,,01MAR2003:00:00:00.000000,,01MAR2003:00:00:00.000000,,0
42001013078P8,MICROELETRÔNICA,UFRGS,UNIVERSIDADE FEDERAL DO RIO GRANDE DO SUL,2019,26377082,8568931,EVALUATION OF SET UNDER PROCESS VARIABILITY ON FINFET MULTI-LEVEL DESIGN,2,BIBLIOGRÁFICA,8,TRABALHO EM ANAIS,3,BIBLIOGRAFICA - TRABALHO EM ANAIS,80623,CONCEPÇÃO DE CIRCUITOS E SISTEMAS INTEGRADOS,98858,PROJETO DE CIRCUITOS E SISTEMAS DIGITAIS,,,01MAR2003:00:00:00.000000,,01MAR2003:00:00:00.000000,,0
42001013078P8,MICROELETRÔNICA,UFRGS,UNIVERSIDADE FEDERAL DO RIO GRANDE DO SUL,2019,26377152,7836153,MINIMUM ENERGY FINFET SCHMITT TRIGGER DESIGN CONSIDERING PROCESS VARIABILITY,2,BIBLIOGRÁFICA,8,TRABALHO EM ANAIS,3,BIBLIOGRAFICA - TRABALHO EM ANAIS,80623,CONCEPÇÃO DE CIRCUITOS E SISTEMAS INTEGRADOS,98858,PROJETO DE CIRCUITOS E SISTEMAS DIGITAIS,,,01MAR2003:00:00:00.000000,,01MAR2003:00:00:00.000000,,0
42001013078P8,MICROELETRÔNICA,UFRGS,UNIVERSIDADE FEDERAL DO RIO GRANDE DO SUL,2019,26377113,8569007,FINFET VARIABILITY AND NEAR-THRESHOLD OPERATION: IMPACT ON FULL ADDERS DESIGN USING XOR BLOCKS,2,BIBLIOGRÁFICA,8,TRABALHO EM ANAIS,3,BIBLIOGRAFICA - TRABALHO EM ANAIS,80623,CONCEPÇÃO DE CIRCUITOS E SISTEMAS INTEGRADOS,98858,PROJETO DE CIRCUITOS E SISTEMAS DIGITAIS,,,01MAR2003:00:00:00.000000,,01MAR2003:00:00:00.000000,,0
42001013078P8,MICROELETRÔNICA,UFRGS,UNIVERSIDADE FEDERAL DO RIO GRANDE DO SUL,2019,26377028,7701795,A COMPARATIVE STUDY BETWEEN FINFET AND CMOS-BASED SRAMS UNDER RESISTIVE DEFECTS,2,BIBLIOGRÁFICA,8,TRABALHO EM ANAIS,3,BIBLIOGRAFICA - TRABALHO EM ANAIS,80624,TESTE DE CIRCUITOS E SISTEMAS ELETRÔNICOS,98859,METODOLOGIA DE TESTE DE CIRCUITOS INTEGRADOS,,,01MAR2003:00:00:00.000000,,01MAR2003:00:00:00.000000,,0
42001013078P8,MICROELETRÔNICA,UFRGS,UNIVERSIDADE FEDERAL DO RIO GRANDE DO SUL,2019,26377174,9183469,VARIABILITY ON CMOS VOLTAGE REFERENCES: A COMPARATIVE STUDY AND PERSPECTIVES,2,BIBLIOGRÁFICA,8,TRABALHO EM ANAIS,3,BIBLIOGRAFICA - TRABALHO EM ANAIS,,,,,,,,,,,0
42001013078P8,MICROELETRÔNICA,UFRGS,UNIVERSIDADE FEDERAL DO RIO GRANDE DO SUL,2019,26377167,8624509,STABILITY OF PEROVSKITE AND TWO TERMINAL SI/PEROVSKITE TANDEM SOLAR CELLS UNDER REVERSE BIAS,2,BIBLIOGRÁFICA,8,TRABALHO EM ANAIS,3,BIBLIOGRAFICA - TRABALHO EM ANAIS,80621,PROCESSAMENTO FÍSICO-QUÍMICO DE MATERIAIS E DISPOSITIVOS,98855,DISPOSITIVOS E TECNOLOGIA CMOS,,,01MAR2003:00:00:00.000000,,01MAR2003:00:00:00.000000,,0
42001013078P8,MICROELETRÔNICA,UFRGS,UNIVERSIDADE FEDERAL DO RIO GRANDE DO SUL,2019,26377122,7715607,IMPROVING SELECTIVE FAULT TOLERANCE IN GPU REGISTER FILES BY RELAXING REGISTER CRITICALITY,2,BIBLIOGRÁFICA,8,TRABALHO EM ANAIS,3,BIBLIOGRAFICA - TRABALHO EM ANAIS,80623,CONCEPÇÃO DE CIRCUITOS E SISTEMAS INTEGRADOS,98858,PROJETO DE CIRCUITOS E SISTEMAS DIGITAIS,,,01MAR2003:00:00:00.000000,,01MAR2003:00:00:00.000000,,0
42001013078P8,MICROELETRÔNICA,UFRGS,UNIVERSIDADE FEDERAL DO RIO GRANDE DO SUL,2019,26377040,7949989,AND-INVERTER-GRAPH (AIG) REPRESENTATION OF LARGE DIGITAL CIRCUITS,2,BIBLIOGRÁFICA,8,TRABALHO EM ANAIS,3,BIBLIOGRAFICA - TRABALHO EM ANAIS,,,,,,,,,,,0
42001013078P8,MICROELETRÔNICA,UFRGS,UNIVERSIDADE FEDERAL DO RIO GRANDE DO SUL,2019,26377070,7715896,COMPARING EXHAUSTIVE AND RANDOM FAULT INJECTION METHODS FOR CONFIGURATION MEMORY ON SRAM-BASED FPGAS,2,BIBLIOGRÁFICA,8,TRABALHO EM ANAIS,3,BIBLIOGRAFICA - TRABALHO EM ANAIS,80624,TESTE DE CIRCUITOS E SISTEMAS ELETRÔNICOS,98870,QUALIFICAÇÃO DE CIRCUITOS INTEGRADOS SOB RADIAÇÃO,,,01MAR2003:00:00:00.000000,,01MAR2003:00:00:00.000000,,0
42001013078P8,MICROELETRÔNICA,UFRGS,UNIVERSIDADE FEDERAL DO RIO GRANDE DO SUL,2019,26377071,9183244,CRYPTOGRAPHY BY SYNCHRONIZATION OF HOPFIELD NEURAL NETWORKS THAT SIMULATE CHAOTIC SIGNALS GENERATED BY THE HUMAN BODY,2,BIBLIOGRÁFICA,8,TRABALHO EM ANAIS,3,BIBLIOGRAFICA - TRABALHO EM ANAIS,80623,CONCEPÇÃO DE CIRCUITOS E SISTEMAS INTEGRADOS,98858,PROJETO DE CIRCUITOS E SISTEMAS DIGITAIS,,,01MAR2003:00:00:00.000000,,01MAR2003:00:00:00.000000,,0
42001013078P8,MICROELETRÔNICA,UFRGS,UNIVERSIDADE FEDERAL DO RIO GRANDE DO SUL,2019,26377161,7950026,REDUCTION OF NEURAL NETWORK CIRCUITS BY CONSTANT AND NEARLY CONSTANT SIGNAL PROPAGATION,2,BIBLIOGRÁFICA,8,TRABALHO EM ANAIS,3,BIBLIOGRAFICA - TRABALHO EM ANAIS,80623,CONCEPÇÃO DE CIRCUITOS E SISTEMAS INTEGRADOS,98858,PROJETO DE CIRCUITOS E SISTEMAS DIGITAIS,,,01MAR2003:00:00:00.000000,,01MAR2003:00:00:00.000000,,0
42001013078P8,MICROELETRÔNICA,UFRGS,UNIVERSIDADE FEDERAL DO RIO GRANDE DO SUL,2019,26377175,7719601,VIRTP4: AN ARCHITECTURE FOR P4 VIRTUALIZATION,2,BIBLIOGRÁFICA,8,TRABALHO EM ANAIS,3,BIBLIOGRAFICA - TRABALHO EM ANAIS,80623,CONCEPÇÃO DE CIRCUITOS E SISTEMAS INTEGRADOS,98858,PROJETO DE CIRCUITOS E SISTEMAS DIGITAIS,,,01MAR2003:00:00:00.000000,,01MAR2003:00:00:00.000000,,0
42001013078P8,MICROELETRÔNICA,UFRGS,UNIVERSIDADE FEDERAL DO RIO GRANDE DO SUL,2019,26377037,7715848,A 130 NM CMOS LNA FOR SATELLITE APPLICATION,2,BIBLIOGRÁFICA,8,TRABALHO EM ANAIS,3,BIBLIOGRAFICA - TRABALHO EM ANAIS,81399,DISPOSITIVOS ELETRÔNICOS,98856,CARACTERIZAÇÃO ELÉTRICA,,,01MAR2003:00:00:00.000000,,01MAR2003:00:00:00.000000,,0
42001013078P8,MICROELETRÔNICA,UFRGS,UNIVERSIDADE FEDERAL DO RIO GRANDE DO SUL,2019,26377149,9192954,MAXIMIZING SIDE CHANNEL ATTACK-RESISTANCE AND ENERGY-EFFICIENCY OF THE STTL COMBINING MULTI-V <SUB>T</SUB> TRANSISTORS WITH CURRENT AND CAPACITANCE BALANCING,2,BIBLIOGRÁFICA,8,TRABALHO EM ANAIS,3,BIBLIOGRAFICA - TRABALHO EM ANAIS,80623,CONCEPÇÃO DE CIRCUITOS E SISTEMAS INTEGRADOS,98858,PROJETO DE CIRCUITOS E SISTEMAS DIGITAIS,,,01MAR2003:00:00:00.000000,,01MAR2003:00:00:00.000000,,0
42001013078P8,MICROELETRÔNICA,UFRGS,UNIVERSIDADE FEDERAL DO RIO GRANDE DO SUL,2017,22638709,5939422,ELECTRON IRRADIATION EFFECTS ON THE NUCLEATION AND GROWTH OF AU NANOPARTICLES IN SILICON NITRIDE MEMBRANES,2,BIBLIOGRÁFICA,25,ARTIGO EM PERIÓDICO,1,BIBLIOGRAFICA - ARTIGO EM PERIÓDICO,80621,PROCESSAMENTO FÍSICO-QUÍMICO DE MATERIAIS E DISPOSITIVOS,98855,DISPOSITIVOS E TECNOLOGIA CMOS,,,01MAR2003:00:00:00.000000,,01MAR2003:00:00:00.000000,,0
42001013078P8,MICROELETRÔNICA,UFRGS,UNIVERSIDADE FEDERAL DO RIO GRANDE DO SUL,2017,22638716,5421723,EVALUATION OF HEAVY-ION IMPACT IN BULK AND FDSOI DEVICES UNDER ZTC CONDITION,2,BIBLIOGRÁFICA,25,ARTIGO EM PERIÓDICO,1,BIBLIOGRAFICA - ARTIGO EM PERIÓDICO,80626,FERRAMENTAS DE CAD PARA CIRCUITOS INTEGRADOS,98857,SÍNTESE FISICA,,,01MAR2003:00:00:00.000000,,01MAR2003:00:00:00.000000,,0
42001013078P8,MICROELETRÔNICA,UFRGS,UNIVERSIDADE FEDERAL DO RIO GRANDE DO SUL,2017,22633299,5567363,A LOW-LEVEL SOFTWARE-BASED FAULT TOLERANCE APPROACH TO DETECT SEUS IN GPUS' REGISTER FILES,2,BIBLIOGRÁFICA,25,ARTIGO EM PERIÓDICO,1,BIBLIOGRAFICA - ARTIGO EM PERIÓDICO,80624,TESTE DE CIRCUITOS E SISTEMAS ELETRÔNICOS,98859,METODOLOGIA DE TESTE DE CIRCUITOS INTEGRADOS,,,01MAR2003:00:00:00.000000,,01MAR2003:00:00:00.000000,,0
42001013078P8,MICROELETRÔNICA,UFRGS,UNIVERSIDADE FEDERAL DO RIO GRANDE DO SUL,2017,22633301,5415751,A SIMPLE AND EFFECTIVE HEURISTIC METHOD FOR THRESHOLD LOGIC IDENTIFICATION,2,BIBLIOGRÁFICA,25,ARTIGO EM PERIÓDICO,1,BIBLIOGRAFICA - ARTIGO EM PERIÓDICO,80626,FERRAMENTAS DE CAD PARA CIRCUITOS INTEGRADOS,98857,SÍNTESE FISICA,,,01MAR2003:00:00:00.000000,,01MAR2003:00:00:00.000000,,0
42001013078P8,MICROELETRÔNICA,UFRGS,UNIVERSIDADE FEDERAL DO RIO GRANDE DO SUL,2017,22638665,5414461,DETERMINISTIC METHODOLOGY FOR ELECTRICAL SIMULATION OF BTI INDUCED PULSE BROADENING,2,BIBLIOGRÁFICA,25,ARTIGO EM PERIÓDICO,1,BIBLIOGRAFICA - ARTIGO EM PERIÓDICO,81399,DISPOSITIVOS ELETRÔNICOS,98856,CARACTERIZAÇÃO ELÉTRICA,,,01MAR2003:00:00:00.000000,,01MAR2003:00:00:00.000000,,0
42001013078P8,MICROELETRÔNICA,UFRGS,UNIVERSIDADE FEDERAL DO RIO GRANDE DO SUL,2017,22638846,5868963,SAT-BASED FORMULATION FOR LOGICAL CAPACITY EVALUATION OF VIA-CONFIGURABLE STRUCTURED ASIC,2,BIBLIOGRÁFICA,25,ARTIGO EM PERIÓDICO,1,BIBLIOGRAFICA - ARTIGO EM PERIÓDICO,80626,FERRAMENTAS DE CAD PARA CIRCUITOS INTEGRADOS,98857,SÍNTESE FISICA,,,01MAR2003:00:00:00.000000,,01MAR2003:00:00:00.000000,,0
42001013078P8,MICROELETRÔNICA,UFRGS,UNIVERSIDADE FEDERAL DO RIO GRANDE DO SUL,2017,22638721,5893997,EXPLOITING IDLE HARDWARE TO PROVIDE LOW OVERHEAD FAULT TOLERANCE FOR VLIW PROCESSORS,2,BIBLIOGRÁFICA,25,ARTIGO EM PERIÓDICO,1,BIBLIOGRAFICA - ARTIGO EM PERIÓDICO,80624,TESTE DE CIRCUITOS E SISTEMAS ELETRÔNICOS,98859,METODOLOGIA DE TESTE DE CIRCUITOS INTEGRADOS,,,01MAR2003:00:00:00.000000,,01MAR2003:00:00:00.000000,,0
42001013078P8,MICROELETRÔNICA,UFRGS,UNIVERSIDADE FEDERAL DO RIO GRANDE DO SUL,2017,22633296,5415283,A HIGH-PSR EMI-RESISTANT NMOS-ONLY VOLTAGE REFERENCE USING ZERO-<FORMULA> <TEX>$V_T$</TEX> </FORMULA> ACTIVE LOADS,2,BIBLIOGRÁFICA,25,ARTIGO EM PERIÓDICO,1,BIBLIOGRAFICA - ARTIGO EM PERIÓDICO,80623,CONCEPÇÃO DE CIRCUITOS E SISTEMAS INTEGRADOS,113558,PROJETO DE CIRCUITOS RF INTEGRADOS,,,01MAR2003:00:00:00.000000,,01MAR2003:00:00:00.000000,,0
42001013078P8,MICROELETRÔNICA,UFRGS,UNIVERSIDADE FEDERAL DO RIO GRANDE DO SUL,2017,22638781,5414582,MODELING AND SIMULATION OF THE CHARGE TRAPPING COMPONENT OF BTI AND RTS,2,BIBLIOGRÁFICA,25,ARTIGO EM PERIÓDICO,1,BIBLIOGRAFICA - ARTIGO EM PERIÓDICO,81399,DISPOSITIVOS ELETRÔNICOS,113578,MODELAGEM DE DISPOSITIVOS ELETRÔNICOS,,,01MAR2003:00:00:00.000000,,03MAR2003:00:00:00.000000,,0
42001013078P8,MICROELETRÔNICA,UFRGS,UNIVERSIDADE FEDERAL DO RIO GRANDE DO SUL,2017,22638652,5567038,ANALYZING THE IMPACT OF RADIATION-INDUCED FAILURES IN FLASH-BASED APSOC WITH AND WITHOUT FAULT TOLERANCE TECHNIQUES AT CERN ENVIRONMENT,2,BIBLIOGRÁFICA,25,ARTIGO EM PERIÓDICO,1,BIBLIOGRAFICA - ARTIGO EM PERIÓDICO,80624,TESTE DE CIRCUITOS E SISTEMAS ELETRÔNICOS,98870,QUALIFICAÇÃO DE CIRCUITOS INTEGRADOS SOB RADIAÇÃO,,,01MAR2003:00:00:00.000000,,01MAR2003:00:00:00.000000,,0
42001013078P8,MICROELETRÔNICA,UFRGS,UNIVERSIDADE FEDERAL DO RIO GRANDE DO SUL,2017,22638719,5566719,EVALUATION OF RADIATION-INDUCED SOFT ERROR IN MAJORITY VOTERS DESIGNED IN 7 NM FINFET TECHNOLOGY,2,BIBLIOGRÁFICA,25,ARTIGO EM PERIÓDICO,1,BIBLIOGRAFICA - ARTIGO EM PERIÓDICO,80626,FERRAMENTAS DE CAD PARA CIRCUITOS INTEGRADOS,98857,SÍNTESE FISICA,,,01MAR2003:00:00:00.000000,,01MAR2003:00:00:00.000000,,0
42001013078P8,MICROELETRÔNICA,UFRGS,UNIVERSIDADE FEDERAL DO RIO GRANDE DO SUL,2017,22638830,5431492,"PICOWATT, 0.45-0.6 V SELF-BIASED SUBTHRESHOLD CMOS VOLTAGE REFERENCE",2,BIBLIOGRÁFICA,25,ARTIGO EM PERIÓDICO,1,BIBLIOGRAFICA - ARTIGO EM PERIÓDICO,80623,CONCEPÇÃO DE CIRCUITOS E SISTEMAS INTEGRADOS,98866,PROJETO DE CIRCUITOS ANALÓGICOS CMOS,,,01MAR2003:00:00:00.000000,,01MAR2003:00:00:00.000000,,0
42001013078P8,MICROELETRÔNICA,UFRGS,UNIVERSIDADE FEDERAL DO RIO GRANDE DO SUL,2017,22633292,5415089,A COMPACT MODEL FOR THE STATISTICS OF THE LOW-FREQUENCY NOISE OF MOSFETS WITH LATERALLY UNIFORM DOPING,2,BIBLIOGRÁFICA,25,ARTIGO EM PERIÓDICO,1,BIBLIOGRAFICA - ARTIGO EM PERIÓDICO,81399,DISPOSITIVOS ELETRÔNICOS,113579,SIMULAÇÃO ELÉTRICA DE DISPOSITIVOS ELETRONICOS,,,01MAR2003:00:00:00.000000,,01MAR2003:00:00:00.000000,,0
42001013078P8,MICROELETRÔNICA,UFRGS,UNIVERSIDADE FEDERAL DO RIO GRANDE DO SUL,2017,22638661,5536234,CHEMICAL AND MORPHOLOGICAL MODIFICATIONS OF SINGLE LAYER GRAPHENE SUBMITTED TO ANNEALING IN WATER VAPOR,2,BIBLIOGRÁFICA,25,ARTIGO EM PERIÓDICO,1,BIBLIOGRAFICA - ARTIGO EM PERIÓDICO,80621,PROCESSAMENTO FÍSICO-QUÍMICO DE MATERIAIS E DISPOSITIVOS,98873,NANOESTRUTURAS,,,01MAR2003:00:00:00.000000,,01MAR2003:00:00:00.000000,,0
42001013078P8,MICROELETRÔNICA,UFRGS,UNIVERSIDADE FEDERAL DO RIO GRANDE DO SUL,2017,22633302,5131101,A SIMPLE AND EFFECTIVE HEURISTIC METHOD FOR THRESHOLD LOGIC IDENTIFICATION,2,BIBLIOGRÁFICA,25,ARTIGO EM PERIÓDICO,1,BIBLIOGRAFICA - ARTIGO EM PERIÓDICO,80626,FERRAMENTAS DE CAD PARA CIRCUITOS INTEGRADOS,98857,SÍNTESE FISICA,,,01MAR2003:00:00:00.000000,,01MAR2003:00:00:00.000000,,0
42001013078P8,MICROELETRÔNICA,UFRGS,UNIVERSIDADE FEDERAL DO RIO GRANDE DO SUL,2017,22638906,5660022,UMA ABORDAGEM DE TOLERÂNCIA A FALHAS BASEADA EM SOFTWARE DE BAIXO NÍVEL PARA DETECTAR SEUS EM BANCOS DE REGISTRADORES DE GPUS,2,BIBLIOGRÁFICA,25,ARTIGO EM PERIÓDICO,1,BIBLIOGRAFICA - ARTIGO EM PERIÓDICO,80623,CONCEPÇÃO DE CIRCUITOS E SISTEMAS INTEGRADOS,98858,PROJETO DE CIRCUITOS E SISTEMAS DIGITAIS,,,01MAR2003:00:00:00.000000,,01MAR2003:00:00:00.000000,,0
42001013078P8,MICROELETRÔNICA,UFRGS,UNIVERSIDADE FEDERAL DO RIO GRANDE DO SUL,2017,22633295,5431304,A HIGH-PSR EMI-RESISTANT NMOS-ONLY VOLTAGE REFERENCE USING ZERO- $V_T$ ACTIVE LOADS,2,BIBLIOGRÁFICA,25,ARTIGO EM PERIÓDICO,1,BIBLIOGRAFICA - ARTIGO EM PERIÓDICO,80624,TESTE DE CIRCUITOS E SISTEMAS ELETRÔNICOS,113582,PROJETO VISANDO O TESTE,,,01MAR2003:00:00:00.000000,,01MAR2003:00:00:00.000000,,0
42001013078P8,MICROELETRÔNICA,UFRGS,UNIVERSIDADE FEDERAL DO RIO GRANDE DO SUL,2017,22638656,5414581,AUTOCORRELATION ANALYSIS AS A TECHNIQUE TO STUDY PHYSICAL MECHANISMS OF MOSFET LOW-FREQUENCY NOISE,2,BIBLIOGRÁFICA,25,ARTIGO EM PERIÓDICO,1,BIBLIOGRAFICA - ARTIGO EM PERIÓDICO,81399,DISPOSITIVOS ELETRÔNICOS,113578,MODELAGEM DE DISPOSITIVOS ELETRÔNICOS,,,01MAR2003:00:00:00.000000,,03MAR2003:00:00:00.000000,,0
42001013078P8,MICROELETRÔNICA,UFRGS,UNIVERSIDADE FEDERAL DO RIO GRANDE DO SUL,2017,22633298,5660056,A LOW-LEVEL SOFTWARE-BASED FAULT TOLERANCE APPROACH TO DETECT SEUS IN GPUS' REGISTER FILES,2,BIBLIOGRÁFICA,25,ARTIGO EM PERIÓDICO,1,BIBLIOGRAFICA - ARTIGO EM PERIÓDICO,80624,TESTE DE CIRCUITOS E SISTEMAS ELETRÔNICOS,98859,METODOLOGIA DE TESTE DE CIRCUITOS INTEGRADOS,,,01MAR2003:00:00:00.000000,,01MAR2003:00:00:00.000000,,0
42001013078P8,MICROELETRÔNICA,UFRGS,UNIVERSIDADE FEDERAL DO RIO GRANDE DO SUL,2017,22638894,5412881,SOFT ERROR SUSCEPTIBILITY ANALYSIS METHODOLOGY OF HLS DESIGNS IN SRAM-BASED FPGAS,2,BIBLIOGRÁFICA,25,ARTIGO EM PERIÓDICO,1,BIBLIOGRAFICA - ARTIGO EM PERIÓDICO,80624,TESTE DE CIRCUITOS E SISTEMAS ELETRÔNICOS,98870,QUALIFICAÇÃO DE CIRCUITOS INTEGRADOS SOB RADIAÇÃO,,,01MAR2003:00:00:00.000000,,01MAR2003:00:00:00.000000,,0
42001013078P8,MICROELETRÔNICA,UFRGS,UNIVERSIDADE FEDERAL DO RIO GRANDE DO SUL,2017,22638928,5412788,UNRAVELING THE MECHANISMS RESPONSIBLE FOR THE INTERFACIAL REGION FORMATION IN 4H-SIC DRY THERMAL OXIDATION,2,BIBLIOGRÁFICA,25,ARTIGO EM PERIÓDICO,1,BIBLIOGRAFICA - ARTIGO EM PERIÓDICO,80621,PROCESSAMENTO FÍSICO-QUÍMICO DE MATERIAIS E DISPOSITIVOS,98860,PROCESSOS FÍSICO-QUÍMICOS EM SILÍCIO,,,01MAR2003:00:00:00.000000,,01JAN2012:00:00:00.000000,,0
42001013078P8,MICROELETRÔNICA,UFRGS,UNIVERSIDADE FEDERAL DO RIO GRANDE DO SUL,2017,22638944,5131636,4H-SIC SURFACE ENERGY TUNING BY NITROGEN UP-TAKE,2,BIBLIOGRÁFICA,25,ARTIGO EM PERIÓDICO,1,BIBLIOGRAFICA - ARTIGO EM PERIÓDICO,80621,PROCESSAMENTO FÍSICO-QUÍMICO DE MATERIAIS E DISPOSITIVOS,98860,PROCESSOS FÍSICO-QUÍMICOS EM SILÍCIO,,,01MAR2003:00:00:00.000000,,01JAN2012:00:00:00.000000,,0
42001013078P8,MICROELETRÔNICA,UFRGS,UNIVERSIDADE FEDERAL DO RIO GRANDE DO SUL,2017,22638659,5893607,BROADENING MOLECULAR WEIGHT POLYETHYLENE DISTRIBUTION BY TAILORING THE SILICA SURFACE ENVIRONMENT ON SUPPORTED METALLOCENES,2,BIBLIOGRÁFICA,25,ARTIGO EM PERIÓDICO,1,BIBLIOGRAFICA - ARTIGO EM PERIÓDICO,80621,PROCESSAMENTO FÍSICO-QUÍMICO DE MATERIAIS E DISPOSITIVOS,98860,PROCESSOS FÍSICO-QUÍMICOS EM SILÍCIO,,,01MAR2003:00:00:00.000000,,01JAN2012:00:00:00.000000,,0
42001013078P8,MICROELETRÔNICA,UFRGS,UNIVERSIDADE FEDERAL DO RIO GRANDE DO SUL,2017,22638710,5431406,ENERGY-AWARE CACHE HIERARCHY ASSESSMENT TARGETING HEVC ENCODER EXECUTION,2,BIBLIOGRÁFICA,25,ARTIGO EM PERIÓDICO,1,BIBLIOGRAFICA - ARTIGO EM PERIÓDICO,80623,CONCEPÇÃO DE CIRCUITOS E SISTEMAS INTEGRADOS,113559,PROJETO DE CIRCUITOS COM BAIXO CONSUMO DE POTÊNCIA,,,01MAR2003:00:00:00.000000,,01MAR2003:00:00:00.000000,,0
42001013078P8,MICROELETRÔNICA,UFRGS,UNIVERSIDADE FEDERAL DO RIO GRANDE DO SUL,2017,22638651,5421740,ANALYZING THE IMPACT OF FAULT TOLERANCE METHODS IN ARM PROCESSORS UNDER SOFT ERRORS RUNNING LINUX AND PARALLELIZATION APIS,2,BIBLIOGRÁFICA,25,ARTIGO EM PERIÓDICO,1,BIBLIOGRAFICA - ARTIGO EM PERIÓDICO,80624,TESTE DE CIRCUITOS E SISTEMAS ELETRÔNICOS,98870,QUALIFICAÇÃO DE CIRCUITOS INTEGRADOS SOB RADIAÇÃO,,,01MAR2003:00:00:00.000000,,01MAR2003:00:00:00.000000,,0
42001013078P8,MICROELETRÔNICA,UFRGS,UNIVERSIDADE FEDERAL DO RIO GRANDE DO SUL,2017,22638839,5413632,REGISTER FILE CRITICALITY AND COMPILER OPTIMIZATION EFFECTS ON EMBEDDED MICROPROCESSORS RELIABILITY,2,BIBLIOGRÁFICA,25,ARTIGO EM PERIÓDICO,1,BIBLIOGRAFICA - ARTIGO EM PERIÓDICO,80623,CONCEPÇÃO DE CIRCUITOS E SISTEMAS INTEGRADOS,113580,PROJETO DE CIRCUITOS E SISTEMAS TOLERANTES A RADIAÇÃO,,,01MAR2003:00:00:00.000000,,01MAR2003:00:00:00.000000,,0
42001013078P8,MICROELETRÔNICA,UFRGS,UNIVERSIDADE FEDERAL DO RIO GRANDE DO SUL,2017,22638653,5947165,ANALYZING THE INFLUENCE OF THE ANGLES OF INCIDENCE AND ROTATION ON MBU EVENTS INDUCED BY LOW LET HEAVY IONS IN A 28-NM SRAM-BASED FPGA,2,BIBLIOGRÁFICA,25,ARTIGO EM PERIÓDICO,1,BIBLIOGRAFICA - ARTIGO EM PERIÓDICO,80624,TESTE DE CIRCUITOS E SISTEMAS ELETRÔNICOS,98870,QUALIFICAÇÃO DE CIRCUITOS INTEGRADOS SOB RADIAÇÃO,,,01MAR2003:00:00:00.000000,,01MAR2003:00:00:00.000000,,0
42001013078P8,MICROELETRÔNICA,UFRGS,UNIVERSIDADE FEDERAL DO RIO GRANDE DO SUL,2017,22633297,5003758,A HIGH-PSR EMI-RESISTANT NMOS-ONLY VOLTAGE REFERENCE USING ZERO-<FORMULA> <TEX>$V_T$</TEX> </FORMULA> ACTIVE LOADS,2,BIBLIOGRÁFICA,25,ARTIGO EM PERIÓDICO,1,BIBLIOGRAFICA - ARTIGO EM PERIÓDICO,80623,CONCEPÇÃO DE CIRCUITOS E SISTEMAS INTEGRADOS,113558,PROJETO DE CIRCUITOS RF INTEGRADOS,,,01MAR2003:00:00:00.000000,,01MAR2003:00:00:00.000000,,0
42001013078P8,MICROELETRÔNICA,UFRGS,UNIVERSIDADE FEDERAL DO RIO GRANDE DO SUL,2017,22638782,5918948,MODELS OF COMPUTATION FOR NOC MAPPING: TIMING AND ENERGY SAVING AWARENESS,2,BIBLIOGRÁFICA,25,ARTIGO EM PERIÓDICO,1,BIBLIOGRAFICA - ARTIGO EM PERIÓDICO,80623,CONCEPÇÃO DE CIRCUITOS E SISTEMAS INTEGRADOS,98865,PROJETO DE ARQUITETURAS VLSI DEDICADOS A APLICAÇÕES ESPECIFÍCAS DE CODIFICAÇÃO DE VIDEO,,,01MAR2003:00:00:00.000000,,01MAR2003:00:00:00.000000,,0
42001013078P8,MICROELETRÔNICA,UFRGS,UNIVERSIDADE FEDERAL DO RIO GRANDE DO SUL,2017,22638775,5414971,INVERTER CIRCUITS ON FREESTANDING FLEXIBLE SUBSTRATE USING ZNO NANOPARTICLES FOR COST-EFFICIENT ELECTRONICS,2,BIBLIOGRÁFICA,25,ARTIGO EM PERIÓDICO,1,BIBLIOGRAFICA - ARTIGO EM PERIÓDICO,81399,DISPOSITIVOS ELETRÔNICOS,113578,MODELAGEM DE DISPOSITIVOS ELETRÔNICOS,,,01MAR2003:00:00:00.000000,,03MAR2003:00:00:00.000000,,0
42001013078P8,MICROELETRÔNICA,UFRGS,UNIVERSIDADE FEDERAL DO RIO GRANDE DO SUL,2017,22638829,5415764,PERFORMANCE AND SIMULATION ACCURACY EVALUATION OF ANALOG CIRCUITS WITH ENCLOSED LAYOUT TRANSISTORS,2,BIBLIOGRÁFICA,25,ARTIGO EM PERIÓDICO,1,BIBLIOGRAFICA - ARTIGO EM PERIÓDICO,80624,TESTE DE CIRCUITOS E SISTEMAS ELETRÔNICOS,98859,METODOLOGIA DE TESTE DE CIRCUITOS INTEGRADOS,,,01MAR2003:00:00:00.000000,,01MAR2003:00:00:00.000000,,0
42001013078P8,MICROELETRÔNICA,UFRGS,UNIVERSIDADE FEDERAL DO RIO GRANDE DO SUL,2017,22638896,5886488,SYSTEM DESIGN OF A 2.75-MW DISCRETE-TIME SUPERHETERODYNE RECEIVER FOR BLUETOOTH LOW ENERGY,2,BIBLIOGRÁFICA,25,ARTIGO EM PERIÓDICO,1,BIBLIOGRAFICA - ARTIGO EM PERIÓDICO,80623,CONCEPÇÃO DE CIRCUITOS E SISTEMAS INTEGRADOS,98858,PROJETO DE CIRCUITOS E SISTEMAS DIGITAIS,,,01MAR2003:00:00:00.000000,,01MAR2003:00:00:00.000000,,0
42001013078P8,MICROELETRÔNICA,UFRGS,UNIVERSIDADE FEDERAL DO RIO GRANDE DO SUL,2017,22638718,5772453,EVALUATION OF RADIATION-INDUCED SOFT ERROR IN MAJORITY VOTERS DESIGNED IN 7 NM FINFET TECHNOLOGY,2,BIBLIOGRÁFICA,25,ARTIGO EM PERIÓDICO,1,BIBLIOGRAFICA - ARTIGO EM PERIÓDICO,80626,FERRAMENTAS DE CAD PARA CIRCUITOS INTEGRADOS,98857,SÍNTESE FISICA,,,01MAR2003:00:00:00.000000,,01MAR2003:00:00:00.000000,,0
42001013078P8,MICROELETRÔNICA,UFRGS,UNIVERSIDADE FEDERAL DO RIO GRANDE DO SUL,2017,22638649,5412844,ANALYZING RELIABILITY AND PERFORMANCE TRADE-OFFS OF HLS-BASED DESIGNS IN SRAM-BASED FPGAS UNDER SOFT ERRORS,2,BIBLIOGRÁFICA,25,ARTIGO EM PERIÓDICO,1,BIBLIOGRAFICA - ARTIGO EM PERIÓDICO,80624,TESTE DE CIRCUITOS E SISTEMAS ELETRÔNICOS,98870,QUALIFICAÇÃO DE CIRCUITOS INTEGRADOS SOB RADIAÇÃO,,,01MAR2003:00:00:00.000000,,01MAR2003:00:00:00.000000,,0
42001013078P8,MICROELETRÔNICA,UFRGS,UNIVERSIDADE FEDERAL DO RIO GRANDE DO SUL,2017,22638832,6012646,POWER-EFFICIENT SUM OF ABSOLUTE DIFFERENCES HARDWARE ARCHITECTURE USING ADDER COMPRESSORS FOR INTEGER MOTION ESTIMATION DESIGN,2,BIBLIOGRÁFICA,25,ARTIGO EM PERIÓDICO,1,BIBLIOGRAFICA - ARTIGO EM PERIÓDICO,80623,CONCEPÇÃO DE CIRCUITOS E SISTEMAS INTEGRADOS,98858,PROJETO DE CIRCUITOS E SISTEMAS DIGITAIS,,,01MAR2003:00:00:00.000000,,01MAR2003:00:00:00.000000,,0
42001013078P8,MICROELETRÔNICA,UFRGS,UNIVERSIDADE FEDERAL DO RIO GRANDE DO SUL,2017,22638893,5866779,SINGLE EVENT TRANSIENT EFFECTS ON CHARGE REDISTRIBUTION SAR ADCS,2,BIBLIOGRÁFICA,25,ARTIGO EM PERIÓDICO,1,BIBLIOGRAFICA - ARTIGO EM PERIÓDICO,80624,TESTE DE CIRCUITOS E SISTEMAS ELETRÔNICOS,98859,METODOLOGIA DE TESTE DE CIRCUITOS INTEGRADOS,,,01MAR2003:00:00:00.000000,,01MAR2003:00:00:00.000000,,0
42001013078P8,MICROELETRÔNICA,UFRGS,UNIVERSIDADE FEDERAL DO RIO GRANDE DO SUL,2017,22638898,5891106,TIMING ATTACK ON NOC-BASED SYSTEMS: PRIME+PROBE ATTACK AND NOC-BASED PROTECTION,2,BIBLIOGRÁFICA,25,ARTIGO EM PERIÓDICO,1,BIBLIOGRAFICA - ARTIGO EM PERIÓDICO,80623,CONCEPÇÃO DE CIRCUITOS E SISTEMAS INTEGRADOS,98865,PROJETO DE ARQUITETURAS VLSI DEDICADOS A APLICAÇÕES ESPECIFÍCAS DE CODIFICAÇÃO DE VIDEO,,,01MAR2003:00:00:00.000000,,01MAR2003:00:00:00.000000,,0
42001013078P8,MICROELETRÔNICA,UFRGS,UNIVERSIDADE FEDERAL DO RIO GRANDE DO SUL,2017,22638838,5415658,REGISTER FILE CRITICALITY AND COMPILER OPTIMIZATION EFFECTS ON EMBEDDED MICROPROCESSORS RELIABILITY,2,BIBLIOGRÁFICA,25,ARTIGO EM PERIÓDICO,1,BIBLIOGRAFICA - ARTIGO EM PERIÓDICO,80623,CONCEPÇÃO DE CIRCUITOS E SISTEMAS INTEGRADOS,113580,PROJETO DE CIRCUITOS E SISTEMAS TOLERANTES A RADIAÇÃO,,,01MAR2003:00:00:00.000000,,01MAR2003:00:00:00.000000,,0
42001013078P8,MICROELETRÔNICA,UFRGS,UNIVERSIDADE FEDERAL DO RIO GRANDE DO SUL,2017,22638899,5414690,TOTAL DOSE EFFECTS ON VOLTAGE REFERENCES IN 130 NM CMOS TECHNOLOGY,2,BIBLIOGRÁFICA,25,ARTIGO EM PERIÓDICO,1,BIBLIOGRAFICA - ARTIGO EM PERIÓDICO,80623,CONCEPÇÃO DE CIRCUITOS E SISTEMAS INTEGRADOS,98858,PROJETO DE CIRCUITOS E SISTEMAS DIGITAIS,,,01MAR2003:00:00:00.000000,,01MAR2003:00:00:00.000000,,0
42001013078P8,MICROELETRÔNICA,UFRGS,UNIVERSIDADE FEDERAL DO RIO GRANDE DO SUL,2017,22638786,5870484,ON THE RELIABILITY OF LINEAR REGRESSION AND PATTERN RECOGNITION FEED-FORWARD ARTIFICIAL NEURAL NETWORKS IN FPGAS,2,BIBLIOGRÁFICA,25,ARTIGO EM PERIÓDICO,1,BIBLIOGRAFICA - ARTIGO EM PERIÓDICO,80624,TESTE DE CIRCUITOS E SISTEMAS ELETRÔNICOS,98859,METODOLOGIA DE TESTE DE CIRCUITOS INTEGRADOS,,,01MAR2003:00:00:00.000000,,01MAR2003:00:00:00.000000,,0
42001013078P8,MICROELETRÔNICA,UFRGS,UNIVERSIDADE FEDERAL DO RIO GRANDE DO SUL,2017,22638845,5131133,SAT-BASED FORMULATION FOR LOGICAL CAPACITY EVALUATION OF VIA-CONFIGURABLE STRUCTURED ASIC,2,BIBLIOGRÁFICA,25,ARTIGO EM PERIÓDICO,1,BIBLIOGRAFICA - ARTIGO EM PERIÓDICO,80626,FERRAMENTAS DE CAD PARA CIRCUITOS INTEGRADOS,98857,SÍNTESE FISICA,,,01MAR2003:00:00:00.000000,,01MAR2003:00:00:00.000000,,0
42001013078P8,MICROELETRÔNICA,UFRGS,UNIVERSIDADE FEDERAL DO RIO GRANDE DO SUL,2017,22638847,5415714,SAT-BASED FORMULATION FOR LOGICAL CAPACITY EVALUATION OF VIA-CONFIGURABLE STRUCTURED ASIC,2,BIBLIOGRÁFICA,25,ARTIGO EM PERIÓDICO,1,BIBLIOGRAFICA - ARTIGO EM PERIÓDICO,80626,FERRAMENTAS DE CAD PARA CIRCUITOS INTEGRADOS,98857,SÍNTESE FISICA,,,01MAR2003:00:00:00.000000,,01MAR2003:00:00:00.000000,,0
42001013078P8,MICROELETRÔNICA,UFRGS,UNIVERSIDADE FEDERAL DO RIO GRANDE DO SUL,2018,24047068,6622496,EVALUATION OF VARIABILITY USING SCHMITT TRIGGER ON FULL ADDERS LAYOUT,2,BIBLIOGRÁFICA,25,ARTIGO EM PERIÓDICO,1,BIBLIOGRAFICA - ARTIGO EM PERIÓDICO,,,,,,,,,,,0
42001013078P8,MICROELETRÔNICA,UFRGS,UNIVERSIDADE FEDERAL DO RIO GRANDE DO SUL,2018,24046871,6837317,"A 0.12-0.4 V, VERSATILE 3-TRANSISTOR CMOS VOLTAGE REFERENCE FOR ULTRA-LOW POWER SYSTEMS",2,BIBLIOGRÁFICA,25,ARTIGO EM PERIÓDICO,1,BIBLIOGRAFICA - ARTIGO EM PERIÓDICO,,,,,,,,,,,0
42001013078P8,MICROELETRÔNICA,UFRGS,UNIVERSIDADE FEDERAL DO RIO GRANDE DO SUL,2018,24047106,6849680,KERNEL AND LAYER VULNERABILITY FACTOR TO EVALUATE OBJECT DETECTION RELIABILITY IN GPUS,2,BIBLIOGRÁFICA,25,ARTIGO EM PERIÓDICO,1,BIBLIOGRAFICA - ARTIGO EM PERIÓDICO,,,,,,,,,,,0
42001013078P8,MICROELETRÔNICA,UFRGS,UNIVERSIDADE FEDERAL DO RIO GRANDE DO SUL,2018,24047121,6688740,PHOTOLUMINESCENCE PROPERTIES OF ARSENIC AND BORON DOPED SI N NANOCRYSTAL EMBEDDED IN SIN O MATRIX,2,BIBLIOGRÁFICA,25,ARTIGO EM PERIÓDICO,1,BIBLIOGRAFICA - ARTIGO EM PERIÓDICO,,,,,,,,,,,0
42001013078P8,MICROELETRÔNICA,UFRGS,UNIVERSIDADE FEDERAL DO RIO GRANDE DO SUL,2018,24046948,6358187,CHEMICAL AND MORPHOLOGICAL MODIFICATIONS OF SINGLE LAYER GRAPHENE SUBMITTED TO ANNEALING IN WATER VAPOR,2,BIBLIOGRÁFICA,25,ARTIGO EM PERIÓDICO,1,BIBLIOGRAFICA - ARTIGO EM PERIÓDICO,,,,,,,,,,,0
42001013078P8,MICROELETRÔNICA,UFRGS,UNIVERSIDADE FEDERAL DO RIO GRANDE DO SUL,2018,24046906,6360514,CHARACTERIZATION OF A SIC MIS SCHOTTKY DIODE AS RBS PARTICLE DETECTOR,2,BIBLIOGRÁFICA,25,ARTIGO EM PERIÓDICO,1,BIBLIOGRAFICA - ARTIGO EM PERIÓDICO,,,,,,,,,,,0
42001013078P8,MICROELETRÔNICA,UFRGS,UNIVERSIDADE FEDERAL DO RIO GRANDE DO SUL,2018,24046895,6353214,ANOMALOUS CURRENT-VOLTAGE BEHAVIOR IN AL/TIO /N-SI STRUCTURES,2,BIBLIOGRÁFICA,25,ARTIGO EM PERIÓDICO,1,BIBLIOGRAFICA - ARTIGO EM PERIÓDICO,,,,,,,,,,,0
42001013078P8,MICROELETRÔNICA,UFRGS,UNIVERSIDADE FEDERAL DO RIO GRANDE DO SUL,2018,24047156,6360475,REVERSIBILITY OF GRAPHENE PHOTOCHLORINATION,2,BIBLIOGRÁFICA,25,ARTIGO EM PERIÓDICO,1,BIBLIOGRAFICA - ARTIGO EM PERIÓDICO,,,,,,,,,,,0
42001013078P8,MICROELETRÔNICA,UFRGS,UNIVERSIDADE FEDERAL DO RIO GRANDE DO SUL,2018,24047180,6353135,40-NM CMOS WIDEBAND HIGH-IF RECEIVER USING A MODIFIED CHARGE-SHARING BANDPASS FILTER TO BOOST Q-FACTOR,2,BIBLIOGRÁFICA,25,ARTIGO EM PERIÓDICO,1,BIBLIOGRAFICA - ARTIGO EM PERIÓDICO,,,,,,,,,,,0
42001013078P8,MICROELETRÔNICA,UFRGS,UNIVERSIDADE FEDERAL DO RIO GRANDE DO SUL,2018,24047151,6353137,RELIABILITY-PERFORMANCE ANALYSIS OF HARDWARE AND SOFTWARE CO-DESIGNS IN SRAM-BASED APSOCS,2,BIBLIOGRÁFICA,25,ARTIGO EM PERIÓDICO,1,BIBLIOGRAFICA - ARTIGO EM PERIÓDICO,80624,TESTE DE CIRCUITOS E SISTEMAS ELETRÔNICOS,98870,QUALIFICAÇÃO DE CIRCUITOS INTEGRADOS SOB RADIAÇÃO,,,01MAR2003:00:00:00.000000,,01MAR2003:00:00:00.000000,,0
42001013078P8,MICROELETRÔNICA,UFRGS,UNIVERSIDADE FEDERAL DO RIO GRANDE DO SUL,2018,24047115,6878815,ON THE EFFICACY OF ECC AND THE BENEFITS OF FINFET TRANSISTOR LAYOUT FOR GPU RELIABILITY,2,BIBLIOGRÁFICA,25,ARTIGO EM PERIÓDICO,1,BIBLIOGRAFICA - ARTIGO EM PERIÓDICO,,,,,,,,,,,0
42001013078P8,MICROELETRÔNICA,UFRGS,UNIVERSIDADE FEDERAL DO RIO GRANDE DO SUL,2018,24047100,6353090,IMPROVING NETWORK RESOURCES ALLOCATION IN SMART CITIES VIDEO SURVEILLANCE,2,BIBLIOGRÁFICA,25,ARTIGO EM PERIÓDICO,1,BIBLIOGRAFICA - ARTIGO EM PERIÓDICO,,,,,,,,,,,0
42001013078P8,MICROELETRÔNICA,UFRGS,UNIVERSIDADE FEDERAL DO RIO GRANDE DO SUL,2018,24047154,6327429,RELIABILITY-PERFORMANCE ANALYSIS OF HARDWARE AND SOFTWARE CO-DESIGNS IN SRAM-BASED APSOCS,2,BIBLIOGRÁFICA,25,ARTIGO EM PERIÓDICO,1,BIBLIOGRAFICA - ARTIGO EM PERIÓDICO,,,,,,,,,,,0
42001013078P8,MICROELETRÔNICA,UFRGS,UNIVERSIDADE FEDERAL DO RIO GRANDE DO SUL,2018,24047014,6512292,EFFICIENTLY MAPPING VLSI CIRCUITS WITH SIMPLE CELLS,2,BIBLIOGRÁFICA,25,ARTIGO EM PERIÓDICO,1,BIBLIOGRAFICA - ARTIGO EM PERIÓDICO,,,,,,,,,,,0
42001013078P8,MICROELETRÔNICA,UFRGS,UNIVERSIDADE FEDERAL DO RIO GRANDE DO SUL,2018,24047112,6534351,LOCKSTEP DUAL-CORE ARM A9: IMPLEMENTATION AND RESILIENCE ANALYSIS UNDER HEAVY ION INDUCED SOFT ERRORS,2,BIBLIOGRÁFICA,25,ARTIGO EM PERIÓDICO,1,BIBLIOGRAFICA - ARTIGO EM PERIÓDICO,,,,,,,,,,,0
42001013078P8,MICROELETRÔNICA,UFRGS,UNIVERSIDADE FEDERAL DO RIO GRANDE DO SUL,2018,24047094,6534362,IMPACT OF DIFFERENT TRANSISTOR ARRANGEMENTS ON GATE VARIABILITY,2,BIBLIOGRÁFICA,25,ARTIGO EM PERIÓDICO,1,BIBLIOGRAFICA - ARTIGO EM PERIÓDICO,,,,,,,,,,,0
42001013078P8,MICROELETRÔNICA,UFRGS,UNIVERSIDADE FEDERAL DO RIO GRANDE DO SUL,2018,24046889,7066595,ANALYSIS OF 6-T SRAM CELL IN SUB-45-NM CMOS AND FINFET TECHNOLOGIES,2,BIBLIOGRÁFICA,25,ARTIGO EM PERIÓDICO,1,BIBLIOGRAFICA - ARTIGO EM PERIÓDICO,,,,,,,,,,,0
42001013078P8,MICROELETRÔNICA,UFRGS,UNIVERSIDADE FEDERAL DO RIO GRANDE DO SUL,2018,24046960,6595072,DESIGN FLOW METHODOLOGY FOR RADIATION HARDENED BY DESIGN CMOS ENCLOSED-LAYOUT-TRANSISTOR-BASED STANDARD-CELL LIBRARY,2,BIBLIOGRÁFICA,25,ARTIGO EM PERIÓDICO,1,BIBLIOGRAFICA - ARTIGO EM PERIÓDICO,,,,,,,,,,,0
42001013078P8,MICROELETRÔNICA,UFRGS,UNIVERSIDADE FEDERAL DO RIO GRANDE DO SUL,2018,24046860,6836872,A FAST AND ACCURATE HYBRID FAULT INJECTION PLATFORM FOR TRANSIENT AND PERMANENT FAULTS,2,BIBLIOGRÁFICA,25,ARTIGO EM PERIÓDICO,1,BIBLIOGRAFICA - ARTIGO EM PERIÓDICO,,,,,,,,,,,0
42001013078P8,MICROELETRÔNICA,UFRGS,UNIVERSIDADE FEDERAL DO RIO GRANDE DO SUL,2018,24046874,6502767,A 0.6 V 74.2 DB-DR CONTINUOUS-TIME SIGMA-DELTA MODULATOR WITH INVERTER-BASED AMPLIFIERS,2,BIBLIOGRÁFICA,25,ARTIGO EM PERIÓDICO,1,BIBLIOGRAFICA - ARTIGO EM PERIÓDICO,,,,,,,,,,,0
42001013078P8,MICROELETRÔNICA,UFRGS,UNIVERSIDADE FEDERAL DO RIO GRANDE DO SUL,2018,24046903,6836839,BRAM-BASED FUNCTION REUSE FOR MULTI-CORE ARCHITECTURES IN FPGAS,2,BIBLIOGRÁFICA,25,ARTIGO EM PERIÓDICO,1,BIBLIOGRAFICA - ARTIGO EM PERIÓDICO,,,,,,,,,,,0
42001013078P8,MICROELETRÔNICA,UFRGS,UNIVERSIDADE FEDERAL DO RIO GRANDE DO SUL,2018,24047011,6626418,EFFECTIVE LOGIC SYNTHESIS FOR THRESHOLD LOGIC CIRCUIT DESIGN,2,BIBLIOGRÁFICA,25,ARTIGO EM PERIÓDICO,1,BIBLIOGRAFICA - ARTIGO EM PERIÓDICO,,,,,,,,,,,0
42001013078P8,MICROELETRÔNICA,UFRGS,UNIVERSIDADE FEDERAL DO RIO GRANDE DO SUL,2018,24047018,6878524,ENERGY-DELAY-FIT PRODUCT TO COMPARE PROCESSORS AND ALGORITHM IMPLEMENTATIONS,2,BIBLIOGRÁFICA,25,ARTIGO EM PERIÓDICO,1,BIBLIOGRAFICA - ARTIGO EM PERIÓDICO,,,,,,,,,,,0
42001013078P8,MICROELETRÔNICA,UFRGS,UNIVERSIDADE FEDERAL DO RIO GRANDE DO SUL,2018,24047163,6353081,TID EFFECTS ON A DATA ACQUISITION SYSTEM WITH DESIGN DIVERSITY REDUNDANCY,2,BIBLIOGRÁFICA,25,ARTIGO EM PERIÓDICO,1,BIBLIOGRAFICA - ARTIGO EM PERIÓDICO,,,,,,,,,,,0
42001013078P8,MICROELETRÔNICA,UFRGS,UNIVERSIDADE FEDERAL DO RIO GRANDE DO SUL,2018,24047089,6847814,GROWTH OF BORON-DOPED FEW-LAYER GRAPHENE BY MOLECULAR BEAM EPITAXY,2,BIBLIOGRÁFICA,25,ARTIGO EM PERIÓDICO,1,BIBLIOGRAFICA - ARTIGO EM PERIÓDICO,,,,,,,,,,,0
42001013078P8,MICROELETRÔNICA,UFRGS,UNIVERSIDADE FEDERAL DO RIO GRANDE DO SUL,2018,24047096,6622501,IMPACT OF DIFFERENT TRANSISTOR ARRANGEMENTS ON GATE VARIABILITY,2,BIBLIOGRÁFICA,25,ARTIGO EM PERIÓDICO,1,BIBLIOGRAFICA - ARTIGO EM PERIÓDICO,,,,,,,,,,,0
42001013078P8,MICROELETRÔNICA,UFRGS,UNIVERSIDADE FEDERAL DO RIO GRANDE DO SUL,2018,24047024,6353157,EVALUATING THE RELIABILITY OF A GPU PIPELINE TO SEU AND THE IMPACTS OF SOFTWARE-BASED AND HARDWARE-BASED FAULT TOLERANCE TECHNIQUES,2,BIBLIOGRÁFICA,25,ARTIGO EM PERIÓDICO,1,BIBLIOGRAFICA - ARTIGO EM PERIÓDICO,,,,,,,,,,,0
42001013078P8,MICROELETRÔNICA,UFRGS,UNIVERSIDADE FEDERAL DO RIO GRANDE DO SUL,2018,24046962,6534353,DESIGN OF APPROXIMATE-TMR USING APPROXIMATE LIBRARY AND HEURISTIC APPROACHES,2,BIBLIOGRÁFICA,25,ARTIGO EM PERIÓDICO,1,BIBLIOGRAFICA - ARTIGO EM PERIÓDICO,,,,,,,,,,,0
42001013078P8,MICROELETRÔNICA,UFRGS,UNIVERSIDADE FEDERAL DO RIO GRANDE DO SUL,2018,24047016,6512287,ENERGY-AWARE MOTION AND DISPARITY ESTIMATION SYSTEM FOR 3D-HEVC WITH RUN-TIME ADAPTIVE MEMORY HIERARCHY,2,BIBLIOGRÁFICA,25,ARTIGO EM PERIÓDICO,1,BIBLIOGRAFICA - ARTIGO EM PERIÓDICO,,,,,,,,,,,0
42001013078P8,MICROELETRÔNICA,UFRGS,UNIVERSIDADE FEDERAL DO RIO GRANDE DO SUL,2018,24046867,6503145,A NOVEL RESECTION-INTERSECTION ALGORITHM WITH FAST TRIANGULATION APPLIED TO MONOCULAR VISUAL ODOMETRY,2,BIBLIOGRÁFICA,25,ARTIGO EM PERIÓDICO,1,BIBLIOGRAFICA - ARTIGO EM PERIÓDICO,,,,,,,,,,,0
42001013078P8,MICROELETRÔNICA,UFRGS,UNIVERSIDADE FEDERAL DO RIO GRANDE DO SUL,2018,24047013,6512313,EFFECTIVE LOGIC SYNTHESIS FOR THRESHOLD LOGIC CIRCUIT DESIGN,2,BIBLIOGRÁFICA,25,ARTIGO EM PERIÓDICO,1,BIBLIOGRAFICA - ARTIGO EM PERIÓDICO,,,,,,,,,,,0
42001013078P8,MICROELETRÔNICA,UFRGS,UNIVERSIDADE FEDERAL DO RIO GRANDE DO SUL,2019,26377073,7834460,DYNAMIC HEAVY IONS SEE TESTING OF NANOXPLORE RADIATION HARDENED SRAM-BASED FPGA: RELIABILITY-PERFORMANCE ANALYSIS,2,BIBLIOGRÁFICA,25,ARTIGO EM PERIÓDICO,1,BIBLIOGRAFICA - ARTIGO EM PERIÓDICO,,,,,,,,,,,0
42001013078P8,MICROELETRÔNICA,UFRGS,UNIVERSIDADE FEDERAL DO RIO GRANDE DO SUL,2019,26377085,8570885,EXPLOITING MEMORY ALLOCATIONS IN CLUSTERIZED MANY-CORE ARCHITECTURES,2,BIBLIOGRÁFICA,25,ARTIGO EM PERIÓDICO,1,BIBLIOGRAFICA - ARTIGO EM PERIÓDICO,,,,,,,,,,,0
42001013078P8,MICROELETRÔNICA,UFRGS,UNIVERSIDADE FEDERAL DO RIO GRANDE DO SUL,2019,26377162,7715895,RELIABILITY CALCULATION WITH RESPECT TO FUNCTIONAL FAILURES INDUCED BY RADIATION IN TMR ARM CORTEX-M0 SOFT-CORE EMBEDDED INTO SRAM-BASED FPGA,2,BIBLIOGRÁFICA,25,ARTIGO EM PERIÓDICO,1,BIBLIOGRAFICA - ARTIGO EM PERIÓDICO,80623,CONCEPÇÃO DE CIRCUITOS E SISTEMAS INTEGRADOS,98858,PROJETO DE CIRCUITOS E SISTEMAS DIGITAIS,,,01MAR2003:00:00:00.000000,,01MAR2003:00:00:00.000000,,0
42001013078P8,MICROELETRÔNICA,UFRGS,UNIVERSIDADE FEDERAL DO RIO GRANDE DO SUL,2019,26377047,7780866,CHEMICAL STATE OF PHOSPHOROUS AT THE SIC/SIO2 INTERFACE,2,BIBLIOGRÁFICA,25,ARTIGO EM PERIÓDICO,1,BIBLIOGRAFICA - ARTIGO EM PERIÓDICO,,,,,,,,,,,0
42001013078P8,MICROELETRÔNICA,UFRGS,UNIVERSIDADE FEDERAL DO RIO GRANDE DO SUL,2019,26377032,9183359,A NEW NONLINEAR GLOBAL PLACEMENT FOR FPGAS: THE CHAOTIC PLACE,2,BIBLIOGRÁFICA,25,ARTIGO EM PERIÓDICO,1,BIBLIOGRAFICA - ARTIGO EM PERIÓDICO,,,,,,,,,,,0
42001013078P8,MICROELETRÔNICA,UFRGS,UNIVERSIDADE FEDERAL DO RIO GRANDE DO SUL,2019,26376827,7715854,A COMPACT STATISTICAL MODEL FOR THE LOW-FREQUENCY NOISE IN HALO-IMPLANTED MOSFETS: LARGE RTN INDUCED BY HALO IMPLANTS,2,BIBLIOGRÁFICA,25,ARTIGO EM PERIÓDICO,1,BIBLIOGRAFICA - ARTIGO EM PERIÓDICO,81399,DISPOSITIVOS ELETRÔNICOS,113579,SIMULAÇÃO ELÉTRICA DE DISPOSITIVOS ELETRONICOS,464436,CONFIABILIDADE EM DISPOSITIVOS SEMICONDUTORES DE DIMENSOES NANOMETRICAS,01MAR2003:00:00:00.000000,,01MAR2003:00:00:00.000000,,0
42001013078P8,MICROELETRÔNICA,UFRGS,UNIVERSIDADE FEDERAL DO RIO GRANDE DO SUL,2019,26377160,7834667,P4VBOX: ENABLING P4-BASED SWITCH VIRTUALIZATION,2,BIBLIOGRÁFICA,25,ARTIGO EM PERIÓDICO,1,BIBLIOGRAFICA - ARTIGO EM PERIÓDICO,80623,CONCEPÇÃO DE CIRCUITOS E SISTEMAS INTEGRADOS,98858,PROJETO DE CIRCUITOS E SISTEMAS DIGITAIS,,,01MAR2003:00:00:00.000000,,01MAR2003:00:00:00.000000,,0
42001013078P8,MICROELETRÔNICA,UFRGS,UNIVERSIDADE FEDERAL DO RIO GRANDE DO SUL,2019,26377042,7830434,APPROXIMATE TMR BASED ON SUCCESSIVE APPROXIMATION AND LOOP PERFORATION IN MICROPROCESSORS,2,BIBLIOGRÁFICA,25,ARTIGO EM PERIÓDICO,1,BIBLIOGRAFICA - ARTIGO EM PERIÓDICO,,,,,,,,,,,0
42001013078P8,MICROELETRÔNICA,UFRGS,UNIVERSIDADE FEDERAL DO RIO GRANDE DO SUL,2019,26377069,7717103,COMBINING GEO <SUB>2</SUB> PASSIVATION STRATEGIES AIMING AT DIELECTRIC LAYERS WITH SUPERIOR PROPERTIES ON GERMANIUM SUBSTRATES,2,BIBLIOGRÁFICA,25,ARTIGO EM PERIÓDICO,1,BIBLIOGRAFICA - ARTIGO EM PERIÓDICO,80621,PROCESSAMENTO FÍSICO-QUÍMICO DE MATERIAIS E DISPOSITIVOS,98873,NANOESTRUTURAS,,,01MAR2003:00:00:00.000000,,01MAR2003:00:00:00.000000,,0
42001013078P8,MICROELETRÔNICA,UFRGS,UNIVERSIDADE FEDERAL DO RIO GRANDE DO SUL,2019,26377121,7699408,IMPROVING DEVICES COMMUNICATION IN INDUSTRY 4.0 WIRELESS NETWORKS,2,BIBLIOGRÁFICA,25,ARTIGO EM PERIÓDICO,1,BIBLIOGRAFICA - ARTIGO EM PERIÓDICO,80623,CONCEPÇÃO DE CIRCUITOS E SISTEMAS INTEGRADOS,98858,PROJETO DE CIRCUITOS E SISTEMAS DIGITAIS,,,01MAR2003:00:00:00.000000,,01MAR2003:00:00:00.000000,,0
42001013078P8,MICROELETRÔNICA,UFRGS,UNIVERSIDADE FEDERAL DO RIO GRANDE DO SUL,2019,26377039,7714088,AN OPTIMIZED COST FLOW ALGORITHM TO SPREAD CELLS IN DETAILED PLACEMENT,2,BIBLIOGRÁFICA,25,ARTIGO EM PERIÓDICO,1,BIBLIOGRAFICA - ARTIGO EM PERIÓDICO,80626,FERRAMENTAS DE CAD PARA CIRCUITOS INTEGRADOS,98857,SÍNTESE FISICA,,,01MAR2003:00:00:00.000000,,01MAR2003:00:00:00.000000,,0
42001013078P8,MICROELETRÔNICA,UFRGS,UNIVERSIDADE FEDERAL DO RIO GRANDE DO SUL,2019,26377072,9192589,DESIGN METHODOLOGY TO EXPLORE HYBRID APPROXIMATE ADDERS FOR ENERGY-EFFICIENT IMAGE AND VIDEO PROCESSING ACCELERATORS,2,BIBLIOGRÁFICA,25,ARTIGO EM PERIÓDICO,1,BIBLIOGRAFICA - ARTIGO EM PERIÓDICO,80623,CONCEPÇÃO DE CIRCUITOS E SISTEMAS INTEGRADOS,98865,PROJETO DE ARQUITETURAS VLSI DEDICADOS A APLICAÇÕES ESPECIFÍCAS DE CODIFICAÇÃO DE VIDEO,241552,DESENVOLVIMENTO DE ARQUITETURAS DE HARDWARE DEDICADAS E DE ALGORITMOS EFICIENTES PARA A CODIFICAÇÃO DE VÍDEO DIGITAL,01MAR2003:00:00:00.000000,,01MAR2003:00:00:00.000000,,0
42001013078P8,MICROELETRÔNICA,UFRGS,UNIVERSIDADE FEDERAL DO RIO GRANDE DO SUL,2019,26377087,7834666,EXPLORING THE LIMITATIONS OF DATAFLOW SIHFT TECHNIQUES IN OUT-OF-ORDER SUPERSCALAR PROCESSORS,2,BIBLIOGRÁFICA,25,ARTIGO EM PERIÓDICO,1,BIBLIOGRAFICA - ARTIGO EM PERIÓDICO,80624,TESTE DE CIRCUITOS E SISTEMAS ELETRÔNICOS,113581,INJEÇÃO DE FALHAS,,,01MAR2003:00:00:00.000000,,01MAR2003:00:00:00.000000,,0
42001013078P8,MICROELETRÔNICA,UFRGS,UNIVERSIDADE FEDERAL DO RIO GRANDE DO SUL,2019,26377120,9183095,HIGH-THROUGHPUT HARDWARE FOR 3D-HEVC DEPTH-MAP INTRA PREDICTION,2,BIBLIOGRÁFICA,25,ARTIGO EM PERIÓDICO,1,BIBLIOGRAFICA - ARTIGO EM PERIÓDICO,,,,,,,,,,,0
42001013078P8,MICROELETRÔNICA,UFRGS,UNIVERSIDADE FEDERAL DO RIO GRANDE DO SUL,2019,26377119,9161587,HIGH-THROUGHPUT HARDWARE DESIGN FOR 3D-HEVC DISPARITY ESTIMATION,2,BIBLIOGRÁFICA,25,ARTIGO EM PERIÓDICO,1,BIBLIOGRAFICA - ARTIGO EM PERIÓDICO,,,,,,,,,,,0
42001013078P8,MICROELETRÔNICA,UFRGS,UNIVERSIDADE FEDERAL DO RIO GRANDE DO SUL,2019,26377034,8168047,A TECHNOLOGICALLY AGNOSTIC FRAMEWORK FOR CYBER-PHYSICAL AND IOT PROCESSING-IN-MEMORY-BASED SYSTEMS SIMULATION,2,BIBLIOGRÁFICA,25,ARTIGO EM PERIÓDICO,1,BIBLIOGRAFICA - ARTIGO EM PERIÓDICO,80623,CONCEPÇÃO DE CIRCUITOS E SISTEMAS INTEGRADOS,98868,SISTEMAS EM CHIP (SOC) E CIRCUITOS PROGRAMÁVEIS (FPGA),464431,SISTEMAS ADAPTATIVOS E TRANSPARENTES: OTIMIZANDO ALÉM DE DESEMPENHO E ENERGIA,01MAR2003:00:00:00.000000,,01MAR2003:00:00:00.000000,,0
42001013078P8,MICROELETRÔNICA,UFRGS,UNIVERSIDADE FEDERAL DO RIO GRANDE DO SUL,2019,26377046,7834628,CHEMICAL DOPING AND ETCHING OF GRAPHENE: TUNING THE EFFECTS OF NO ANNEALING,2,BIBLIOGRÁFICA,25,ARTIGO EM PERIÓDICO,1,BIBLIOGRAFICA - ARTIGO EM PERIÓDICO,80622,CARACTERIZAÇÃO FÍSICO-QUÍMICO DE MATERIAIS,113531,"PROPRIEDADES ELETRÔNICAS, ESTRUTURAIS, MAGNÉTICAS, QUIMICAS, TERMICAS, DE TRASPORTE E OPTICAS",574308,FABRICAÇÃO E CARACTERIZAÇÃO DE INTERFACES EM DISPOSITIVOS ELETRÔNICOS DE CONTATO TÚNEL EM GRAFENO,01MAR2003:00:00:00.000000,,01MAR2003:00:00:00.000000,,0
42001013078P8,MICROELETRÔNICA,UFRGS,UNIVERSIDADE FEDERAL DO RIO GRANDE DO SUL,2019,26377173,9183256,USING MACHINE LEARNING TECHNIQUES TO EVALUATE MULTICORE SOFT ERROR RELIABILITY,2,BIBLIOGRÁFICA,25,ARTIGO EM PERIÓDICO,1,BIBLIOGRAFICA - ARTIGO EM PERIÓDICO,,,,,,,,,,,0
42001013078P8,MICROELETRÔNICA,UFRGS,UNIVERSIDADE FEDERAL DO RIO GRANDE DO SUL,2019,26377045,7715914,BUILDING ATMR CIRCUITS USING APPROXIMATE LIBRARY AND HEURISTIC APPROACHES,2,BIBLIOGRÁFICA,25,ARTIGO EM PERIÓDICO,1,BIBLIOGRAFICA - ARTIGO EM PERIÓDICO,80624,TESTE DE CIRCUITOS E SISTEMAS ELETRÔNICOS,98859,METODOLOGIA DE TESTE DE CIRCUITOS INTEGRADOS,,,01MAR2003:00:00:00.000000,,01MAR2003:00:00:00.000000,,0
42001013078P8,MICROELETRÔNICA,UFRGS,UNIVERSIDADE FEDERAL DO RIO GRANDE DO SUL,2019,26377166,8624692,"SPECTRALLY EXTENDED, NEAR-SURFACE REFRACTIVE INDEX DETERMINATION: ATOMIC LAYER DEPOSITED TIO <SUB>2</SUB> ON SI",2,BIBLIOGRÁFICA,25,ARTIGO EM PERIÓDICO,1,BIBLIOGRAFICA - ARTIGO EM PERIÓDICO,80621,PROCESSAMENTO FÍSICO-QUÍMICO DE MATERIAIS E DISPOSITIVOS,98864,MATERIAIS PARA TECNOLOGIA DA INFORMAÇÃO E DA ENERGIA,,,01MAR2003:00:00:00.000000,,01JAN2012:00:00:00.000000,,0
42001013078P8,MICROELETRÔNICA,UFRGS,UNIVERSIDADE FEDERAL DO RIO GRANDE DO SUL,2019,26377148,7714087,MAJ-N LOGIC SYNTHESIS FOR EMERGING TECHNOLOGY,2,BIBLIOGRÁFICA,25,ARTIGO EM PERIÓDICO,1,BIBLIOGRAFICA - ARTIGO EM PERIÓDICO,80626,FERRAMENTAS DE CAD PARA CIRCUITOS INTEGRADOS,98857,SÍNTESE FISICA,,,01MAR2003:00:00:00.000000,,01MAR2003:00:00:00.000000,,0
42001013078P8,MICROELETRÔNICA,UFRGS,UNIVERSIDADE FEDERAL DO RIO GRANDE DO SUL,2019,26377030,8567906,A CROSS-LAYER GATE-LEVEL-TO-APPLICATION CO-SIMULATION FOR DESIGN SPACE EXPLORATION OF APPROXIMATE CIRCUITS IN HEVC VIDEO ENCODERS,2,BIBLIOGRÁFICA,25,ARTIGO EM PERIÓDICO,1,BIBLIOGRAFICA - ARTIGO EM PERIÓDICO,80623,CONCEPÇÃO DE CIRCUITOS E SISTEMAS INTEGRADOS,98865,PROJETO DE ARQUITETURAS VLSI DEDICADOS A APLICAÇÕES ESPECIFÍCAS DE CODIFICAÇÃO DE VIDEO,241552,DESENVOLVIMENTO DE ARQUITETURAS DE HARDWARE DEDICADAS E DE ALGORITMOS EFICIENTES PARA A CODIFICAÇÃO DE VÍDEO DIGITAL,01MAR2003:00:00:00.000000,,01MAR2003:00:00:00.000000,,0
42001013078P8,MICROELETRÔNICA,UFRGS,UNIVERSIDADE FEDERAL DO RIO GRANDE DO SUL,2019,26377041,7717054,ANNEALING RESPONSE OF MONOLAYER MOS <SUB>2</SUB>  GROWN BY CHEMICAL VAPOR DEPOSITION,2,BIBLIOGRÁFICA,25,ARTIGO EM PERIÓDICO,1,BIBLIOGRAFICA - ARTIGO EM PERIÓDICO,80621,PROCESSAMENTO FÍSICO-QUÍMICO DE MATERIAIS E DISPOSITIVOS,98873,NANOESTRUTURAS,,,01MAR2003:00:00:00.000000,,01MAR2003:00:00:00.000000,,0
42001013078P8,MICROELETRÔNICA,UFRGS,UNIVERSIDADE FEDERAL DO RIO GRANDE DO SUL,2019,26377043,7715910,ASSESSING THE RELIABILITY OF SUCCESSIVE APPROXIMATE COMPUTING ALGORITHMS UNDER FAULT INJECTION,2,BIBLIOGRÁFICA,25,ARTIGO EM PERIÓDICO,1,BIBLIOGRAFICA - ARTIGO EM PERIÓDICO,80624,TESTE DE CIRCUITOS E SISTEMAS ELETRÔNICOS,98870,QUALIFICAÇÃO DE CIRCUITOS INTEGRADOS SOB RADIAÇÃO,,,01MAR2003:00:00:00.000000,,01MAR2003:00:00:00.000000,,0
42001013078P8,MICROELETRÔNICA,UFRGS,UNIVERSIDADE FEDERAL DO RIO GRANDE DO SUL,2019,26377076,9162149,ENERGY-AWARE MOTION AND DISPARITY ESTIMATION SYSTEM FOR 3D-HEVC WITH RUN-TIME ADAPTIVE MEMORY HIERARCHY,2,BIBLIOGRÁFICA,25,ARTIGO EM PERIÓDICO,1,BIBLIOGRAFICA - ARTIGO EM PERIÓDICO,,,,,,,,,,,0
42001013078P8,MICROELETRÔNICA,UFRGS,UNIVERSIDADE FEDERAL DO RIO GRANDE DO SUL,2019,26377164,8660016,SELECTIVE HARDENING FOR NEURAL NETWORKS IN FPGAS,2,BIBLIOGRÁFICA,25,ARTIGO EM PERIÓDICO,1,BIBLIOGRAFICA - ARTIGO EM PERIÓDICO,,,,,,,,,,,0
42001013078P8,MICROELETRÔNICA,UFRGS,UNIVERSIDADE FEDERAL DO RIO GRANDE DO SUL,2019,26377035,9183964,A 0.3-1.2V SCHOTTKY-BASED CMOS ZTC VOLTAGE REFERENCE,2,BIBLIOGRÁFICA,25,ARTIGO EM PERIÓDICO,1,BIBLIOGRAFICA - ARTIGO EM PERIÓDICO,,,,,,,,,,,0
42001013078P8,MICROELETRÔNICA,UFRGS,UNIVERSIDADE FEDERAL DO RIO GRANDE DO SUL,2019,26377153,8570356,MULTI-LEVEL DESIGN INFLUENCES ON ROBUSTNESS EVALUATION OF 7NM FINFET TECHNOLOGY,2,BIBLIOGRÁFICA,25,ARTIGO EM PERIÓDICO,1,BIBLIOGRAFICA - ARTIGO EM PERIÓDICO,,,,,,,,,,,0
42001013078P8,MICROELETRÔNICA,UFRGS,UNIVERSIDADE FEDERAL DO RIO GRANDE DO SUL,2019,26377031,7699270,A FAST MONOLITHIC 8-2 ADDER COMPRESSOR CIRCUIT,2,BIBLIOGRÁFICA,25,ARTIGO EM PERIÓDICO,1,BIBLIOGRAFICA - ARTIGO EM PERIÓDICO,80623,CONCEPÇÃO DE CIRCUITOS E SISTEMAS INTEGRADOS,98865,PROJETO DE ARQUITETURAS VLSI DEDICADOS A APLICAÇÕES ESPECIFÍCAS DE CODIFICAÇÃO DE VIDEO,241552,DESENVOLVIMENTO DE ARQUITETURAS DE HARDWARE DEDICADAS E DE ALGORITMOS EFICIENTES PARA A CODIFICAÇÃO DE VÍDEO DIGITAL,01MAR2003:00:00:00.000000,,01MAR2003:00:00:00.000000,,0
42001013078P8,MICROELETRÔNICA,UFRGS,UNIVERSIDADE FEDERAL DO RIO GRANDE DO SUL,2019,26377079,7699186,EVALUATING THE IMPACT OF TEMPERATURE ON DYNAMIC FAULT BEHAVIOUR OF FINFET-BASED SRAMS WITH RESISTIVE DEFECTS,2,BIBLIOGRÁFICA,25,ARTIGO EM PERIÓDICO,1,BIBLIOGRAFICA - ARTIGO EM PERIÓDICO,80624,TESTE DE CIRCUITOS E SISTEMAS ELETRÔNICOS,98859,METODOLOGIA DE TESTE DE CIRCUITOS INTEGRADOS,,,01MAR2003:00:00:00.000000,,01MAR2003:00:00:00.000000,,0
42001013078P8,MICROELETRÔNICA,UFRGS,UNIVERSIDADE FEDERAL DO RIO GRANDE DO SUL,2019,26377171,8627264,TUNING MOS2 REACTIVITY TOWARD HALOGENATION,2,BIBLIOGRÁFICA,25,ARTIGO EM PERIÓDICO,1,BIBLIOGRAFICA - ARTIGO EM PERIÓDICO,,,,,,,,,,,0
42001013078P8,MICROELETRÔNICA,UFRGS,UNIVERSIDADE FEDERAL DO RIO GRANDE DO SUL,2019,26377163,7834652,SELECTIVE FAULT TOLERANCE FOR REGISTER FILES OF GRAPHICS PROCESSING UNITS,2,BIBLIOGRÁFICA,25,ARTIGO EM PERIÓDICO,1,BIBLIOGRAFICA - ARTIGO EM PERIÓDICO,,,,,,,,,,,0
42001013078P8,MICROELETRÔNICA,UFRGS,UNIVERSIDADE FEDERAL DO RIO GRANDE DO SUL,2019,26377116,7836096,FOUR-LEVEL FORMS FOR MEMRISTIVE MATERIAL IMPLICATION LOGIC,2,BIBLIOGRÁFICA,25,ARTIGO EM PERIÓDICO,1,BIBLIOGRAFICA - ARTIGO EM PERIÓDICO,,,,,,,,,,,0
42001013078P8,MICROELETRÔNICA,UFRGS,UNIVERSIDADE FEDERAL DO RIO GRANDE DO SUL,2019,26377165,7656166,SEMIOTIC ASPECTS IN PATENT INTERPRETATION,2,BIBLIOGRÁFICA,25,ARTIGO EM PERIÓDICO,1,BIBLIOGRAFICA - ARTIGO EM PERIÓDICO,80626,FERRAMENTAS DE CAD PARA CIRCUITOS INTEGRADOS,98857,SÍNTESE FISICA,,,01MAR2003:00:00:00.000000,,01MAR2003:00:00:00.000000,,0
42001013078P8,MICROELETRÔNICA,UFRGS,UNIVERSIDADE FEDERAL DO RIO GRANDE DO SUL,2019,26377117,7836331,GATE MAPPING IMPACT ON VARIABILITY ROBUSTNESS IN FINFET TECHNOLOGY,2,BIBLIOGRÁFICA,25,ARTIGO EM PERIÓDICO,1,BIBLIOGRAFICA - ARTIGO EM PERIÓDICO,,,,,,,,,,,0
42001013078P8,MICROELETRÔNICA,UFRGS,UNIVERSIDADE FEDERAL DO RIO GRANDE DO SUL,2019,26377083,8638797,EXACT BENCHMARK CIRCUITS FOR LOGIC SYNTHESIS,2,BIBLIOGRÁFICA,25,ARTIGO EM PERIÓDICO,1,BIBLIOGRAFICA - ARTIGO EM PERIÓDICO,80623,CONCEPÇÃO DE CIRCUITOS E SISTEMAS INTEGRADOS,98858,PROJETO DE CIRCUITOS E SISTEMAS DIGITAIS,,,01MAR2003:00:00:00.000000,,01MAR2003:00:00:00.000000,,0
