CD_PROGRAMA_IES;NM_PROGRAMA_IES;SG_ENTIDADE_ENSINO;NM_ENTIDADE_ENSINO;AN_BASE;ID_ADD_PRODUCAO_INTELECTUAL;ID_PRODUCAO_INTELECTUAL;NM_PRODUCAO;ID_TIPO_PRODUCAO;NM_TIPO_PRODUCAO;ID_SUBTIPO_PRODUCAO;NM_SUBTIPO_PRODUCAO;ID_FORMULARIO_PRODUCAO;NM_FORMULARIO;ID_AREA_CONCENTRACAO;NM_AREA_CONCENTRACAO;ID_LINHA_PESQUISA;NM_LINHA_PESQUISA;ID_PROJETO;NM_PROJETO;DH_INICIO_AREA_CONC;DH_FIM_AREA_CONC;DH_INICIO_LINHA;DH_FIM_LINHA;IN_GLOSA
42001013004P4;COMPUTAÇÃO;UFRGS;UNIVERSIDADE FEDERAL DO RIO GRANDE DO SUL;2017;22397474;5103023;WHAT WE ARE TEACHING IN INTRODUCTION TO COMPUTER GRAPHICS;2;BIBLIOGRÁFICA;8;TRABALHO EM ANAIS;3;BIBLIOGRAFICA - TRABALHO EM ANAIS;89981;COMPUTAÇÃO VISUAL;120914;LINHA COMPUTAÇÃO GRÁFICA E VISUALIZAÇÃO DE DADOS;;;01JAN2017:00:00:00.000000;;01JAN2017:00:00:00.000000;;0
42001013004P4;COMPUTAÇÃO;UFRGS;UNIVERSIDADE FEDERAL DO RIO GRANDE DO SUL;2017;22397431;5095790;SYNERGIES BETWEEN EVOLUTIONARY COMPUTATION AND MULTIAGENT REINFORCEMENT LEARNING;2;BIBLIOGRÁFICA;8;TRABALHO EM ANAIS;3;BIBLIOGRAFICA - TRABALHO EM ANAIS;89986;INTELIGÊNCIA ARTIFICIAL;120937;LINHA APRENDIZADO DE MÁQUINA, REPRESENTAÇÃO DE CONHECIMENTO E RACIOCÍNIO;;;01JAN2017:00:00:00.000000;;01JAN2017:00:00:00.000000;;0
42001013004P4;COMPUTAÇÃO;UFRGS;UNIVERSIDADE FEDERAL DO RIO GRANDE DO SUL;2017;22397116;5548288;AN ANALYSIS OF STRATEGIC GOALS AND NON-FUNCTIONAL REQUIREMENTS IN BUSINESS PROCESS MANAGEMENT;2;BIBLIOGRÁFICA;8;TRABALHO EM ANAIS;3;BIBLIOGRAFICA - TRABALHO EM ANAIS;89982;CIÊNCIA DE DADOS E ENGENHARIA DE SOFTWARE;121856;LINHA MODELAGEM DE DADOS E DE PROCESSOS DE NEGÓCIOS;;;01JAN2017:00:00:00.000000;;01JAN2017:00:00:00.000000;;0
42001013004P4;COMPUTAÇÃO;UFRGS;UNIVERSIDADE FEDERAL DO RIO GRANDE DO SUL;2017;22397367;5214839;PREDIÇÃO DE ESTRUTURA DE DISSACARÍDEOS UTILIZANDO PARTICLE SWARM OPTIMIZATION;2;BIBLIOGRÁFICA;8;TRABALHO EM ANAIS;3;BIBLIOGRAFICA - TRABALHO EM ANAIS;89985;TEORIA DA COMPUTAÇÃO;120916;LINHA ALGORITMOS E OTIMIZAÇÃO;;;01JAN2017:00:00:00.000000;;01JAN2017:00:00:00.000000;;0
42001013004P4;COMPUTAÇÃO;UFRGS;UNIVERSIDADE FEDERAL DO RIO GRANDE DO SUL;2017;22397205;5215620;EFFECTIVENESS OF SOFTWARE-BASED HARDENING FOR RADIATION-INDUCED SOFT ERRORS IN REAL-TIME OPERATING SYSTEMS;2;BIBLIOGRÁFICA;8;TRABALHO EM ANAIS;3;BIBLIOGRAFICA - TRABALHO EM ANAIS;89983;PROJETO DE SISTEMAS ELETRÔNICOS E COMPUTACIONAIS;120955;LINHA CONFIABILIDADE E TOLERÂNCIA A FALHAS;;;01JAN2017:00:00:00.000000;;01JAN2017:00:00:00.000000;;0
42001013004P4;COMPUTAÇÃO;UFRGS;UNIVERSIDADE FEDERAL DO RIO GRANDE DO SUL;2017;22397069;5110513;A MECHANISM FOR ENERGY-EFFICIENT REUSE OF DECODING AND SCHEDULING OF X86 INSTRUCTION STREAMS;2;BIBLIOGRÁFICA;8;TRABALHO EM ANAIS;3;BIBLIOGRAFICA - TRABALHO EM ANAIS;89984;SISTEMAS DE COMPUTAÇÃO;121815;LINHA SISTEMAS EMBARCADOS;342217;PROJETO AUTOMÁTICO DE MPSOCS TRANSPARENTES E ADAPTÁVEIS PARA SISTEMAS EMBARCADOS;01JAN2017:00:00:00.000000;;01JAN2017:00:00:00.000000;;0
42001013004P4;COMPUTAÇÃO;UFRGS;UNIVERSIDADE FEDERAL DO RIO GRANDE DO SUL;2017;22397297;5208108;LEVERAGING CLOUD HETEROGENEITY FOR COST-EFFICIENT EXECUTION OF PARALLEL APPLICATIONS;2;BIBLIOGRÁFICA;8;TRABALHO EM ANAIS;3;BIBLIOGRAFICA - TRABALHO EM ANAIS;89984;SISTEMAS DE COMPUTAÇÃO;120917;LINHA COMPUTAÇÃO DE ALTO DESEMPENHO E SISTEMAS DISTRIBUÍDOS;;;01JAN2017:00:00:00.000000;;01JAN2017:00:00:00.000000;;0
42001013004P4;COMPUTAÇÃO;UFRGS;UNIVERSIDADE FEDERAL DO RIO GRANDE DO SUL;2017;22397120;5209666;AN EXPERIMENT ON AN ONTOLOGY-BASED SUPPORT APPROACH FOR PROCESS MODELING;2;BIBLIOGRÁFICA;8;TRABALHO EM ANAIS;3;BIBLIOGRAFICA - TRABALHO EM ANAIS;89982;CIÊNCIA DE DADOS E ENGENHARIA DE SOFTWARE;121856;LINHA MODELAGEM DE DADOS E DE PROCESSOS DE NEGÓCIOS;;;01JAN2017:00:00:00.000000;;01JAN2017:00:00:00.000000;;0
42001013004P4;COMPUTAÇÃO;UFRGS;UNIVERSIDADE FEDERAL DO RIO GRANDE DO SUL;2017;22397359;5497740;PERFORMANCE PREDICTION OF ACOUSTIC WAVE NUMERICAL KERNEL ON INTEL XEON PHI PROCESSOR;2;BIBLIOGRÁFICA;8;TRABALHO EM ANAIS;3;BIBLIOGRAFICA - TRABALHO EM ANAIS;89984;SISTEMAS DE COMPUTAÇÃO;120917;LINHA COMPUTAÇÃO DE ALTO DESEMPENHO E SISTEMAS DISTRIBUÍDOS;;;01JAN2017:00:00:00.000000;;01JAN2017:00:00:00.000000;;0
42001013004P4;COMPUTAÇÃO;UFRGS;UNIVERSIDADE FEDERAL DO RIO GRANDE DO SUL;2017;22397180;5934665;CONSTANT TIME UPDATES IN HIERARCHICAL HEAVY HITTERS;2;BIBLIOGRÁFICA;8;TRABALHO EM ANAIS;3;BIBLIOGRAFICA - TRABALHO EM ANAIS;89987;REDES DE COMPUTADORES;120958;LINHA ARQUITETURAS, PROTOCOLOS E GERÊNCIA DE REDES E SERVIÇO;;;01JAN2017:00:00:00.000000;;01JAN2017:00:00:00.000000;;0
42001013004P4;COMPUTAÇÃO;UFRGS;UNIVERSIDADE FEDERAL DO RIO GRANDE DO SUL;2017;22397418;5103034;ROMA: RAMACHANDRAN ORIENTED MUTATIONAL ANALYSIS;2;BIBLIOGRÁFICA;8;TRABALHO EM ANAIS;3;BIBLIOGRAFICA - TRABALHO EM ANAIS;89985;TEORIA DA COMPUTAÇÃO;120916;LINHA ALGORITMOS E OTIMIZAÇÃO;;;01JAN2017:00:00:00.000000;;01JAN2017:00:00:00.000000;;0
42001013004P4;COMPUTAÇÃO;UFRGS;UNIVERSIDADE FEDERAL DO RIO GRANDE DO SUL;2017;22397231;5127346;EVALUATION AND MITIGATION OF SOFT-ERRORS IN NEURAL NETWORK-BASED OBJECT DETECTION IN THREE GPU ARCHITECTURES;2;BIBLIOGRÁFICA;8;TRABALHO EM ANAIS;3;BIBLIOGRAFICA - TRABALHO EM ANAIS;89984;SISTEMAS DE COMPUTAÇÃO;120959;LINHA ARQUITETURAS NÃO CONVENCIONAIS;;;01JAN2017:00:00:00.000000;;01JAN2017:00:00:00.000000;;0
42001013004P4;COMPUTAÇÃO;UFRGS;UNIVERSIDADE FEDERAL DO RIO GRANDE DO SUL;2017;22397447;5127238;THE EFFECTS OF CLASSIFIERS DIVERSITY ON THE ACCURACY OF STACKING;2;BIBLIOGRÁFICA;8;TRABALHO EM ANAIS;3;BIBLIOGRAFICA - TRABALHO EM ANAIS;89982;CIÊNCIA DE DADOS E ENGENHARIA DE SOFTWARE;120936;LINHA MINERAÇÃO, INTEGRAÇÃO E ANÁLISE DE DADOS;;;01JAN2017:00:00:00.000000;;01JAN2017:00:00:00.000000;;0
42001013004P4;COMPUTAÇÃO;UFRGS;UNIVERSIDADE FEDERAL DO RIO GRANDE DO SUL;2017;22397135;5461730;ASSISTING PROCESS MODELING BY IDENTIFYING BUSINESS PROCESS ELEMENTS IN NATURAL LANGUAGE TEXTS;2;BIBLIOGRÁFICA;8;TRABALHO EM ANAIS;3;BIBLIOGRAFICA - TRABALHO EM ANAIS;89982;CIÊNCIA DE DADOS E ENGENHARIA DE SOFTWARE;121856;LINHA MODELAGEM DE DADOS E DE PROCESSOS DE NEGÓCIOS;;;01JAN2017:00:00:00.000000;;01JAN2017:00:00:00.000000;;0
42001013004P4;COMPUTAÇÃO;UFRGS;UNIVERSIDADE FEDERAL DO RIO GRANDE DO SUL;2017;22397125;5207859;AN ITERATED VARIABLE NEIGHBORHOOD DESCENT ALGORITHM APPLIED TO THE PICKUP AND DELIVERY PROBLEM WITH TIME WINDOWS;2;BIBLIOGRÁFICA;8;TRABALHO EM ANAIS;3;BIBLIOGRAFICA - TRABALHO EM ANAIS;89985;TEORIA DA COMPUTAÇÃO;120916;LINHA ALGORITMOS E OTIMIZAÇÃO;342918;RESOLUÇÃO DE PROBLEMAS DE OTIMIZAÇÃO COMBINATÓRIA;01JAN2017:00:00:00.000000;;01JAN2017:00:00:00.000000;;0
42001013004P4;COMPUTAÇÃO;UFRGS;UNIVERSIDADE FEDERAL DO RIO GRANDE DO SUL;2017;22397074;5536774;A SCALABLE APPROACH FOR MANAGING ACCESS CONTROL IN INFORMATION CENTRIC NETWORKS;2;BIBLIOGRÁFICA;8;TRABALHO EM ANAIS;3;BIBLIOGRAFICA - TRABALHO EM ANAIS;89987;REDES DE COMPUTADORES;120958;LINHA ARQUITETURAS, PROTOCOLOS E GERÊNCIA DE REDES E SERVIÇO;;;01JAN2017:00:00:00.000000;;01JAN2017:00:00:00.000000;;0
42001013004P4;COMPUTAÇÃO;UFRGS;UNIVERSIDADE FEDERAL DO RIO GRANDE DO SUL;2017;22397117;5954447;AN ANALYSIS OF THE IMPACT OF DIVERSITY ON STACKING SUPERVISED CLASSIFIERS;2;BIBLIOGRÁFICA;8;TRABALHO EM ANAIS;3;BIBLIOGRAFICA - TRABALHO EM ANAIS;89982;CIÊNCIA DE DADOS E ENGENHARIA DE SOFTWARE;120936;LINHA MINERAÇÃO, INTEGRAÇÃO E ANÁLISE DE DADOS;;;01JAN2017:00:00:00.000000;;01JAN2017:00:00:00.000000;;0
42001013004P4;COMPUTAÇÃO;UFRGS;UNIVERSIDADE FEDERAL DO RIO GRANDE DO SUL;2017;22397432;5174245;TASK-BASED BEHAVIOR GENERALIZATION VIA MANIFOLD CLUSTERING;2;BIBLIOGRÁFICA;8;TRABALHO EM ANAIS;3;BIBLIOGRAFICA - TRABALHO EM ANAIS;89982;CIÊNCIA DE DADOS E ENGENHARIA DE SOFTWARE;120936;LINHA MINERAÇÃO, INTEGRAÇÃO E ANÁLISE DE DADOS;;;01JAN2017:00:00:00.000000;;01JAN2017:00:00:00.000000;;0
42001013004P4;COMPUTAÇÃO;UFRGS;UNIVERSIDADE FEDERAL DO RIO GRANDE DO SUL;2017;22397142;5091282;BINARY ADDER CIRCUIT DESIGN USING EMERGING MIGFET DEVICES;2;BIBLIOGRÁFICA;8;TRABALHO EM ANAIS;3;BIBLIOGRAFICA - TRABALHO EM ANAIS;89983;PROJETO DE SISTEMAS ELETRÔNICOS E COMPUTACIONAIS;120915;LINHA CONCEPÇÃO DE CIRCUITOS E SISTEMAS INTEGRADOS;;;01JAN2017:00:00:00.000000;;01JAN2017:00:00:00.000000;;0
42001013004P4;COMPUTAÇÃO;UFRGS;UNIVERSIDADE FEDERAL DO RIO GRANDE DO SUL;2017;22397372;5955000;PROJETO DE PORTAS LÓGICAS XOR COM REDUÇÃO DE POTÊNCIA POR VOLTAGE SCALING;2;BIBLIOGRÁFICA;8;TRABALHO EM ANAIS;3;BIBLIOGRAFICA - TRABALHO EM ANAIS;89983;PROJETO DE SISTEMAS ELETRÔNICOS E COMPUTACIONAIS;120915;LINHA CONCEPÇÃO DE CIRCUITOS E SISTEMAS INTEGRADOS;;;01JAN2017:00:00:00.000000;;01JAN2017:00:00:00.000000;;0
42001013004P4;COMPUTAÇÃO;UFRGS;UNIVERSIDADE FEDERAL DO RIO GRANDE DO SUL;2017;22397374;5174220;QUANTITATIVE COMPARISON OF TREEMAP TECHNIQUES FOR TIME-DEPENDENT HIERARCHIES;2;BIBLIOGRÁFICA;8;TRABALHO EM ANAIS;3;BIBLIOGRAFICA - TRABALHO EM ANAIS;89982;CIÊNCIA DE DADOS E ENGENHARIA DE SOFTWARE;120936;LINHA MINERAÇÃO, INTEGRAÇÃO E ANÁLISE DE DADOS;342626;VISUALIZAÇÃO DE SÉRIES DE DADOS TEMPORAIS;01JAN2017:00:00:00.000000;;01JAN2017:00:00:00.000000;;0
42001013004P4;COMPUTAÇÃO;UFRGS;UNIVERSIDADE FEDERAL DO RIO GRANDE DO SUL;2017;22397209;5103158;EFFICIENT PROTOTYPE SELECTION SUPPORTED BY SUBSPACE PARTITIONS;2;BIBLIOGRÁFICA;8;TRABALHO EM ANAIS;3;BIBLIOGRAFICA - TRABALHO EM ANAIS;89986;INTELIGÊNCIA ARTIFICIAL;120937;LINHA APRENDIZADO DE MÁQUINA, REPRESENTAÇÃO DE CONHECIMENTO E RACIOCÍNIO;;;01JAN2017:00:00:00.000000;;01JAN2017:00:00:00.000000;;0
42001013004P4;COMPUTAÇÃO;UFRGS;UNIVERSIDADE FEDERAL DO RIO GRANDE DO SUL;2017;22397150;5093715;CAROL-FI: AN EFFICIENT FAULT-INJECTION TOOL FOR VULNERABILITY EVALUATION OF MODERN HPC PARALLEL ACCELERATORS;2;BIBLIOGRÁFICA;8;TRABALHO EM ANAIS;3;BIBLIOGRAFICA - TRABALHO EM ANAIS;89984;SISTEMAS DE COMPUTAÇÃO;120917;LINHA COMPUTAÇÃO DE ALTO DESEMPENHO E SISTEMAS DISTRIBUÍDOS;;;01JAN2017:00:00:00.000000;;01JAN2017:00:00:00.000000;;0
42001013004P4;COMPUTAÇÃO;UFRGS;UNIVERSIDADE FEDERAL DO RIO GRANDE DO SUL;2017;22397287;5522493;IOT WORKLOAD DISTRIBUTION IMPACT BETWEEN EDGE AND CLOUD COMPUTING IN A SMART GRID APPLICATION;2;BIBLIOGRÁFICA;8;TRABALHO EM ANAIS;3;BIBLIOGRAFICA - TRABALHO EM ANAIS;89984;SISTEMAS DE COMPUTAÇÃO;120917;LINHA COMPUTAÇÃO DE ALTO DESEMPENHO E SISTEMAS DISTRIBUÍDOS;;;01JAN2017:00:00:00.000000;;01JAN2017:00:00:00.000000;;0
42001013004P4;COMPUTAÇÃO;UFRGS;UNIVERSIDADE FEDERAL DO RIO GRANDE DO SUL;2017;22397350;5091268;OPTIMIZING MEMORY AFFINITY WITH A HYBRID COMPILER/OS APPROACH;2;BIBLIOGRÁFICA;8;TRABALHO EM ANAIS;3;BIBLIOGRAFICA - TRABALHO EM ANAIS;89984;SISTEMAS DE COMPUTAÇÃO;120917;LINHA COMPUTAÇÃO DE ALTO DESEMPENHO E SISTEMAS DISTRIBUÍDOS;;;01JAN2017:00:00:00.000000;;01JAN2017:00:00:00.000000;;0
42001013004P4;COMPUTAÇÃO;UFRGS;UNIVERSIDADE FEDERAL DO RIO GRANDE DO SUL;2017;22394062;5095791;A FLEXIBLE APPROACH FOR DESIGNING OPTIMAL REWARD FUNCTIONS;2;BIBLIOGRÁFICA;8;TRABALHO EM ANAIS;3;BIBLIOGRAFICA - TRABALHO EM ANAIS;89986;INTELIGÊNCIA ARTIFICIAL;120937;LINHA APRENDIZADO DE MÁQUINA, REPRESENTAÇÃO DE CONHECIMENTO E RACIOCÍNIO;;;01JAN2017:00:00:00.000000;;01JAN2017:00:00:00.000000;;0
42001013004P4;COMPUTAÇÃO;UFRGS;UNIVERSIDADE FEDERAL DO RIO GRANDE DO SUL;2017;22397376;5166591;RACIOCÍNIO CAUSAL EM AGENTES BDI: UM MODELO ABSTRATO;2;BIBLIOGRÁFICA;8;TRABALHO EM ANAIS;3;BIBLIOGRAFICA - TRABALHO EM ANAIS;89986;INTELIGÊNCIA ARTIFICIAL;120957;LINHA PLANEJAMENTO, SISTEMAS MULTIAGENTES E ROBÓTICA;;;01JAN2017:00:00:00.000000;;01JAN2017:00:00:00.000000;;0
42001013004P4;COMPUTAÇÃO;UFRGS;UNIVERSIDADE FEDERAL DO RIO GRANDE DO SUL;2017;22397191;5103015;D-BRKGA: A DISTRIBUTED BIASED RANDOM-KEY GENETIC ALGORITHM;2;BIBLIOGRÁFICA;8;TRABALHO EM ANAIS;3;BIBLIOGRAFICA - TRABALHO EM ANAIS;89986;INTELIGÊNCIA ARTIFICIAL;120957;LINHA PLANEJAMENTO, SISTEMAS MULTIAGENTES E ROBÓTICA;;;01JAN2017:00:00:00.000000;;01JAN2017:00:00:00.000000;;0
42001013004P4;COMPUTAÇÃO;UFRGS;UNIVERSIDADE FEDERAL DO RIO GRANDE DO SUL;2017;22397247;5166638;EXTRACTING IMPLEMENTED MODULE DEPENDENCIES WITH THE ARR TOOL;2;BIBLIOGRÁFICA;8;TRABALHO EM ANAIS;3;BIBLIOGRAFICA - TRABALHO EM ANAIS;89982;CIÊNCIA DE DADOS E ENGENHARIA DE SOFTWARE;121835;LINHA ENGENHARIA DE SOFTWARE;342379;DETECÇÃO DE REGRAS ARQUITETURAIS E SUAS VIOLAÇÕES BASEADA EM CÓDIGO FONTE;01JAN2017:00:00:00.000000;;01JAN2017:00:00:00.000000;;0
42001013004P4;COMPUTAÇÃO;UFRGS;UNIVERSIDADE FEDERAL DO RIO GRANDE DO SUL;2017;22397076;5209401;A SEMIAUTOMATIC PROCESS MODEL VERIFICATION METHOD BASED ON PROCESS MODELING GUIDELINES;2;BIBLIOGRÁFICA;8;TRABALHO EM ANAIS;3;BIBLIOGRAFICA - TRABALHO EM ANAIS;89982;CIÊNCIA DE DADOS E ENGENHARIA DE SOFTWARE;121856;LINHA MODELAGEM DE DADOS E DE PROCESSOS DE NEGÓCIOS;;;01JAN2017:00:00:00.000000;;01JAN2017:00:00:00.000000;;0
42001013004P4;COMPUTAÇÃO;UFRGS;UNIVERSIDADE FEDERAL DO RIO GRANDE DO SUL;2017;22397268;5550422;HYDRA: A HYPERVISOR FOR SOFTWARE DEFINED RADIOS TO ENABLE RADIO VIRTUALIZATION IN MOBILE NETWORKS;2;BIBLIOGRÁFICA;8;TRABALHO EM ANAIS;3;BIBLIOGRAFICA - TRABALHO EM ANAIS;89987;REDES DE COMPUTADORES;120958;LINHA ARQUITETURAS, PROTOCOLOS E GERÊNCIA DE REDES E SERVIÇO;;;01JAN2017:00:00:00.000000;;01JAN2017:00:00:00.000000;;0
42001013004P4;COMPUTAÇÃO;UFRGS;UNIVERSIDADE FEDERAL DO RIO GRANDE DO SUL;2017;22397159;5218935;COMBATENDO VULNERABILIDADES EM PROGRAMAS P4 COM VERIFICAÇÃO BASEADA EM ASSERÇÕES;2;BIBLIOGRÁFICA;8;TRABALHO EM ANAIS;3;BIBLIOGRAFICA - TRABALHO EM ANAIS;89987;REDES DE COMPUTADORES;120938;LINHA SEGURANÇA CIBERNÉTICA;;;01JAN2017:00:00:00.000000;;01JAN2017:00:00:00.000000;;0
42001013004P4;COMPUTAÇÃO;UFRGS;UNIVERSIDADE FEDERAL DO RIO GRANDE DO SUL;2017;22397084;5168390;ABSTRACTME: MODULARIZED ENVIRONMENT MODELING IN AGENT-BASED SIMULATIONS;2;BIBLIOGRÁFICA;8;TRABALHO EM ANAIS;3;BIBLIOGRAFICA - TRABALHO EM ANAIS;89982;CIÊNCIA DE DADOS E ENGENHARIA DE SOFTWARE;121835;LINHA ENGENHARIA DE SOFTWARE;340778;DESENVOLVENDO AGENTES BDI EFETIVAMENTE COM UMA ABORDAGEM DIRIGIDA A MODELOS;01JAN2017:00:00:00.000000;;01JAN2017:00:00:00.000000;;0
42001013004P4;COMPUTAÇÃO;UFRGS;UNIVERSIDADE FEDERAL DO RIO GRANDE DO SUL;2017;22397462;5166904;UNDERSTANDING THE BEHAVIOUR OF LEARNING-BASED BDI AGENTS IN THE BRAESS' PARADOX;2;BIBLIOGRÁFICA;8;TRABALHO EM ANAIS;3;BIBLIOGRAFICA - TRABALHO EM ANAIS;89982;CIÊNCIA DE DADOS E ENGENHARIA DE SOFTWARE;121835;LINHA ENGENHARIA DE SOFTWARE;340778;DESENVOLVENDO AGENTES BDI EFETIVAMENTE COM UMA ABORDAGEM DIRIGIDA A MODELOS;01JAN2017:00:00:00.000000;;01JAN2017:00:00:00.000000;;0
42001013004P4;COMPUTAÇÃO;UFRGS;UNIVERSIDADE FEDERAL DO RIO GRANDE DO SUL;2017;22397131;5562861;ANTENNA ARRAY BASED LOCALIZATION SCHEME FOR VEHICULAR NETWORKS;2;BIBLIOGRÁFICA;8;TRABALHO EM ANAIS;3;BIBLIOGRAFICA - TRABALHO EM ANAIS;89987;REDES DE COMPUTADORES;120958;LINHA ARQUITETURAS, PROTOCOLOS E GERÊNCIA DE REDES E SERVIÇO;;;01JAN2017:00:00:00.000000;;01JAN2017:00:00:00.000000;;0
42001013004P4;COMPUTAÇÃO;UFRGS;UNIVERSIDADE FEDERAL DO RIO GRANDE DO SUL;2017;22397109;5186054;AFFINITY MEASUREMENT FOR NFV-ENABLED NETWORKS: A CRITERIA-BASED APPROACH;2;BIBLIOGRÁFICA;8;TRABALHO EM ANAIS;3;BIBLIOGRAFICA - TRABALHO EM ANAIS;89987;REDES DE COMPUTADORES;120958;LINHA ARQUITETURAS, PROTOCOLOS E GERÊNCIA DE REDES E SERVIÇO;;;01JAN2017:00:00:00.000000;;01JAN2017:00:00:00.000000;;0
42001013004P4;COMPUTAÇÃO;UFRGS;UNIVERSIDADE FEDERAL DO RIO GRANDE DO SUL;2017;22397352;5114546;PACKER: MINIMIZING MULTI-RESOURCE FRAGMENTATION AND PERFORMANCE INTERFERENCE IN DATACENTERS;2;BIBLIOGRÁFICA;8;TRABALHO EM ANAIS;3;BIBLIOGRAFICA - TRABALHO EM ANAIS;89987;REDES DE COMPUTADORES;120958;LINHA ARQUITETURAS, PROTOCOLOS E GERÊNCIA DE REDES E SERVIÇO;;;01JAN2017:00:00:00.000000;;01JAN2017:00:00:00.000000;;0
42001013004P4;COMPUTAÇÃO;UFRGS;UNIVERSIDADE FEDERAL DO RIO GRANDE DO SUL;2017;22394056;5111379;A CASE-BASED STUDY WITH RADIOLOGISTS PERFORMING DIAGNOSIS TASKS IN VIRTUAL REALITY;2;BIBLIOGRÁFICA;8;TRABALHO EM ANAIS;3;BIBLIOGRAFICA - TRABALHO EM ANAIS;89981;COMPUTAÇÃO VISUAL;120934;LINHA INTERAÇÃO HUMANO-COMPUTADOR, REALIDADE VIRTUAL E AUMENTADA;342173;INTERAÇÃO NATURAL COM DADOS COMPLEXOS E TRIDIMENSIONAIS;01JAN2017:00:00:00.000000;;01JAN2017:00:00:00.000000;;0
42001013004P4;COMPUTAÇÃO;UFRGS;UNIVERSIDADE FEDERAL DO RIO GRANDE DO SUL;2017;22397155;5409331;CLICK-ON-OSV: A PLATFORM FOR RUNNING CLICK-BASED MIDDLEBOXES;2;BIBLIOGRÁFICA;8;TRABALHO EM ANAIS;3;BIBLIOGRAFICA - TRABALHO EM ANAIS;89987;REDES DE COMPUTADORES;120958;LINHA ARQUITETURAS, PROTOCOLOS E GERÊNCIA DE REDES E SERVIÇO;;;01JAN2017:00:00:00.000000;;01JAN2017:00:00:00.000000;;0
42001013004P4;COMPUTAÇÃO;UFRGS;UNIVERSIDADE FEDERAL DO RIO GRANDE DO SUL;2017;22394065;5093858;A GENETIC ALGORITHM FOR FAIR LAND ALLOCATION;2;BIBLIOGRÁFICA;8;TRABALHO EM ANAIS;3;BIBLIOGRAFICA - TRABALHO EM ANAIS;89985;TEORIA DA COMPUTAÇÃO;120916;LINHA ALGORITMOS E OTIMIZAÇÃO;428823;CONFIGURAÇÃO AUTOMÁTICA DE ALGORITMOS HEURÍSTICOS PARA PROBLEMAS DE PLANEJAMENTO DE PRODUÇÃO;01JAN2017:00:00:00.000000;;01JAN2017:00:00:00.000000;;0
42001013004P4;COMPUTAÇÃO;UFRGS;UNIVERSIDADE FEDERAL DO RIO GRANDE DO SUL;2017;22397340;5090564;OFFENSIVE COMMENTS IN THE BRAZILIAN WEB: A DATASET AND BASELINE RESULTS;2;BIBLIOGRÁFICA;8;TRABALHO EM ANAIS;3;BIBLIOGRAFICA - TRABALHO EM ANAIS;89982;CIÊNCIA DE DADOS E ENGENHARIA DE SOFTWARE;120936;LINHA MINERAÇÃO, INTEGRAÇÃO E ANÁLISE DE DADOS;;;01JAN2017:00:00:00.000000;;01JAN2017:00:00:00.000000;;0
42001013004P4;COMPUTAÇÃO;UFRGS;UNIVERSIDADE FEDERAL DO RIO GRANDE DO SUL;2017;22397419;6019530;SADE-SPL: A SELF-ADAPTING DIFFERENTIAL EVOLUTION ALGORITHM WITH A LOOP STRUCTURE PATTERN LIBRARY FOR THE PSP PROBLEM;2;BIBLIOGRÁFICA;8;TRABALHO EM ANAIS;3;BIBLIOGRAFICA - TRABALHO EM ANAIS;89985;TEORIA DA COMPUTAÇÃO;120916;LINHA ALGORITMOS E OTIMIZAÇÃO;;;01JAN2017:00:00:00.000000;;01JAN2017:00:00:00.000000;;0
42001013004P4;COMPUTAÇÃO;UFRGS;UNIVERSIDADE FEDERAL DO RIO GRANDE DO SUL;2017;22397083;5106023;A VISUALIZATION-BASED APPROACH FOR THE TAXONOMYBROWSER INTERFACE;2;BIBLIOGRÁFICA;8;TRABALHO EM ANAIS;3;BIBLIOGRAFICA - TRABALHO EM ANAIS;89981;COMPUTAÇÃO VISUAL;120934;LINHA INTERAÇÃO HUMANO-COMPUTADOR, REALIDADE VIRTUAL E AUMENTADA;386994;ESTUDO DE TÉCNICAS DE IMMERSIVE ANALYTICS COMO SOLUÇÃO PARA A ANÁLISE EXPLORATÓRIA DE DADOS;01JAN2017:00:00:00.000000;;01JAN2017:00:00:00.000000;;0
42001013004P4;COMPUTAÇÃO;UFRGS;UNIVERSIDADE FEDERAL DO RIO GRANDE DO SUL;2017;22397233;5587867;EVALUATION OF USABILITY AND USER EXPERIENCE REGARDING THE GAMIFICATION OF EDUCATIONAL SYSTEMS;2;BIBLIOGRÁFICA;8;TRABALHO EM ANAIS;3;BIBLIOGRAFICA - TRABALHO EM ANAIS;89982;CIÊNCIA DE DADOS E ENGENHARIA DE SOFTWARE;121835;LINHA ENGENHARIA DE SOFTWARE;;;01JAN2017:00:00:00.000000;;01JAN2017:00:00:00.000000;;0
42001013004P4;COMPUTAÇÃO;UFRGS;UNIVERSIDADE FEDERAL DO RIO GRANDE DO SUL;2017;22397324;5166859;MODEL-DRIVEN ENGINEERING IN AGENT-BASED MODELING AND SIMULATION: A CASE STUDY IN THE TRAFFIC SIGNAL CONTROL DOMAIN;2;BIBLIOGRÁFICA;8;TRABALHO EM ANAIS;3;BIBLIOGRAFICA - TRABALHO EM ANAIS;89982;CIÊNCIA DE DADOS E ENGENHARIA DE SOFTWARE;121835;LINHA ENGENHARIA DE SOFTWARE;340778;DESENVOLVENDO AGENTES BDI EFETIVAMENTE COM UMA ABORDAGEM DIRIGIDA A MODELOS;01JAN2017:00:00:00.000000;;01JAN2017:00:00:00.000000;;0
42001013004P4;COMPUTAÇÃO;UFRGS;UNIVERSIDADE FEDERAL DO RIO GRANDE DO SUL;2017;22397285;5587310;INVESTIGATING THE EFFECTIVENESS OF PEER CODE REVIEW IN DISTRIBUTED SOFTWARE DEVELOPMENT;2;BIBLIOGRÁFICA;8;TRABALHO EM ANAIS;3;BIBLIOGRAFICA - TRABALHO EM ANAIS;89982;CIÊNCIA DE DADOS E ENGENHARIA DE SOFTWARE;121835;LINHA ENGENHARIA DE SOFTWARE;;;01JAN2017:00:00:00.000000;;01JAN2017:00:00:00.000000;;0
42001013004P4;COMPUTAÇÃO;UFRGS;UNIVERSIDADE FEDERAL DO RIO GRANDE DO SUL;2017;22397380;5106248;REAL-TIME BRAZILIAN LICENSE PLATE DETECTION AND RECOGNITION USING DEEP CONVOLUTIONAL NEURAL NETWORKS;2;BIBLIOGRÁFICA;8;TRABALHO EM ANAIS;3;BIBLIOGRAFICA - TRABALHO EM ANAIS;89981;COMPUTAÇÃO VISUAL;120935;LINHA PROCESSAMENTO DE IMAGENS E VISÃO COMPUTACIONAL E RECONHECIMENTO DE PADRÕES;;;01JAN2017:00:00:00.000000;;01JAN2017:00:00:00.000000;;0
42001013004P4;COMPUTAÇÃO;UFRGS;UNIVERSIDADE FEDERAL DO RIO GRANDE DO SUL;2017;22397365;5564129;POTENTIAL GAINS IN EDP BY DYNAMICALLY ADAPTING THE NUMBER OF THREADS FOR OPENMP APPLICATIONS IN EMBEDDED SYSTEMS;2;BIBLIOGRÁFICA;8;TRABALHO EM ANAIS;3;BIBLIOGRAFICA - TRABALHO EM ANAIS;89984;SISTEMAS DE COMPUTAÇÃO;120917;LINHA COMPUTAÇÃO DE ALTO DESEMPENHO E SISTEMAS DISTRIBUÍDOS;428435;PROGRAMAÇÃO PARALELA EFICIENTE PARA OTIMIZAR O CONSUMO DE ENERGIA EM SISTEMAS EMBARCADOS E DE PROPÓSITO GERAL;01JAN2017:00:00:00.000000;;01JAN2017:00:00:00.000000;;0
42001013004P4;COMPUTAÇÃO;UFRGS;UNIVERSIDADE FEDERAL DO RIO GRANDE DO SUL;2017;22394059;5954256;A CONTEXTUAL APPROACH TO RESOURCES IN SMART HOME CARE ENVIRONMENTS;2;BIBLIOGRÁFICA;8;TRABALHO EM ANAIS;3;BIBLIOGRAFICA - TRABALHO EM ANAIS;89982;CIÊNCIA DE DADOS E ENGENHARIA DE SOFTWARE;121856;LINHA MODELAGEM DE DADOS E DE PROCESSOS DE NEGÓCIOS;;;01JAN2017:00:00:00.000000;;01JAN2017:00:00:00.000000;;0
42001013004P4;COMPUTAÇÃO;UFRGS;UNIVERSIDADE FEDERAL DO RIO GRANDE DO SUL;2017;22397246;5090586;EXTRAÇÃO DE DADOS DE CONFERÊNCIAS EM PÁGINAS WEB;2;BIBLIOGRÁFICA;8;TRABALHO EM ANAIS;3;BIBLIOGRAFICA - TRABALHO EM ANAIS;89982;CIÊNCIA DE DADOS E ENGENHARIA DE SOFTWARE;120936;LINHA MINERAÇÃO, INTEGRAÇÃO E ANÁLISE DE DADOS;;;01JAN2017:00:00:00.000000;;01JAN2017:00:00:00.000000;;0
42001013004P4;COMPUTAÇÃO;UFRGS;UNIVERSIDADE FEDERAL DO RIO GRANDE DO SUL;2017;22397141;5551480;BEATNIK: AN ALGORITHM TO AUTOMATIC GENERATION OF EDUCATIONAL DESCRIPTION OF MOVIES;2;BIBLIOGRÁFICA;8;TRABALHO EM ANAIS;3;BIBLIOGRAFICA - TRABALHO EM ANAIS;89982;CIÊNCIA DE DADOS E ENGENHARIA DE SOFTWARE;120936;LINHA MINERAÇÃO, INTEGRAÇÃO E ANÁLISE DE DADOS;;;01JAN2017:00:00:00.000000;;01JAN2017:00:00:00.000000;;0
42001013004P4;COMPUTAÇÃO;UFRGS;UNIVERSIDADE FEDERAL DO RIO GRANDE DO SUL;2017;22397269;5106457;IDENTIFICANDO FONTES DE DADOS EM MODELOS DE PROCESSOS DE NEGÓCIO COM BASE EM ELEMENTOS DE BPMN;2;BIBLIOGRÁFICA;8;TRABALHO EM ANAIS;3;BIBLIOGRAFICA - TRABALHO EM ANAIS;89982;CIÊNCIA DE DADOS E ENGENHARIA DE SOFTWARE;121856;LINHA MODELAGEM DE DADOS E DE PROCESSOS DE NEGÓCIOS;;;01JAN2017:00:00:00.000000;;01JAN2017:00:00:00.000000;;0
42001013004P4;COMPUTAÇÃO;UFRGS;UNIVERSIDADE FEDERAL DO RIO GRANDE DO SUL;2017;22397281;5186129;INTERACTIVE VISUALIZATIONS FOR PLANNING AND STRATEGIC BUSINESS DECISIONS IN NFV-ENABLED NETWORKS;2;BIBLIOGRÁFICA;8;TRABALHO EM ANAIS;3;BIBLIOGRAFICA - TRABALHO EM ANAIS;89987;REDES DE COMPUTADORES;120958;LINHA ARQUITETURAS, PROTOCOLOS E GERÊNCIA DE REDES E SERVIÇO;;;01JAN2017:00:00:00.000000;;01JAN2017:00:00:00.000000;;0
42001013004P4;COMPUTAÇÃO;UFRGS;UNIVERSIDADE FEDERAL DO RIO GRANDE DO SUL;2017;22397173;5095842;COMPARING TWO MULTIAGENT REINFORCEMENT LEARNING APPROACHES FOR THE TRAFFIC ASSIGNMENT PROBLEM;2;BIBLIOGRÁFICA;8;TRABALHO EM ANAIS;3;BIBLIOGRAFICA - TRABALHO EM ANAIS;89986;INTELIGÊNCIA ARTIFICIAL;120937;LINHA APRENDIZADO DE MÁQUINA, REPRESENTAÇÃO DE CONHECIMENTO E RACIOCÍNIO;;;01JAN2017:00:00:00.000000;;01JAN2017:00:00:00.000000;;0
42001013004P4;COMPUTAÇÃO;UFRGS;UNIVERSIDADE FEDERAL DO RIO GRANDE DO SUL;2017;22397421;5105166;SANDBOXING DATA PLANE PROGRAMS FOR FUN AND PROFIT;2;BIBLIOGRÁFICA;8;TRABALHO EM ANAIS;3;BIBLIOGRAFICA - TRABALHO EM ANAIS;89987;REDES DE COMPUTADORES;120958;LINHA ARQUITETURAS, PROTOCOLOS E GERÊNCIA DE REDES E SERVIÇO;;;01JAN2017:00:00:00.000000;;01JAN2017:00:00:00.000000;;0
42001013004P4;COMPUTAÇÃO;UFRGS;UNIVERSIDADE FEDERAL DO RIO GRANDE DO SUL;2017;22397119;5102977;AN EVOLUTIONARY MULTI-AGENT ALGORITHM TO EXPLORE THE HIGH DEGREE OF SELECTIVITY IN THREE-DIMENSIONAL PROTEIN STRUCTURES;2;BIBLIOGRÁFICA;8;TRABALHO EM ANAIS;3;BIBLIOGRAFICA - TRABALHO EM ANAIS;89986;INTELIGÊNCIA ARTIFICIAL;120957;LINHA PLANEJAMENTO, SISTEMAS MULTIAGENTES E ROBÓTICA;;;01JAN2017:00:00:00.000000;;01JAN2017:00:00:00.000000;;0
42001013004P4;COMPUTAÇÃO;UFRGS;UNIVERSIDADE FEDERAL DO RIO GRANDE DO SUL;2017;22397276;5178210;IMPROVING THE CLASSIFICATION OF EVENTS IN TWEETS USING SEMANTIC ENRICHMENT;2;BIBLIOGRÁFICA;8;TRABALHO EM ANAIS;3;BIBLIOGRAFICA - TRABALHO EM ANAIS;89982;CIÊNCIA DE DADOS E ENGENHARIA DE SOFTWARE;120936;LINHA MINERAÇÃO, INTEGRAÇÃO E ANÁLISE DE DADOS;;;01JAN2017:00:00:00.000000;;01JAN2017:00:00:00.000000;;0
42001013004P4;COMPUTAÇÃO;UFRGS;UNIVERSIDADE FEDERAL DO RIO GRANDE DO SUL;2017;22397377;5212336;RADIATION-INDUCED ERROR CRITICALITY IN MODERN HPC PARALLEL ACCELERATORS;2;BIBLIOGRÁFICA;8;TRABALHO EM ANAIS;3;BIBLIOGRAFICA - TRABALHO EM ANAIS;89983;PROJETO DE SISTEMAS ELETRÔNICOS E COMPUTACIONAIS;120955;LINHA CONFIABILIDADE E TOLERÂNCIA A FALHAS;;;01JAN2017:00:00:00.000000;;01JAN2017:00:00:00.000000;;0
42001013004P4;COMPUTAÇÃO;UFRGS;UNIVERSIDADE FEDERAL DO RIO GRANDE DO SUL;2017;22397190;5551707;DATABASE ONTOLOGY-SUPPORTED QUERY FOR UBIQUITOUS ENVIRONMENTS;2;BIBLIOGRÁFICA;8;TRABALHO EM ANAIS;3;BIBLIOGRAFICA - TRABALHO EM ANAIS;89982;CIÊNCIA DE DADOS E ENGENHARIA DE SOFTWARE;121856;LINHA MODELAGEM DE DADOS E DE PROCESSOS DE NEGÓCIOS;;;01JAN2017:00:00:00.000000;;01JAN2017:00:00:00.000000;;0
42001013004P4;COMPUTAÇÃO;UFRGS;UNIVERSIDADE FEDERAL DO RIO GRANDE DO SUL;2017;22397472;5174225;VISUALIZING HOTEL REVIEWS: A CASE STUDY USING TRIPADVISOR DATA;2;BIBLIOGRÁFICA;8;TRABALHO EM ANAIS;3;BIBLIOGRAFICA - TRABALHO EM ANAIS;89982;CIÊNCIA DE DADOS E ENGENHARIA DE SOFTWARE;120936;LINHA MINERAÇÃO, INTEGRAÇÃO E ANÁLISE DE DADOS;342626;VISUALIZAÇÃO DE SÉRIES DE DADOS TEMPORAIS;01JAN2017:00:00:00.000000;;01JAN2017:00:00:00.000000;;0
42001013004P4;COMPUTAÇÃO;UFRGS;UNIVERSIDADE FEDERAL DO RIO GRANDE DO SUL;2017;22397459;5166864;UMA ANÁLISE QUANTITATIVA DO ESFORÇO DE DESENVOLVIMENTO EM PLATAFORMAS DE SIMULAÇÕES BASEADAS EM AGENTES;2;BIBLIOGRÁFICA;8;TRABALHO EM ANAIS;3;BIBLIOGRAFICA - TRABALHO EM ANAIS;89982;CIÊNCIA DE DADOS E ENGENHARIA DE SOFTWARE;121835;LINHA ENGENHARIA DE SOFTWARE;340778;DESENVOLVENDO AGENTES BDI EFETIVAMENTE COM UMA ABORDAGEM DIRIGIDA A MODELOS;01JAN2017:00:00:00.000000;;01JAN2017:00:00:00.000000;;0
42001013004P4;COMPUTAÇÃO;UFRGS;UNIVERSIDADE FEDERAL DO RIO GRANDE DO SUL;2017;22397293;5110444;LAANT: A LIBRARY TO AUTOMATICALLY OPTIMIZE EDP FOR OPENMP APPLICATIONS;2;BIBLIOGRÁFICA;8;TRABALHO EM ANAIS;3;BIBLIOGRAFICA - TRABALHO EM ANAIS;89984;SISTEMAS DE COMPUTAÇÃO;120917;LINHA COMPUTAÇÃO DE ALTO DESEMPENHO E SISTEMAS DISTRIBUÍDOS;428435;PROGRAMAÇÃO PARALELA EFICIENTE PARA OTIMIZAR O CONSUMO DE ENERGIA EM SISTEMAS EMBARCADOS E DE PROPÓSITO GERAL;01JAN2017:00:00:00.000000;;01JAN2017:00:00:00.000000;;0
42001013004P4;COMPUTAÇÃO;UFRGS;UNIVERSIDADE FEDERAL DO RIO GRANDE DO SUL;2017;22397073;5186528;A REUSE-BASED APPROACH TO PROMOTE THE ADOPTION OF VISUALIZATIONS FOR NETWORK MANAGEMENT TASKS;2;BIBLIOGRÁFICA;8;TRABALHO EM ANAIS;3;BIBLIOGRAFICA - TRABALHO EM ANAIS;89987;REDES DE COMPUTADORES;120958;LINHA ARQUITETURAS, PROTOCOLOS E GERÊNCIA DE REDES E SERVIÇO;;;01JAN2017:00:00:00.000000;;01JAN2017:00:00:00.000000;;0
42001013004P4;COMPUTAÇÃO;UFRGS;UNIVERSIDADE FEDERAL DO RIO GRANDE DO SUL;2017;22397327;5178212;MRR: AN UNSUPERVISED ALGORITHM TO RANK REVIEWS BY RELEVANCE;2;BIBLIOGRÁFICA;8;TRABALHO EM ANAIS;3;BIBLIOGRAFICA - TRABALHO EM ANAIS;89982;CIÊNCIA DE DADOS E ENGENHARIA DE SOFTWARE;120936;LINHA MINERAÇÃO, INTEGRAÇÃO E ANÁLISE DE DADOS;;;01JAN2017:00:00:00.000000;;01JAN2017:00:00:00.000000;;0
42001013004P4;COMPUTAÇÃO;UFRGS;UNIVERSIDADE FEDERAL DO RIO GRANDE DO SUL;2017;22397468;5093630;USING POWER DEMAND AND RESIDUAL LOAD IMBALANCE IN THE LOAD BALANCING TO SAVE ENERGY OF PARALLEL SYSTEMS;2;BIBLIOGRÁFICA;8;TRABALHO EM ANAIS;3;BIBLIOGRAFICA - TRABALHO EM ANAIS;89984;SISTEMAS DE COMPUTAÇÃO;120917;LINHA COMPUTAÇÃO DE ALTO DESEMPENHO E SISTEMAS DISTRIBUÍDOS;;;01JAN2017:00:00:00.000000;;01JAN2017:00:00:00.000000;;0
42001013004P4;COMPUTAÇÃO;UFRGS;UNIVERSIDADE FEDERAL DO RIO GRANDE DO SUL;2017;22397230;5587995;EVALUATING THE USE OF LOCAL SEARCH STRATEGIES FOR A MEMETIC ALGORITHM FOR THE PROTEIN-LIGAND DOCKING PROBLEM;2;BIBLIOGRÁFICA;8;TRABALHO EM ANAIS;3;BIBLIOGRAFICA - TRABALHO EM ANAIS;89985;TEORIA DA COMPUTAÇÃO;120916;LINHA ALGORITMOS E OTIMIZAÇÃO;;;01JAN2017:00:00:00.000000;;01JAN2017:00:00:00.000000;;0
42001013004P4;COMPUTAÇÃO;UFRGS;UNIVERSIDADE FEDERAL DO RIO GRANDE DO SUL;2017;22397210;5105267;EFFICIENT QUANTITATIVE HEURISTICS FOR GRAPH CLUSTERING;2;BIBLIOGRÁFICA;8;TRABALHO EM ANAIS;3;BIBLIOGRAFICA - TRABALHO EM ANAIS;89985;TEORIA DA COMPUTAÇÃO;120916;LINHA ALGORITMOS E OTIMIZAÇÃO;342933;LÓGICAS NÃO-CLÁSSICAS EM CIÊNCIA DA COMPUTAÇÃO E INTELIGÊNCIA ARTIFICIAL: FUNDAMENTOS E APLICAÇÕES;01JAN2017:00:00:00.000000;;01JAN2017:00:00:00.000000;;0
42001013004P4;COMPUTAÇÃO;UFRGS;UNIVERSIDADE FEDERAL DO RIO GRANDE DO SUL;2017;22397345;5274035;ONTOLOGY FOR AUTONOMOUS ROBOTICS;2;BIBLIOGRÁFICA;8;TRABALHO EM ANAIS;3;BIBLIOGRAFICA - TRABALHO EM ANAIS;89986;INTELIGÊNCIA ARTIFICIAL;120957;LINHA PLANEJAMENTO, SISTEMAS MULTIAGENTES E ROBÓTICA;;;01JAN2017:00:00:00.000000;;01JAN2017:00:00:00.000000;;0
42001013004P4;COMPUTAÇÃO;UFRGS;UNIVERSIDADE FEDERAL DO RIO GRANDE DO SUL;2017;22397342;5135341;ON THE EFFECTIVENESS OF BUG PREDICTORS WITH PROCEDURAL SYSTEMS: A QUANTITATIVE STUDY;2;BIBLIOGRÁFICA;8;TRABALHO EM ANAIS;3;BIBLIOGRAFICA - TRABALHO EM ANAIS;89982;CIÊNCIA DE DADOS E ENGENHARIA DE SOFTWARE;121835;LINHA ENGENHARIA DE SOFTWARE;;;01JAN2017:00:00:00.000000;;01JAN2017:00:00:00.000000;;0
42001013004P4;COMPUTAÇÃO;UFRGS;UNIVERSIDADE FEDERAL DO RIO GRANDE DO SUL;2017;22397429;5178205;STUDYING TOXIC BEHAVIOR INFLUENCE AND PLAYER CHAT IN AN ONLINE VIDEO GAME;2;BIBLIOGRÁFICA;8;TRABALHO EM ANAIS;3;BIBLIOGRAFICA - TRABALHO EM ANAIS;89982;CIÊNCIA DE DADOS E ENGENHARIA DE SOFTWARE;120936;LINHA MINERAÇÃO, INTEGRAÇÃO E ANÁLISE DE DADOS;;;01JAN2017:00:00:00.000000;;01JAN2017:00:00:00.000000;;0
42001013004P4;COMPUTAÇÃO;UFRGS;UNIVERSIDADE FEDERAL DO RIO GRANDE DO SUL;2017;22397149;5178139;CARACTERIZANDO ESTRATÉGIAS DE DOMINIO ESPACIAL PARA GERENCIAMENTO DE REGRAS EM REDES DEFINIDAS POR SOFTWARE;2;BIBLIOGRÁFICA;8;TRABALHO EM ANAIS;3;BIBLIOGRAFICA - TRABALHO EM ANAIS;89987;REDES DE COMPUTADORES;120958;LINHA ARQUITETURAS, PROTOCOLOS E GERÊNCIA DE REDES E SERVIÇO;;;01JAN2017:00:00:00.000000;;01JAN2017:00:00:00.000000;;0
42001013004P4;COMPUTAÇÃO;UFRGS;UNIVERSIDADE FEDERAL DO RIO GRANDE DO SUL;2017;22397274;5186815;IMPROVE: ENHANCING THE INTRODUCTION OF SERVICES ON PROGRAMMABLE VIRTUAL NETWORKS;2;BIBLIOGRÁFICA;8;TRABALHO EM ANAIS;3;BIBLIOGRAFICA - TRABALHO EM ANAIS;89987;REDES DE COMPUTADORES;120958;LINHA ARQUITETURAS, PROTOCOLOS E GERÊNCIA DE REDES E SERVIÇO;;;01JAN2017:00:00:00.000000;;01JAN2017:00:00:00.000000;;0
42001013004P4;COMPUTAÇÃO;UFRGS;UNIVERSIDADE FEDERAL DO RIO GRANDE DO SUL;2017;22394055;5166924;A CASE STUDY OF THE DEVELOPMENT OF AN AGENT-BASED SIMULATION IN THE TRAFFIC SIGNAL CONTROL DOMAIN USING AN MDD APPROACH;2;BIBLIOGRÁFICA;8;TRABALHO EM ANAIS;3;BIBLIOGRAFICA - TRABALHO EM ANAIS;89982;CIÊNCIA DE DADOS E ENGENHARIA DE SOFTWARE;121835;LINHA ENGENHARIA DE SOFTWARE;340778;DESENVOLVENDO AGENTES BDI EFETIVAMENTE COM UMA ABORDAGEM DIRIGIDA A MODELOS;01JAN2017:00:00:00.000000;;01JAN2017:00:00:00.000000;;0
42001013004P4;COMPUTAÇÃO;UFRGS;UNIVERSIDADE FEDERAL DO RIO GRANDE DO SUL;2017;22397114;5191262;AMNESIA: AFFINITY MEASUREMENT PLATFORM FOR NFV-ENABLED NETWORKS;2;BIBLIOGRÁFICA;8;TRABALHO EM ANAIS;3;BIBLIOGRAFICA - TRABALHO EM ANAIS;89987;REDES DE COMPUTADORES;120958;LINHA ARQUITETURAS, PROTOCOLOS E GERÊNCIA DE REDES E SERVIÇO;;;01JAN2017:00:00:00.000000;;01JAN2017:00:00:00.000000;;0
42001013004P4;COMPUTAÇÃO;UFRGS;UNIVERSIDADE FEDERAL DO RIO GRANDE DO SUL;2017;22397245;5214832;EXPLORING THE RELATIONSHIP BETWEEN DECISION AND OBJECTIVE SPACE IN THE MULTI-OBJECTIVE PHYLOGENETIC INFERENCE PROBLEM;2;BIBLIOGRÁFICA;8;TRABALHO EM ANAIS;3;BIBLIOGRAFICA - TRABALHO EM ANAIS;89985;TEORIA DA COMPUTAÇÃO;120916;LINHA ALGORITMOS E OTIMIZAÇÃO;;;01JAN2017:00:00:00.000000;;01JAN2017:00:00:00.000000;;0
42001013004P4;COMPUTAÇÃO;UFRGS;UNIVERSIDADE FEDERAL DO RIO GRANDE DO SUL;2017;22397175;5555072;COMPREHENSIBILITY OF HETEROGENEOUS CONFIGURATION KNOWLEDGE: A USER STUDY;2;BIBLIOGRÁFICA;8;TRABALHO EM ANAIS;3;BIBLIOGRAFICA - TRABALHO EM ANAIS;89982;CIÊNCIA DE DADOS E ENGENHARIA DE SOFTWARE;121835;LINHA ENGENHARIA DE SOFTWARE;;;01JAN2017:00:00:00.000000;;01JAN2017:00:00:00.000000;;0
42001013004P4;COMPUTAÇÃO;UFRGS;UNIVERSIDADE FEDERAL DO RIO GRANDE DO SUL;2017;22397197;5103111;DESIGN AND IMPLEMENTATION OF AN OPEN-SOURCE SUBTRACTIVE SYNTHESIZER ON THE ARDUINO DUE PLATFORM;2;BIBLIOGRÁFICA;8;TRABALHO EM ANAIS;3;BIBLIOGRAFICA - TRABALHO EM ANAIS;89982;CIÊNCIA DE DADOS E ENGENHARIA DE SOFTWARE;121835;LINHA ENGENHARIA DE SOFTWARE;;;01JAN2017:00:00:00.000000;;01JAN2017:00:00:00.000000;;0
42001013004P4;COMPUTAÇÃO;UFRGS;UNIVERSIDADE FEDERAL DO RIO GRANDE DO SUL;2017;22397194;5103016;DESENVOLVIMENTO DE UMA ABORDAGEM ESTRUTURAL PARA PREDIÇÃO DE EFEITOS DE MUTAÇÕES PONTUAIS DE UM ÚNICO AMINOÁCIDO;2;BIBLIOGRÁFICA;8;TRABALHO EM ANAIS;3;BIBLIOGRAFICA - TRABALHO EM ANAIS;89986;INTELIGÊNCIA ARTIFICIAL;120957;LINHA PLANEJAMENTO, SISTEMAS MULTIAGENTES E ROBÓTICA;;;01JAN2017:00:00:00.000000;;01JAN2017:00:00:00.000000;;0
42001013004P4;COMPUTAÇÃO;UFRGS;UNIVERSIDADE FEDERAL DO RIO GRANDE DO SUL;2017;22397243;5124559;EXPLORING MUSIC RANKINGS WITH INTERACTIVE VISUALIZATION;2;BIBLIOGRÁFICA;8;TRABALHO EM ANAIS;3;BIBLIOGRAFICA - TRABALHO EM ANAIS;89981;COMPUTAÇÃO VISUAL;120914;LINHA COMPUTAÇÃO GRÁFICA E VISUALIZAÇÃO DE DADOS;;;01JAN2017:00:00:00.000000;;01JAN2017:00:00:00.000000;;0
42001013004P4;COMPUTAÇÃO;UFRGS;UNIVERSIDADE FEDERAL DO RIO GRANDE DO SUL;2017;22397264;5092757;HPC APPLICATION PERFORMANCE AND COST EFFICIENCY IN THE CLOUD;2;BIBLIOGRÁFICA;8;TRABALHO EM ANAIS;3;BIBLIOGRAFICA - TRABALHO EM ANAIS;89984;SISTEMAS DE COMPUTAÇÃO;120917;LINHA COMPUTAÇÃO DE ALTO DESEMPENHO E SISTEMAS DISTRIBUÍDOS;;;01JAN2017:00:00:00.000000;;01JAN2017:00:00:00.000000;;0
42001013004P4;COMPUTAÇÃO;UFRGS;UNIVERSIDADE FEDERAL DO RIO GRANDE DO SUL;2017;22397307;5186114;MEASUREMENT CORRELATION FOR IMPROVING COOPERATION IN MEASUREMENT FEDERATIONS;2;BIBLIOGRÁFICA;8;TRABALHO EM ANAIS;3;BIBLIOGRAFICA - TRABALHO EM ANAIS;89987;REDES DE COMPUTADORES;120958;LINHA ARQUITETURAS, PROTOCOLOS E GERÊNCIA DE REDES E SERVIÇO;;;01JAN2017:00:00:00.000000;;01JAN2017:00:00:00.000000;;0
42001013004P4;COMPUTAÇÃO;UFRGS;UNIVERSIDADE FEDERAL DO RIO GRANDE DO SUL;2017;22397457;5092754;TWINS: SERVER ACCESS COORDINATION IN THE I/O FORWARDING LAYER;2;BIBLIOGRÁFICA;8;TRABALHO EM ANAIS;3;BIBLIOGRAFICA - TRABALHO EM ANAIS;89984;SISTEMAS DE COMPUTAÇÃO;120917;LINHA COMPUTAÇÃO DE ALTO DESEMPENHO E SISTEMAS DISTRIBUÍDOS;;;01JAN2017:00:00:00.000000;;01JAN2017:00:00:00.000000;;0
42001013004P4;COMPUTAÇÃO;UFRGS;UNIVERSIDADE FEDERAL DO RIO GRANDE DO SUL;2017;22397346;5587429;OPERAND SIZE RECONFIGURATION FOR BIG DATA PROCESSING IN MEMORY;2;BIBLIOGRÁFICA;8;TRABALHO EM ANAIS;3;BIBLIOGRAFICA - TRABALHO EM ANAIS;89984;SISTEMAS DE COMPUTAÇÃO;120959;LINHA ARQUITETURAS NÃO CONVENCIONAIS;;;01JAN2017:00:00:00.000000;;01JAN2017:00:00:00.000000;;0
42001013004P4;COMPUTAÇÃO;UFRGS;UNIVERSIDADE FEDERAL DO RIO GRANDE DO SUL;2017;22397430;5166868;SUPPORTING THE DEVELOPMENT OF AGENT-BASED SIMULATIONS: A DSL FOR ENVIRONMENT MODELING;2;BIBLIOGRÁFICA;8;TRABALHO EM ANAIS;3;BIBLIOGRAFICA - TRABALHO EM ANAIS;89982;CIÊNCIA DE DADOS E ENGENHARIA DE SOFTWARE;121835;LINHA ENGENHARIA DE SOFTWARE;340778;DESENVOLVENDO AGENTES BDI EFETIVAMENTE COM UMA ABORDAGEM DIRIGIDA A MODELOS;01JAN2017:00:00:00.000000;;01JAN2017:00:00:00.000000;;0
42001013004P4;COMPUTAÇÃO;UFRGS;UNIVERSIDADE FEDERAL DO RIO GRANDE DO SUL;2017;22397348;5264360;OPTIMAL SERVICE FUNCTION CHAIN COMPOSITION IN NETWORK FUNCTIONS VIRTUALIZATION;2;BIBLIOGRÁFICA;8;TRABALHO EM ANAIS;3;BIBLIOGRAFICA - TRABALHO EM ANAIS;89987;REDES DE COMPUTADORES;120958;LINHA ARQUITETURAS, PROTOCOLOS E GERÊNCIA DE REDES E SERVIÇO;;;01JAN2017:00:00:00.000000;;01JAN2017:00:00:00.000000;;0
42001013004P4;COMPUTAÇÃO;UFRGS;UNIVERSIDADE FEDERAL DO RIO GRANDE DO SUL;2017;22397259;5103057;HANDWRITING SYNTHESIS FROM PUBLIC FONTS;2;BIBLIOGRÁFICA;8;TRABALHO EM ANAIS;3;BIBLIOGRAFICA - TRABALHO EM ANAIS;89981;COMPUTAÇÃO VISUAL;120914;LINHA COMPUTAÇÃO GRÁFICA E VISUALIZAÇÃO DE DADOS;;;01JAN2017:00:00:00.000000;;01JAN2017:00:00:00.000000;;0
42001013004P4;COMPUTAÇÃO;UFRGS;UNIVERSIDADE FEDERAL DO RIO GRANDE DO SUL;2017;22397070;5121261;A MODEL TO AGGREGATE HETEROGENEOUS LEARNING OBJECTS REPOSITORIES;2;BIBLIOGRÁFICA;8;TRABALHO EM ANAIS;3;BIBLIOGRAFICA - TRABALHO EM ANAIS;89982;CIÊNCIA DE DADOS E ENGENHARIA DE SOFTWARE;121856;LINHA MODELAGEM DE DADOS E DE PROCESSOS DE NEGÓCIOS;;;01JAN2017:00:00:00.000000;;01JAN2017:00:00:00.000000;;0
42001013004P4;COMPUTAÇÃO;UFRGS;UNIVERSIDADE FEDERAL DO RIO GRANDE DO SUL;2017;22397368;5563545;PREDICTING FUTURE CROWD MOTION INCLUDING EVENT TREATMENT;2;BIBLIOGRÁFICA;8;TRABALHO EM ANAIS;3;BIBLIOGRAFICA - TRABALHO EM ANAIS;89981;COMPUTAÇÃO VISUAL;120934;LINHA INTERAÇÃO HUMANO-COMPUTADOR, REALIDADE VIRTUAL E AUMENTADA;;;01JAN2017:00:00:00.000000;;01JAN2017:00:00:00.000000;;0
42001013004P4;COMPUTAÇÃO;UFRGS;UNIVERSIDADE FEDERAL DO RIO GRANDE DO SUL;2017;22397449;5179454;THE PULLBACK-PUSHOUT APPROACH TO ALGEBRAIC GRAPH TRANSFORMATION;2;BIBLIOGRÁFICA;8;TRABALHO EM ANAIS;3;BIBLIOGRAFICA - TRABALHO EM ANAIS;89985;TEORIA DA COMPUTAÇÃO;120956;LINHA LÓGICA E MODELOS DE COMPUTAÇÃO;;;01JAN2017:00:00:00.000000;;01JAN2017:00:00:00.000000;;0
42001013004P4;COMPUTAÇÃO;UFRGS;UNIVERSIDADE FEDERAL DO RIO GRANDE DO SUL;2017;22397273;5106058;IMMERSIVE ANALYTICS OF DIMENSIONALLY-REDUCED DATA SCATTERPLOTS;2;BIBLIOGRÁFICA;8;TRABALHO EM ANAIS;3;BIBLIOGRAFICA - TRABALHO EM ANAIS;89981;COMPUTAÇÃO VISUAL;120934;LINHA INTERAÇÃO HUMANO-COMPUTADOR, REALIDADE VIRTUAL E AUMENTADA;386994;ESTUDO DE TÉCNICAS DE IMMERSIVE ANALYTICS COMO SOLUÇÃO PARA A ANÁLISE EXPLORATÓRIA DE DADOS;01JAN2017:00:00:00.000000;;01JAN2017:00:00:00.000000;;0
42001013004P4;COMPUTAÇÃO;UFRGS;UNIVERSIDADE FEDERAL DO RIO GRANDE DO SUL;2017;22397075;5106455;A SEMI-AUTOMATIC APPROACH TO IDENTIFY BUSINESS PROCESS ELEMENTS IN NATURAL LANGUAGE TEXTS;2;BIBLIOGRÁFICA;8;TRABALHO EM ANAIS;3;BIBLIOGRAFICA - TRABALHO EM ANAIS;89982;CIÊNCIA DE DADOS E ENGENHARIA DE SOFTWARE;121856;LINHA MODELAGEM DE DADOS E DE PROCESSOS DE NEGÓCIOS;;;01JAN2017:00:00:00.000000;;01JAN2017:00:00:00.000000;;0
42001013004P4;COMPUTAÇÃO;UFRGS;UNIVERSIDADE FEDERAL DO RIO GRANDE DO SUL;2017;22397294;5933530;LATIN-AMERICAN NETWORK OF LEARNING ANALYTICS - LALA;2;BIBLIOGRÁFICA;8;TRABALHO EM ANAIS;3;BIBLIOGRAFICA - TRABALHO EM ANAIS;89986;INTELIGÊNCIA ARTIFICIAL;120937;LINHA APRENDIZADO DE MÁQUINA, REPRESENTAÇÃO DE CONHECIMENTO E RACIOCÍNIO;;;01JAN2017:00:00:00.000000;;01JAN2017:00:00:00.000000;;0
42001013004P4;COMPUTAÇÃO;UFRGS;UNIVERSIDADE FEDERAL DO RIO GRANDE DO SUL;2017;22397181;5127478;CONTEXT-AWARE MONITORING AGENTS FOR AMBIENT ASSISTED LIVING APPLICATIONS;2;BIBLIOGRÁFICA;8;TRABALHO EM ANAIS;3;BIBLIOGRAFICA - TRABALHO EM ANAIS;89986;INTELIGÊNCIA ARTIFICIAL;120957;LINHA PLANEJAMENTO, SISTEMAS MULTIAGENTES E ROBÓTICA;;;01JAN2017:00:00:00.000000;;01JAN2017:00:00:00.000000;;0
42001013004P4;COMPUTAÇÃO;UFRGS;UNIVERSIDADE FEDERAL DO RIO GRANDE DO SUL;2017;22397192;5185529;DECENTRALIZED DETECTION OF VIOLATIONS OF SERVICE LEVEL AGREEMENTS USING PEER-TO-PEER TECHNOLOGY;2;BIBLIOGRÁFICA;8;TRABALHO EM ANAIS;3;BIBLIOGRAFICA - TRABALHO EM ANAIS;89987;REDES DE COMPUTADORES;120958;LINHA ARQUITETURAS, PROTOCOLOS E GERÊNCIA DE REDES E SERVIÇO;;;01JAN2017:00:00:00.000000;;01JAN2017:00:00:00.000000;;0
42001013004P4;COMPUTAÇÃO;UFRGS;UNIVERSIDADE FEDERAL DO RIO GRANDE DO SUL;2017;22397366;5952450;POWER, PERFORMANCE AND ROBUSTNESS OF RADIATION HARDENED LATCHES UNDER VOLTAGE VARIABILITY;2;BIBLIOGRÁFICA;8;TRABALHO EM ANAIS;3;BIBLIOGRAFICA - TRABALHO EM ANAIS;89983;PROJETO DE SISTEMAS ELETRÔNICOS E COMPUTACIONAIS;120955;LINHA CONFIABILIDADE E TOLERÂNCIA A FALHAS;;;01JAN2017:00:00:00.000000;;01JAN2017:00:00:00.000000;;0
42001013004P4;COMPUTAÇÃO;UFRGS;UNIVERSIDADE FEDERAL DO RIO GRANDE DO SUL;2017;22397242;5533200;EXPLOITING PRICE AND PERFORMANCE TRADEOFFS IN HETEROGENEOUS CLOUDS;2;BIBLIOGRÁFICA;8;TRABALHO EM ANAIS;3;BIBLIOGRAFICA - TRABALHO EM ANAIS;89984;SISTEMAS DE COMPUTAÇÃO;120917;LINHA COMPUTAÇÃO DE ALTO DESEMPENHO E SISTEMAS DISTRIBUÍDOS;;;01JAN2017:00:00:00.000000;;01JAN2017:00:00:00.000000;;0
42001013004P4;COMPUTAÇÃO;UFRGS;UNIVERSIDADE FEDERAL DO RIO GRANDE DO SUL;2017;22397364;5088785;POSTER: FINDING VULNERABILITIES IN P4 PROGRAMS WITH ASSERTION-BASED VERIFICATION;2;BIBLIOGRÁFICA;8;TRABALHO EM ANAIS;3;BIBLIOGRAFICA - TRABALHO EM ANAIS;89987;REDES DE COMPUTADORES;120938;LINHA SEGURANÇA CIBERNÉTICA;;;01JAN2017:00:00:00.000000;;01JAN2017:00:00:00.000000;;0
42001013004P4;COMPUTAÇÃO;UFRGS;UNIVERSIDADE FEDERAL DO RIO GRANDE DO SUL;2017;22394057;5178029;A COGNITIVE ALGORITHM FOR TRAFFIC STEERING IN LTE-LSA/WI-FI RESOURCE SHARING SCENARIOS;2;BIBLIOGRÁFICA;8;TRABALHO EM ANAIS;3;BIBLIOGRAFICA - TRABALHO EM ANAIS;89987;REDES DE COMPUTADORES;120958;LINHA ARQUITETURAS, PROTOCOLOS E GERÊNCIA DE REDES E SERVIÇO;;;01JAN2017:00:00:00.000000;;01JAN2017:00:00:00.000000;;0
42001013004P4;COMPUTAÇÃO;UFRGS;UNIVERSIDADE FEDERAL DO RIO GRANDE DO SUL;2017;22397463;5955462;UNSUPERVISED SEGMENTATION AND CLASSIFICATION OF SNORING EVENTS FOR MOBILE HEALTH;2;BIBLIOGRÁFICA;8;TRABALHO EM ANAIS;3;BIBLIOGRAFICA - TRABALHO EM ANAIS;89987;REDES DE COMPUTADORES;120958;LINHA ARQUITETURAS, PROTOCOLOS E GERÊNCIA DE REDES E SERVIÇO;;;01JAN2017:00:00:00.000000;;01JAN2017:00:00:00.000000;;0
42001013004P4;COMPUTAÇÃO;UFRGS;UNIVERSIDADE FEDERAL DO RIO GRANDE DO SUL;2017;22397378;5562399;RADIOFREQUENCY ENERGY HARVESTING SYSTEM BASED ON A RECTENNA ARRAY IN URBAN ENVIRONMENTS;2;BIBLIOGRÁFICA;8;TRABALHO EM ANAIS;3;BIBLIOGRAFICA - TRABALHO EM ANAIS;89987;REDES DE COMPUTADORES;120958;LINHA ARQUITETURAS, PROTOCOLOS E GERÊNCIA DE REDES E SERVIÇO;;;01JAN2017:00:00:00.000000;;01JAN2017:00:00:00.000000;;0
42001013004P4;COMPUTAÇÃO;UFRGS;UNIVERSIDADE FEDERAL DO RIO GRANDE DO SUL;2017;22397108;5178063;ADAPTIVE MONTE CARLO ALGORITHM TO GLOBAL RADIO RESOURCES OPTIMIZATION IN H-CRAN;2;BIBLIOGRÁFICA;8;TRABALHO EM ANAIS;3;BIBLIOGRAFICA - TRABALHO EM ANAIS;89987;REDES DE COMPUTADORES;120958;LINHA ARQUITETURAS, PROTOCOLOS E GERÊNCIA DE REDES E SERVIÇO;;;01JAN2017:00:00:00.000000;;01JAN2017:00:00:00.000000;;0
42001013004P4;COMPUTAÇÃO;UFRGS;UNIVERSIDADE FEDERAL DO RIO GRANDE DO SUL;2017;22394064;5409531;A FRAMEWORK TO AUTOMATICALLY GENERATE HETEROGENEOUS ORGANIZATION RECONFIGURABLE MULTIPROCESSING;2;BIBLIOGRÁFICA;8;TRABALHO EM ANAIS;3;BIBLIOGRAFICA - TRABALHO EM ANAIS;89984;SISTEMAS DE COMPUTAÇÃO;121815;LINHA SISTEMAS EMBARCADOS;342217;PROJETO AUTOMÁTICO DE MPSOCS TRANSPARENTES E ADAPTÁVEIS PARA SISTEMAS EMBARCADOS;01JAN2017:00:00:00.000000;;01JAN2017:00:00:00.000000;;0
42001013004P4;COMPUTAÇÃO;UFRGS;UNIVERSIDADE FEDERAL DO RIO GRANDE DO SUL;2017;22397325;5135377;MODELLING AND REASONING ABOUT REMEDIATION ACTIONS IN BDI AGENTS;2;BIBLIOGRÁFICA;8;TRABALHO EM ANAIS;3;BIBLIOGRAFICA - TRABALHO EM ANAIS;89986;INTELIGÊNCIA ARTIFICIAL;120957;LINHA PLANEJAMENTO, SISTEMAS MULTIAGENTES E ROBÓTICA;;;01JAN2017:00:00:00.000000;;01JAN2017:00:00:00.000000;;0
42001013004P4;COMPUTAÇÃO;UFRGS;UNIVERSIDADE FEDERAL DO RIO GRANDE DO SUL;2017;22397358;5093637;PERFORMANCE IMPROVEMENT OF STENCIL COMPUTATIONS FOR MULTI-CORE ARCHITECTURES BASED ON MACHINE LEARNING;2;BIBLIOGRÁFICA;8;TRABALHO EM ANAIS;3;BIBLIOGRAFICA - TRABALHO EM ANAIS;89984;SISTEMAS DE COMPUTAÇÃO;120917;LINHA COMPUTAÇÃO DE ALTO DESEMPENHO E SISTEMAS DISTRIBUÍDOS;;;01JAN2017:00:00:00.000000;;01JAN2017:00:00:00.000000;;0
42001013004P4;COMPUTAÇÃO;UFRGS;UNIVERSIDADE FEDERAL DO RIO GRANDE DO SUL;2017;22397215;5088810;EMPREGO DE NFV E APRENDIZAGEM POR REFORÇO PARA DETECTAR E MITIGAR ANOMALIAS EM REDES DEFINIDAS POR SOFTWARE;2;BIBLIOGRÁFICA;8;TRABALHO EM ANAIS;3;BIBLIOGRAFICA - TRABALHO EM ANAIS;89987;REDES DE COMPUTADORES;120938;LINHA SEGURANÇA CIBERNÉTICA;341524;NETMAN PATTERNS: PADRÕES DE GERENCIAMENTO PARA RESILIÊNCIA E SEGURANÇA DE REDES;01JAN2017:00:00:00.000000;;01JAN2017:00:00:00.000000;;0
42001013004P4;COMPUTAÇÃO;UFRGS;UNIVERSIDADE FEDERAL DO RIO GRANDE DO SUL;2017;22397300;5187469;MAESTRO: AN NFV ORCHESTRATOR FOR WIRELESS ENVIRONMENTS AWARE OF VNF INTERNAL COMPOSITIONS;2;BIBLIOGRÁFICA;8;TRABALHO EM ANAIS;3;BIBLIOGRAFICA - TRABALHO EM ANAIS;89987;REDES DE COMPUTADORES;120958;LINHA ARQUITETURAS, PROTOCOLOS E GERÊNCIA DE REDES E SERVIÇO;;;01JAN2017:00:00:00.000000;;01JAN2017:00:00:00.000000;;0
42001013004P4;COMPUTAÇÃO;UFRGS;UNIVERSIDADE FEDERAL DO RIO GRANDE DO SUL;2017;22397158;5095921;COLLABORATIVE MANIPULATION OF 3D VIRTUAL OBJECTS IN AUGMENTED REALITY SCENARIOS USING MOBILE DEVICES;2;BIBLIOGRÁFICA;8;TRABALHO EM ANAIS;3;BIBLIOGRAFICA - TRABALHO EM ANAIS;89981;COMPUTAÇÃO VISUAL;120934;LINHA INTERAÇÃO HUMANO-COMPUTADOR, REALIDADE VIRTUAL E AUMENTADA;342173;INTERAÇÃO NATURAL COM DADOS COMPLEXOS E TRIDIMENSIONAIS;01JAN2017:00:00:00.000000;;01JAN2017:00:00:00.000000;;0
42001013004P4;COMPUTAÇÃO;UFRGS;UNIVERSIDADE FEDERAL DO RIO GRANDE DO SUL;2017;22394063;5288045;A FRAMEWORK FOR SFC INTEGRITY IN NFV ENVIRONMENTS;2;BIBLIOGRÁFICA;8;TRABALHO EM ANAIS;3;BIBLIOGRAFICA - TRABALHO EM ANAIS;89987;REDES DE COMPUTADORES;120938;LINHA SEGURANÇA CIBERNÉTICA;;;01JAN2017:00:00:00.000000;;01JAN2017:00:00:00.000000;;0
42001013004P4;COMPUTAÇÃO;UFRGS;UNIVERSIDADE FEDERAL DO RIO GRANDE DO SUL;2017;22397322;5187865;MITIGATING ELEPHANT FLOWS IN SDN-BASED IXP NETWORKS;2;BIBLIOGRÁFICA;8;TRABALHO EM ANAIS;3;BIBLIOGRAFICA - TRABALHO EM ANAIS;89987;REDES DE COMPUTADORES;120958;LINHA ARQUITETURAS, PROTOCOLOS E GERÊNCIA DE REDES E SERVIÇO;;;01JAN2017:00:00:00.000000;;01JAN2017:00:00:00.000000;;0
42001013004P4;COMPUTAÇÃO;UFRGS;UNIVERSIDADE FEDERAL DO RIO GRANDE DO SUL;2017;22397452;5093583;TOWARDS ENERGY-EFFICIENT STORAGE SERVERS;2;BIBLIOGRÁFICA;8;TRABALHO EM ANAIS;3;BIBLIOGRAFICA - TRABALHO EM ANAIS;89984;SISTEMAS DE COMPUTAÇÃO;120917;LINHA COMPUTAÇÃO DE ALTO DESEMPENHO E SISTEMAS DISTRIBUÍDOS;;;01JAN2017:00:00:00.000000;;01JAN2017:00:00:00.000000;;0
42001013004P4;COMPUTAÇÃO;UFRGS;UNIVERSIDADE FEDERAL DO RIO GRANDE DO SUL;2017;22394060;5166581;A DISTRIBUTED NFV ORCHESTRATOR BASED ON BDI REASONING;2;BIBLIOGRÁFICA;8;TRABALHO EM ANAIS;3;BIBLIOGRAFICA - TRABALHO EM ANAIS;89987;REDES DE COMPUTADORES;120958;LINHA ARQUITETURAS, PROTOCOLOS E GERÊNCIA DE REDES E SERVIÇO;461190;RESILIÊNCIA MULTINÍVEL EM INFRAESTRUTURAS DE REDE BASEADAS EM SDN E NFV;01JAN2017:00:00:00.000000;;01JAN2017:00:00:00.000000;;0
42001013004P4;COMPUTAÇÃO;UFRGS;UNIVERSIDADE FEDERAL DO RIO GRANDE DO SUL;2017;22397214;5271717;EMPLOYING SDN TO CONTROL VIDEO STREAMING APPLICATIONS IN MILITARY MOBILE NETWORKS;2;BIBLIOGRÁFICA;8;TRABALHO EM ANAIS;3;BIBLIOGRAFICA - TRABALHO EM ANAIS;89987;REDES DE COMPUTADORES;120958;LINHA ARQUITETURAS, PROTOCOLOS E GERÊNCIA DE REDES E SERVIÇO;;;01JAN2017:00:00:00.000000;;01JAN2017:00:00:00.000000;;0
42001013004P4;COMPUTAÇÃO;UFRGS;UNIVERSIDADE FEDERAL DO RIO GRANDE DO SUL;2017;22394061;5498489;A DISTRIBUTED STREAM PROCESSING BASED ARCHITECTURE FOR IOT SMART GRIDS MONITORING;2;BIBLIOGRÁFICA;8;TRABALHO EM ANAIS;3;BIBLIOGRAFICA - TRABALHO EM ANAIS;89984;SISTEMAS DE COMPUTAÇÃO;120917;LINHA COMPUTAÇÃO DE ALTO DESEMPENHO E SISTEMAS DISTRIBUÍDOS;;;01JAN2017:00:00:00.000000;;01JAN2017:00:00:00.000000;;0
42001013004P4;COMPUTAÇÃO;UFRGS;UNIVERSIDADE FEDERAL DO RIO GRANDE DO SUL;2017;22397118;5486811;AN ENERGY-EFFICIENT MEMORY HIERARCHY FOR MULTI-ISSUE PROCESSORS;2;BIBLIOGRÁFICA;8;TRABALHO EM ANAIS;3;BIBLIOGRAFICA - TRABALHO EM ANAIS;89984;SISTEMAS DE COMPUTAÇÃO;120959;LINHA ARQUITETURAS NÃO CONVENCIONAIS;;;01JAN2017:00:00:00.000000;;01JAN2017:00:00:00.000000;;0
42001013004P4;COMPUTAÇÃO;UFRGS;UNIVERSIDADE FEDERAL DO RIO GRANDE DO SUL;2017;22397412;5091258;R-EXTRACTOR: A METHOD FOR DATA EXTRACTION FROM TEMPLATE-BASED ENTITY-PAGES;2;BIBLIOGRÁFICA;8;TRABALHO EM ANAIS;3;BIBLIOGRAFICA - TRABALHO EM ANAIS;89982;CIÊNCIA DE DADOS E ENGENHARIA DE SOFTWARE;120936;LINHA MINERAÇÃO, INTEGRAÇÃO E ANÁLISE DE DADOS;;;01JAN2017:00:00:00.000000;;01JAN2017:00:00:00.000000;;0
42001013004P4;COMPUTAÇÃO;UFRGS;UNIVERSIDADE FEDERAL DO RIO GRANDE DO SUL;2017;22397275;5409570;IMPROVING EDP IN MULTI-CORE EMBEDDED SYSTEMS THROUGH MULTIDIMENSIONAL FREQUENCY SCALING;2;BIBLIOGRÁFICA;8;TRABALHO EM ANAIS;3;BIBLIOGRAFICA - TRABALHO EM ANAIS;89984;SISTEMAS DE COMPUTAÇÃO;120917;LINHA COMPUTAÇÃO DE ALTO DESEMPENHO E SISTEMAS DISTRIBUÍDOS;428435;PROGRAMAÇÃO PARALELA EFICIENTE PARA OTIMIZAR O CONSUMO DE ENERGIA EM SISTEMAS EMBARCADOS E DE PROPÓSITO GERAL;01JAN2017:00:00:00.000000;;01JAN2017:00:00:00.000000;;0
42001013004P4;COMPUTAÇÃO;UFRGS;UNIVERSIDADE FEDERAL DO RIO GRANDE DO SUL;2017;22397238;5106453;EXPERIMENTOS COM O REFINAMENTO DE MODELOS BASEADOS EM CONTEXTOS;2;BIBLIOGRÁFICA;8;TRABALHO EM ANAIS;3;BIBLIOGRAFICA - TRABALHO EM ANAIS;89985;TEORIA DA COMPUTAÇÃO;120956;LINHA LÓGICA E MODELOS DE COMPUTAÇÃO;;;01JAN2017:00:00:00.000000;;01JAN2017:00:00:00.000000;;0
42001013004P4;COMPUTAÇÃO;UFRGS;UNIVERSIDADE FEDERAL DO RIO GRANDE DO SUL;2017;22397321;5485556;MINING UNSTRUCTURED PROCESSES: AN EXPLORATORY STUDY ON A DISTANCE LEARNING DOMAIN;2;BIBLIOGRÁFICA;8;TRABALHO EM ANAIS;3;BIBLIOGRAFICA - TRABALHO EM ANAIS;89982;CIÊNCIA DE DADOS E ENGENHARIA DE SOFTWARE;120936;LINHA MINERAÇÃO, INTEGRAÇÃO E ANÁLISE DE DADOS;;;01JAN2017:00:00:00.000000;;01JAN2017:00:00:00.000000;;0
42001013004P4;COMPUTAÇÃO;UFRGS;UNIVERSIDADE FEDERAL DO RIO GRANDE DO SUL;2017;22397237;5533215;EXPERIMENTAL AND ANALYTICAL STUDY OF XEON PHI RELIABILITY;2;BIBLIOGRÁFICA;8;TRABALHO EM ANAIS;3;BIBLIOGRAFICA - TRABALHO EM ANAIS;89984;SISTEMAS DE COMPUTAÇÃO;120917;LINHA COMPUTAÇÃO DE ALTO DESEMPENHO E SISTEMAS DISTRIBUÍDOS;;;01JAN2017:00:00:00.000000;;01JAN2017:00:00:00.000000;;0
42001013004P4;COMPUTAÇÃO;UFRGS;UNIVERSIDADE FEDERAL DO RIO GRANDE DO SUL;2017;22397467;5214837;USING LOCAL SEARCH STRATEGIES TO IMPROVE THE PERFORMANCE OF NSGA-II FOR THE MULTI-CRITERIA MINIMUM SPANNING TREE PROBLEM;2;BIBLIOGRÁFICA;8;TRABALHO EM ANAIS;3;BIBLIOGRAFICA - TRABALHO EM ANAIS;89985;TEORIA DA COMPUTAÇÃO;120916;LINHA ALGORITMOS E OTIMIZAÇÃO;;;01JAN2017:00:00:00.000000;;01JAN2017:00:00:00.000000;;0
42001013004P4;COMPUTAÇÃO;UFRGS;UNIVERSIDADE FEDERAL DO RIO GRANDE DO SUL;2017;22397296;5095688;LEARNING TO MINIMISE REGRET IN ROUTE CHOICE;2;BIBLIOGRÁFICA;8;TRABALHO EM ANAIS;3;BIBLIOGRAFICA - TRABALHO EM ANAIS;89986;INTELIGÊNCIA ARTIFICIAL;120937;LINHA APRENDIZADO DE MÁQUINA, REPRESENTAÇÃO DE CONHECIMENTO E RACIOCÍNIO;;;01JAN2017:00:00:00.000000;;01JAN2017:00:00:00.000000;;0
42001013004P4;COMPUTAÇÃO;UFRGS;UNIVERSIDADE FEDERAL DO RIO GRANDE DO SUL;2017;22397349;5485276;OPTIMIZATION OF THE INCEPTION DECK TECHNIQUE FOR ELICITING REQUIREMENTS IN SCRUM THROUGH BUSINESS PROCESS MODELS;2;BIBLIOGRÁFICA;8;TRABALHO EM ANAIS;3;BIBLIOGRAFICA - TRABALHO EM ANAIS;89982;CIÊNCIA DE DADOS E ENGENHARIA DE SOFTWARE;121856;LINHA MODELAGEM DE DADOS E DE PROCESSOS DE NEGÓCIOS;;;01JAN2017:00:00:00.000000;;01JAN2017:00:00:00.000000;;0
42001013004P4;COMPUTAÇÃO;UFRGS;UNIVERSIDADE FEDERAL DO RIO GRANDE DO SUL;2017;22397280;5135331;INTERACTING WITH RECOMMENDER SYSTEMS;2;BIBLIOGRÁFICA;8;TRABALHO EM ANAIS;3;BIBLIOGRAFICA - TRABALHO EM ANAIS;89982;CIÊNCIA DE DADOS E ENGENHARIA DE SOFTWARE;120936;LINHA MINERAÇÃO, INTEGRAÇÃO E ANÁLISE DE DADOS;;;01JAN2017:00:00:00.000000;;01JAN2017:00:00:00.000000;;0
42001013004P4;COMPUTAÇÃO;UFRGS;UNIVERSIDADE FEDERAL DO RIO GRANDE DO SUL;2017;22397217;5131579;ENHANCING I2C ROBUSTNESS TO SOFT ERRORS;2;BIBLIOGRÁFICA;8;TRABALHO EM ANAIS;3;BIBLIOGRAFICA - TRABALHO EM ANAIS;89983;PROJETO DE SISTEMAS ELETRÔNICOS E COMPUTACIONAIS;120955;LINHA CONFIABILIDADE E TOLERÂNCIA A FALHAS;;;01JAN2017:00:00:00.000000;;01JAN2017:00:00:00.000000;;0
42001013004P4;COMPUTAÇÃO;UFRGS;UNIVERSIDADE FEDERAL DO RIO GRANDE DO SUL;2017;22397351;5091290;ORION: A CYPHER-BASED WEB DATA EXTRACTOR;2;BIBLIOGRÁFICA;8;TRABALHO EM ANAIS;3;BIBLIOGRAFICA - TRABALHO EM ANAIS;89982;CIÊNCIA DE DADOS E ENGENHARIA DE SOFTWARE;120936;LINHA MINERAÇÃO, INTEGRAÇÃO E ANÁLISE DE DADOS;;;01JAN2017:00:00:00.000000;;01JAN2017:00:00:00.000000;;0
42001013004P4;COMPUTAÇÃO;UFRGS;UNIVERSIDADE FEDERAL DO RIO GRANDE DO SUL;2017;22397071;5207876;A RELAX-AND-FIX ALGORITHM FOR A MARITIME INVENTORY ROUTING PROBLEM;2;BIBLIOGRÁFICA;8;TRABALHO EM ANAIS;3;BIBLIOGRAFICA - TRABALHO EM ANAIS;89985;TEORIA DA COMPUTAÇÃO;120916;LINHA ALGORITMOS E OTIMIZAÇÃO;342918;RESOLUÇÃO DE PROBLEMAS DE OTIMIZAÇÃO COMBINATÓRIA;01JAN2017:00:00:00.000000;;01JAN2017:00:00:00.000000;;0
42001013004P4;COMPUTAÇÃO;UFRGS;UNIVERSIDADE FEDERAL DO RIO GRANDE DO SUL;2017;22397277;5182242;INSPIRE: INTEGRATED NFV-BASED INTENT REFINEMENT ENVIRONMENT;2;BIBLIOGRÁFICA;8;TRABALHO EM ANAIS;3;BIBLIOGRAFICA - TRABALHO EM ANAIS;89987;REDES DE COMPUTADORES;120958;LINHA ARQUITETURAS, PROTOCOLOS E GERÊNCIA DE REDES E SERVIÇO;;;01JAN2017:00:00:00.000000;;01JAN2017:00:00:00.000000;;0
42001013004P4;COMPUTAÇÃO;UFRGS;UNIVERSIDADE FEDERAL DO RIO GRANDE DO SUL;2017;22397289;5178238;KANDOR - KNOWLEDGE ANALYSIS OF NEIGHBORHOOD DYNAMICS AND ONLINE RELATIONSHIPS;2;BIBLIOGRÁFICA;8;TRABALHO EM ANAIS;3;BIBLIOGRAFICA - TRABALHO EM ANAIS;89982;CIÊNCIA DE DADOS E ENGENHARIA DE SOFTWARE;120936;LINHA MINERAÇÃO, INTEGRAÇÃO E ANÁLISE DE DADOS;;;01JAN2017:00:00:00.000000;;01JAN2017:00:00:00.000000;;0
42001013004P4;COMPUTAÇÃO;UFRGS;UNIVERSIDADE FEDERAL DO RIO GRANDE DO SUL;2017;22397425;5095827;SOCIAL-TRAINING: ENSEMBLE LEARNING WITH VOTING AGGREGATION FOR SEMI-SUPERVISED CLASSIFICATION TASKS;2;BIBLIOGRÁFICA;8;TRABALHO EM ANAIS;3;BIBLIOGRAFICA - TRABALHO EM ANAIS;89986;INTELIGÊNCIA ARTIFICIAL;120937;LINHA APRENDIZADO DE MÁQUINA, REPRESENTAÇÃO DE CONHECIMENTO E RACIOCÍNIO;;;01JAN2017:00:00:00.000000;;01JAN2017:00:00:00.000000;;0
42001013004P4;COMPUTAÇÃO;UFRGS;UNIVERSIDADE FEDERAL DO RIO GRANDE DO SUL;2017;22397335;5536733;NFV-PEAR: POSICIONAMENTO E ENCADEAMENTO ADAPTATIVO DE FUNÇÕES VIRTUAIS DE REDE;2;BIBLIOGRÁFICA;8;TRABALHO EM ANAIS;3;BIBLIOGRAFICA - TRABALHO EM ANAIS;89987;REDES DE COMPUTADORES;120958;LINHA ARQUITETURAS, PROTOCOLOS E GERÊNCIA DE REDES E SERVIÇO;;;01JAN2017:00:00:00.000000;;01JAN2017:00:00:00.000000;;0
42001013004P4;COMPUTAÇÃO;UFRGS;UNIVERSIDADE FEDERAL DO RIO GRANDE DO SUL;2017;22397470;5093627;USING SIMULATION TO EVALUATE AND TUNE THE PERFORMANCE OF DYNAMIC LOAD BALANCING OF AN OVER-DECOMPOSED GEOPHYSICS APPLICATION;2;BIBLIOGRÁFICA;8;TRABALHO EM ANAIS;3;BIBLIOGRAFICA - TRABALHO EM ANAIS;89984;SISTEMAS DE COMPUTAÇÃO;120917;LINHA COMPUTAÇÃO DE ALTO DESEMPENHO E SISTEMAS DISTRIBUÍDOS;;;01JAN2017:00:00:00.000000;;01JAN2017:00:00:00.000000;;0
42001013004P4;COMPUTAÇÃO;UFRGS;UNIVERSIDADE FEDERAL DO RIO GRANDE DO SUL;2017;22397357;5103050;PATTERN FORMATION THROUGH MINIMALIST BIOLOGICALLY INSPIRED CELLULAR SIMULATION;2;BIBLIOGRÁFICA;8;TRABALHO EM ANAIS;3;BIBLIOGRAFICA - TRABALHO EM ANAIS;89981;COMPUTAÇÃO VISUAL;120914;LINHA COMPUTAÇÃO GRÁFICA E VISUALIZAÇÃO DE DADOS;;;01JAN2017:00:00:00.000000;;01JAN2017:00:00:00.000000;;0
42001013004P4;COMPUTAÇÃO;UFRGS;UNIVERSIDADE FEDERAL DO RIO GRANDE DO SUL;2017;22397196;5207772;DESIGN AND EVALUATION OF A HANDHELD-BASED 3D USER INTERFACE FOR COLLABORATIVE OBJECT MANIPULATION;2;BIBLIOGRÁFICA;8;TRABALHO EM ANAIS;3;BIBLIOGRAFICA - TRABALHO EM ANAIS;89981;COMPUTAÇÃO VISUAL;120934;LINHA INTERAÇÃO HUMANO-COMPUTADOR, REALIDADE VIRTUAL E AUMENTADA;342173;INTERAÇÃO NATURAL COM DADOS COMPLEXOS E TRIDIMENSIONAIS;01JAN2017:00:00:00.000000;;01JAN2017:00:00:00.000000;;0
42001013004P4;COMPUTAÇÃO;UFRGS;UNIVERSIDADE FEDERAL DO RIO GRANDE DO SUL;2017;22397423;5587243;SIMBAH-FI: SIMULATION-BASED HYBRID FAULT INJECTOR;2;BIBLIOGRÁFICA;8;TRABALHO EM ANAIS;3;BIBLIOGRAFICA - TRABALHO EM ANAIS;89983;PROJETO DE SISTEMAS ELETRÔNICOS E COMPUTACIONAIS;120955;LINHA CONFIABILIDADE E TOLERÂNCIA A FALHAS;;;01JAN2017:00:00:00.000000;;01JAN2017:00:00:00.000000;;0
42001013004P4;COMPUTAÇÃO;UFRGS;UNIVERSIDADE FEDERAL DO RIO GRANDE DO SUL;2017;22397151;5191308;CHARACTERIZING THE PERFORMANCE OF MODERN ARCHITECTURES THROUGH OPAQUE BENCHMARKS: PITFALLS LEARNED THE HARD WAY;2;BIBLIOGRÁFICA;8;TRABALHO EM ANAIS;3;BIBLIOGRAFICA - TRABALHO EM ANAIS;89984;SISTEMAS DE COMPUTAÇÃO;120917;LINHA COMPUTAÇÃO DE ALTO DESEMPENHO E SISTEMAS DISTRIBUÍDOS;;;01JAN2017:00:00:00.000000;;01JAN2017:00:00:00.000000;;0
42001013004P4;COMPUTAÇÃO;UFRGS;UNIVERSIDADE FEDERAL DO RIO GRANDE DO SUL;2017;22397206;5105620;EFFECTS OF COLLUDING SYBIL NODES IN MESSAGE FALSIFICATION ATTACKS FOR VEHICULAR PLATOONING;2;BIBLIOGRÁFICA;8;TRABALHO EM ANAIS;3;BIBLIOGRAFICA - TRABALHO EM ANAIS;89987;REDES DE COMPUTADORES;120938;LINHA SEGURANÇA CIBERNÉTICA;;;01JAN2017:00:00:00.000000;;01JAN2017:00:00:00.000000;;0
42001013004P4;COMPUTAÇÃO;UFRGS;UNIVERSIDADE FEDERAL DO RIO GRANDE DO SUL;2017;22397334;5110124;NFV EM REDES 5G: AVALIANDO O DESEMPENHO DE COMPOSIÇÃO DE FUNÇÕES VIRTUALIZADAS VIA MAESTRO;2;BIBLIOGRÁFICA;8;TRABALHO EM ANAIS;3;BIBLIOGRAFICA - TRABALHO EM ANAIS;89987;REDES DE COMPUTADORES;120958;LINHA ARQUITETURAS, PROTOCOLOS E GERÊNCIA DE REDES E SERVIÇO;;;01JAN2017:00:00:00.000000;;01JAN2017:00:00:00.000000;;0
42001013004P4;COMPUTAÇÃO;UFRGS;UNIVERSIDADE FEDERAL DO RIO GRANDE DO SUL;2017;22397417;5091207;ROBUSTNESS OF SUB-22NM MULTIGATE DEVICES AGAINST PHYSICAL VARIABILITY;2;BIBLIOGRÁFICA;8;TRABALHO EM ANAIS;3;BIBLIOGRAFICA - TRABALHO EM ANAIS;89983;PROJETO DE SISTEMAS ELETRÔNICOS E COMPUTACIONAIS;120955;LINHA CONFIABILIDADE E TOLERÂNCIA A FALHAS;;;01JAN2017:00:00:00.000000;;01JAN2017:00:00:00.000000;;0
42001013004P4;COMPUTAÇÃO;UFRGS;UNIVERSIDADE FEDERAL DO RIO GRANDE DO SUL;2017;22397373;5213666;QUALITY PATTERNS AND CONCEPTUAL SPACES;2;BIBLIOGRÁFICA;8;TRABALHO EM ANAIS;3;BIBLIOGRAFICA - TRABALHO EM ANAIS;89986;INTELIGÊNCIA ARTIFICIAL;120937;LINHA APRENDIZADO DE MÁQUINA, REPRESENTAÇÃO DE CONHECIMENTO E RACIOCÍNIO;;;01JAN2017:00:00:00.000000;;01JAN2017:00:00:00.000000;;0
42001013004P4;COMPUTAÇÃO;UFRGS;UNIVERSIDADE FEDERAL DO RIO GRANDE DO SUL;2017;22397232;5106433;EVALUATION OF KEYPOINT EXTRACTION AND MATCHING FOR POSE ESTIMATION USING PAIRS OF SPHERICAL IMAGES;2;BIBLIOGRÁFICA;8;TRABALHO EM ANAIS;3;BIBLIOGRAFICA - TRABALHO EM ANAIS;89981;COMPUTAÇÃO VISUAL;120935;LINHA PROCESSAMENTO DE IMAGENS E VISÃO COMPUTACIONAL E RECONHECIMENTO DE PADRÕES;342396;OBTENÇÃO DE INFORMAÇÃO 3D USANDO MÚLTIPLAS MODALIDADES: TEORIA E APLICAÇÕES;01JAN2017:00:00:00.000000;;01JAN2017:00:00:00.000000;;0
42001013004P4;COMPUTAÇÃO;UFRGS;UNIVERSIDADE FEDERAL DO RIO GRANDE DO SUL;2017;22397126;5587485;AN ONTOLOGICAL MODEL FOR URINARY EVENTS;2;BIBLIOGRÁFICA;8;TRABALHO EM ANAIS;3;BIBLIOGRAFICA - TRABALHO EM ANAIS;89986;INTELIGÊNCIA ARTIFICIAL;120937;LINHA APRENDIZADO DE MÁQUINA, REPRESENTAÇÃO DE CONHECIMENTO E RACIOCÍNIO;;;01JAN2017:00:00:00.000000;;01JAN2017:00:00:00.000000;;0
42001013004P4;COMPUTAÇÃO;UFRGS;UNIVERSIDADE FEDERAL DO RIO GRANDE DO SUL;2017;22397337;5548593;NOVEL CLIQUE ENUMERATION HEURISTIC FOR DETECTING OVERLAPPING CLUSTERS;2;BIBLIOGRÁFICA;8;TRABALHO EM ANAIS;3;BIBLIOGRAFICA - TRABALHO EM ANAIS;89985;TEORIA DA COMPUTAÇÃO;120916;LINHA ALGORITMOS E OTIMIZAÇÃO;;;01JAN2017:00:00:00.000000;;01JAN2017:00:00:00.000000;;0
42001013004P4;COMPUTAÇÃO;UFRGS;UNIVERSIDADE FEDERAL DO RIO GRANDE DO SUL;2017;22397461;5411239;UNDERSTANDING TECHNICAL DEBT AT THE CODE LEVEL FROM THE PERSPECTIVE OF SOFTWARE DEVELOPERS;2;BIBLIOGRÁFICA;8;TRABALHO EM ANAIS;3;BIBLIOGRAFICA - TRABALHO EM ANAIS;89982;CIÊNCIA DE DADOS E ENGENHARIA DE SOFTWARE;121835;LINHA ENGENHARIA DE SOFTWARE;;;01JAN2017:00:00:00.000000;;01JAN2017:00:00:00.000000;;0
42001013004P4;COMPUTAÇÃO;UFRGS;UNIVERSIDADE FEDERAL DO RIO GRANDE DO SUL;2017;22397188;5091343;DATA MINING THE MEMORY ACCESS STREAM TO DETECT ANOMALOUS APPLICATION BEHAVIOR;2;BIBLIOGRÁFICA;8;TRABALHO EM ANAIS;3;BIBLIOGRAFICA - TRABALHO EM ANAIS;89984;SISTEMAS DE COMPUTAÇÃO;120917;LINHA COMPUTAÇÃO DE ALTO DESEMPENHO E SISTEMAS DISTRIBUÍDOS;;;01JAN2017:00:00:00.000000;;01JAN2017:00:00:00.000000;;0
42001013004P4;COMPUTAÇÃO;UFRGS;UNIVERSIDADE FEDERAL DO RIO GRANDE DO SUL;2017;22397428;5588216;STRATEGIES TO IMPROVE THE PERFORMANCE OF A GEOPHYSICS MODEL FOR DIFFERENT MANYCORE SYSTEMS;2;BIBLIOGRÁFICA;8;TRABALHO EM ANAIS;3;BIBLIOGRAFICA - TRABALHO EM ANAIS;89984;SISTEMAS DE COMPUTAÇÃO;120917;LINHA COMPUTAÇÃO DE ALTO DESEMPENHO E SISTEMAS DISTRIBUÍDOS;;;01JAN2017:00:00:00.000000;;01JAN2017:00:00:00.000000;;0
42001013004P4;COMPUTAÇÃO;UFRGS;UNIVERSIDADE FEDERAL DO RIO GRANDE DO SUL;2017;22397290;5533847;KERNEL VULNERABILITY FACTOR AND EFFICIENT HARDENING FOR HISTOGRAM OF ORIENTED GRADIENTS;2;BIBLIOGRÁFICA;8;TRABALHO EM ANAIS;3;BIBLIOGRAFICA - TRABALHO EM ANAIS;89983;PROJETO DE SISTEMAS ELETRÔNICOS E COMPUTACIONAIS;120955;LINHA CONFIABILIDADE E TOLERÂNCIA A FALHAS;;;01JAN2017:00:00:00.000000;;01JAN2017:00:00:00.000000;;0
42001013004P4;COMPUTAÇÃO;UFRGS;UNIVERSIDADE FEDERAL DO RIO GRANDE DO SUL;2017;22397156;5116508;CLUSTERVIS: VISUALIZING NODES ATTRIBUTES IN MULTIVARIATE GRAPHS;2;BIBLIOGRÁFICA;8;TRABALHO EM ANAIS;3;BIBLIOGRAFICA - TRABALHO EM ANAIS;89981;COMPUTAÇÃO VISUAL;120934;LINHA INTERAÇÃO HUMANO-COMPUTADOR, REALIDADE VIRTUAL E AUMENTADA;386994;ESTUDO DE TÉCNICAS DE IMMERSIVE ANALYTICS COMO SOLUÇÃO PARA A ANÁLISE EXPLORATÓRIA DE DADOS;01JAN2017:00:00:00.000000;;01JAN2017:00:00:00.000000;;0
42001013004P4;COMPUTAÇÃO;UFRGS;UNIVERSIDADE FEDERAL DO RIO GRANDE DO SUL;2017;22397138;5411946;AUTONOMIC MANAGEMENT OF CONTEXT DATA BASED ON APPLICATION REQUIREMENTS;2;BIBLIOGRÁFICA;8;TRABALHO EM ANAIS;3;BIBLIOGRAFICA - TRABALHO EM ANAIS;89982;CIÊNCIA DE DADOS E ENGENHARIA DE SOFTWARE;121835;LINHA ENGENHARIA DE SOFTWARE;;;01JAN2017:00:00:00.000000;;01JAN2017:00:00:00.000000;;0
42001013004P4;COMPUTAÇÃO;UFRGS;UNIVERSIDADE FEDERAL DO RIO GRANDE DO SUL;2017;22397261;5092711;HIGH PERFORMANCE I/O FOR SEISMIC WAVE PROPAGATION SIMULATIONS;2;BIBLIOGRÁFICA;8;TRABALHO EM ANAIS;3;BIBLIOGRAFICA - TRABALHO EM ANAIS;89984;SISTEMAS DE COMPUTAÇÃO;120917;LINHA COMPUTAÇÃO DE ALTO DESEMPENHO E SISTEMAS DISTRIBUÍDOS;;;01JAN2017:00:00:00.000000;;01JAN2017:00:00:00.000000;;0
42001013004P4;COMPUTAÇÃO;UFRGS;UNIVERSIDADE FEDERAL DO RIO GRANDE DO SUL;2017;22397255;5548533;GENETIC ALGORITHM FOR EPIDEMIC MITIGATION BY REMOVING RELATIONSHIPS;2;BIBLIOGRÁFICA;8;TRABALHO EM ANAIS;3;BIBLIOGRAFICA - TRABALHO EM ANAIS;89986;INTELIGÊNCIA ARTIFICIAL;120937;LINHA APRENDIZADO DE MÁQUINA, REPRESENTAÇÃO DE CONHECIMENTO E RACIOCÍNIO;;;01JAN2017:00:00:00.000000;;01JAN2017:00:00:00.000000;;0
42001013004P4;COMPUTAÇÃO;UFRGS;UNIVERSIDADE FEDERAL DO RIO GRANDE DO SUL;2017;22397130;5288043;ANOMALY DETECTION FRAMEWORK FOR SFC INTEGRITY IN NFV ENVIRONMENTS;2;BIBLIOGRÁFICA;8;TRABALHO EM ANAIS;3;BIBLIOGRAFICA - TRABALHO EM ANAIS;89987;REDES DE COMPUTADORES;120938;LINHA SEGURANÇA CIBERNÉTICA;;;01JAN2017:00:00:00.000000;;01JAN2017:00:00:00.000000;;0
42001013004P4;COMPUTAÇÃO;UFRGS;UNIVERSIDADE FEDERAL DO RIO GRANDE DO SUL;2017;22397248;5124035;FAST-EXTRACT WITH CUBE HASHING;2;BIBLIOGRÁFICA;8;TRABALHO EM ANAIS;3;BIBLIOGRAFICA - TRABALHO EM ANAIS;89983;PROJETO DE SISTEMAS ELETRÔNICOS E COMPUTACIONAIS;120915;LINHA CONCEPÇÃO DE CIRCUITOS E SISTEMAS INTEGRADOS;;;01JAN2017:00:00:00.000000;;01JAN2017:00:00:00.000000;;0
42001013004P4;COMPUTAÇÃO;UFRGS;UNIVERSIDADE FEDERAL DO RIO GRANDE DO SUL;2017;22397253;5933064;FUZZY METHOD OF EVALUATION OF INSTRUCTIONALS TECHNIQUES BASED ON LEARNING STYLES: FUZZYILS-INSTRUCTION;2;BIBLIOGRÁFICA;8;TRABALHO EM ANAIS;3;BIBLIOGRAFICA - TRABALHO EM ANAIS;89986;INTELIGÊNCIA ARTIFICIAL;120937;LINHA APRENDIZADO DE MÁQUINA, REPRESENTAÇÃO DE CONHECIMENTO E RACIOCÍNIO;;;01JAN2017:00:00:00.000000;;01JAN2017:00:00:00.000000;;0
