CD_PROGRAMA_IES,NM_PROGRAMA_IES,SG_ENTIDADE_ENSINO,NM_ENTIDADE_ENSINO,AN_BASE,ID_ADD_PRODUCAO_INTELECTUAL,ID_PRODUCAO_INTELECTUAL,NM_PRODUCAO,ID_TIPO_PRODUCAO,NM_TIPO_PRODUCAO,ID_SUBTIPO_PRODUCAO,NM_SUBTIPO_PRODUCAO,ID_FORMULARIO_PRODUCAO,NM_FORMULARIO,ID_AREA_CONCENTRACAO,NM_AREA_CONCENTRACAO,ID_LINHA_PESQUISA,NM_LINHA_PESQUISA,ID_PROJETO,NM_PROJETO,DH_INICIO_AREA_CONC,DH_FIM_AREA_CONC,DH_INICIO_LINHA,DH_FIM_LINHA,IN_GLOSA
32001010004P6,CIĘNCIAS DA COMPUTAÇĂO,UFMG,UNIVERSIDADE FEDERAL DE MINAS GERAIS,2017,22529761,5867764,REFERENCE DATA ENHANCEMENT FOR GEOGRAPHIC INFORMATION RETRIEVAL USING LINKED DATA,2,BIBLIOGRÁFICA,25,ARTIGO EM PERIÓDICO,1,BIBLIOGRAFICA - ARTIGO EM PERIÓDICO,,,,,,,,,,,0
32001010004P6,CIĘNCIAS DA COMPUTAÇĂO,UFMG,UNIVERSIDADE FEDERAL DE MINAS GERAIS,2017,22529616,5933300,H3AD: A HYBRID HYPER-HEURISTIC FOR ALGORITHM DESIGN,2,BIBLIOGRÁFICA,25,ARTIGO EM PERIÓDICO,1,BIBLIOGRAFICA - ARTIGO EM PERIÓDICO,77969,CIENCIA DA COMPUTACAO,87712,GERENCIAMENTO DE DADOS E INFORMAÇŐES,317510,BOLSA DE PRODUTIVIDADE CNPQ/2014: MÉTODOS BIO-INSPIRADOS EM MINERAÇĂO DE DADOS: GERAÇĂO AUTOMÁTICA DE ALGORITMOS E APLICAÇŐES.,01JAN2012:00:00:00.000000,,01JAN2012:00:00:00.000000,,0
32001010004P6,CIĘNCIAS DA COMPUTAÇĂO,UFMG,UNIVERSIDADE FEDERAL DE MINAS GERAIS,2017,22529678,5970183,NEW FORMULATION AND BRANCH-AND-CUT ALGORITHM FOR THE PICKUP AND DELIVERY TRAVELING SALESMAN PROBLEM WITH MULTIPLE STACKS,2,BIBLIOGRÁFICA,25,ARTIGO EM PERIÓDICO,1,BIBLIOGRAFICA - ARTIGO EM PERIÓDICO,77969,CIENCIA DA COMPUTACAO,87715,OTIMIZAÇĂO,317522,BOLSA DE PRODUTIVIDADE CNPQ/2014: RESOLUÇĂO HEURÍSTICA E EXATA DE PROBLEMAS DE OTIMIZAÇĂO COMBINATÓRIA.,01JAN2012:00:00:00.000000,,01JAN2012:00:00:00.000000,,0
32001010004P6,CIĘNCIAS DA COMPUTAÇĂO,UFMG,UNIVERSIDADE FEDERAL DE MINAS GERAIS,2017,22529382,5963720,ANALYSIS OF THE MAGNETOSTATIC ENERGY OF CHAINS OF SINGLE-DOMAIN NANOMAGNETS FOR LOGIC GATES,2,BIBLIOGRÁFICA,25,ARTIGO EM PERIÓDICO,1,BIBLIOGRAFICA - ARTIGO EM PERIÓDICO,77969,CIENCIA DA COMPUTACAO,87710,SISTEMAS DE COMPUTAÇĂO,365657,BOLSA DE PRODUTIVIDADE CNPQ/2015: NANOCOMPUTAÇĂO E NANODISPOSITIVOS SEMICONDUTORES.,01JAN2012:00:00:00.000000,,01JAN2012:00:00:00.000000,,0
32001010004P6,CIĘNCIAS DA COMPUTAÇĂO,UFMG,UNIVERSIDADE FEDERAL DE MINAS GERAIS,2017,22528016,5867816,A COMPARATIVE STUDY OF OPTIMIZATION MODELS IN GENETIC PROGRAMMING-BASED RULE EXTRACTION PROBLEMS,2,BIBLIOGRÁFICA,25,ARTIGO EM PERIÓDICO,1,BIBLIOGRAFICA - ARTIGO EM PERIÓDICO,77969,CIENCIA DA COMPUTACAO,87712,GERENCIAMENTO DE DADOS E INFORMAÇŐES,393424,BOLSA DE PRODUTIVIDADE CNPQ/2016: INFORMAÇĂO GEOESPACIAL PARA COMPUTAÇĂO URBANA,01JAN2012:00:00:00.000000,,01JAN2012:00:00:00.000000,,0
32001010004P6,CIĘNCIAS DA COMPUTAÇĂO,UFMG,UNIVERSIDADE FEDERAL DE MINAS GERAIS,2017,22529712,5919033,ON THE INVESTIGATION OF DOMAIN-SENSITIVE BAD SMELLS IN INFORMATION SYSTEMS,2,BIBLIOGRÁFICA,25,ARTIGO EM PERIÓDICO,1,BIBLIOGRAFICA - ARTIGO EM PERIÓDICO,77969,CIENCIA DA COMPUTACAO,87711,ENGENHARIA DE SOFTWARE E LINGUAGENS DE PROGRAMAÇĂO,393425,BOLSA DE PRODUTIVIDADE CNPQ/2016: EXPLORANDO ANOMALIAS EM LINHA DE PRODUTOS DE SOFTWARE PELA UTILIZAÇĂO DE MÉTRICAS E METÁFORAS VISUAIS,01JAN2012:00:00:00.000000,,01JAN2012:00:00:00.000000,,0
32001010004P6,CIĘNCIAS DA COMPUTAÇĂO,UFMG,UNIVERSIDADE FEDERAL DE MINAS GERAIS,2017,22529676,5955863,MULTI-AGENT RAPIDLY-EXPLORING PSEUDO-RANDOM TREE,2,BIBLIOGRÁFICA,25,ARTIGO EM PERIÓDICO,1,BIBLIOGRAFICA - ARTIGO EM PERIÓDICO,77969,CIENCIA DA COMPUTACAO,87713,"ROBÓTICA, VISĂO COMPUTACIONAL E PROCESSAMENTO GRÁFICO",401553,LG - RECONHECIMENTO DE ATIVIDADES HUMANAS ANORMAIS,01JAN2012:00:00:00.000000,,01JAN2012:00:00:00.000000,,0
32001010004P6,CIĘNCIAS DA COMPUTAÇĂO,UFMG,UNIVERSIDADE FEDERAL DE MINAS GERAIS,2017,22529630,5934804,INTRODUCING DIGITAL CAMERAS TO MONITOR PLANT PHENOLOGY IN THE TROPICS: APPLICATIONS FOR CONSERVATION,2,BIBLIOGRÁFICA,25,ARTIGO EM PERIÓDICO,1,BIBLIOGRAFICA - ARTIGO EM PERIÓDICO,77969,CIENCIA DA COMPUTACAO,87713,"ROBÓTICA, VISĂO COMPUTACIONAL E PROCESSAMENTO GRÁFICO",393443,BOLSA DE PRODUTIVIDADE CNPQ/2016: RECONHECIMENTO DE PADRŐES PARA OBSERVAÇĂO DA TERRA,01JAN2012:00:00:00.000000,,01JAN2012:00:00:00.000000,,0
32001010004P6,CIĘNCIAS DA COMPUTAÇĂO,UFMG,UNIVERSIDADE FEDERAL DE MINAS GERAIS,2017,22529815,5950362,THE SHAPE OF FEATURE CODE: AN ANALYSIS OF TWENTY C-PREPROCESSOR-BASED SYSTEMS,2,BIBLIOGRÁFICA,25,ARTIGO EM PERIÓDICO,1,BIBLIOGRAFICA - ARTIGO EM PERIÓDICO,77969,CIENCIA DA COMPUTACAO,87711,ENGENHARIA DE SOFTWARE E LINGUAGENS DE PROGRAMAÇĂO,393319,BOLSA DE PRODUTIVIDADE CNPQ/2016: MODULARIDADE E QUALIDADE DE SOFTWARE EM LINGUAGENS DINÂMICAS,01JAN2012:00:00:00.000000,,01JAN2012:00:00:00.000000,,0
32001010004P6,CIĘNCIAS DA COMPUTAÇĂO,UFMG,UNIVERSIDADE FEDERAL DE MINAS GERAIS,2017,22529848,5963048,WEBSITE REPLICA DETECTION WITH DISTANT SUPERVISION,2,BIBLIOGRÁFICA,25,ARTIGO EM PERIÓDICO,1,BIBLIOGRAFICA - ARTIGO EM PERIÓDICO,77969,CIENCIA DA COMPUTACAO,87712,GERENCIAMENTO DE DADOS E INFORMAÇŐES,369287,BOLSA DE PRODUTIVIDADE CNPQ/2015: APRENDIZADO PRAGMÁTICO COM SUPERVISĂO LIMITADA PARA MODELAGEM DE LINGUAGEM NATURAL EM TEXTOS CURTOS.,01JAN2012:00:00:00.000000,,01JAN2012:00:00:00.000000,,0
32001010004P6,CIĘNCIAS DA COMPUTAÇĂO,UFMG,UNIVERSIDADE FEDERAL DE MINAS GERAIS,2017,22528025,5965065,A LARGE-SCALE STUDY OF CULTURAL DIFFERENCES USING URBAN DATA ABOUT EATING AND DRINKING PREFERENCES,2,BIBLIOGRÁFICA,25,ARTIGO EM PERIÓDICO,1,BIBLIOGRAFICA - ARTIGO EM PERIÓDICO,77969,CIENCIA DA COMPUTACAO,87714,INTELIGĘNCIA ARTIFICIAL,393445,"BOLSA DE PRODUTIVIDADE CNPQ/2016: MODELAGEM, PREDIÇĂO E CONTOLE DE COMPORTAMENTOS SOCIAIS DE LARGA ESCALA",01JAN2012:00:00:00.000000,,01JAN2012:00:00:00.000000,,0
32001010004P6,CIĘNCIAS DA COMPUTAÇĂO,UFMG,UNIVERSIDADE FEDERAL DE MINAS GERAIS,2017,22529638,6209265,LONG-TERM THREATS TO BALLOT PRIVACY,2,BIBLIOGRÁFICA,25,ARTIGO EM PERIÓDICO,1,BIBLIOGRAFICA - ARTIGO EM PERIÓDICO,77969,CIENCIA DA COMPUTACAO,87716,TEORIA,474622,CRIPTOGRAFIA TRANSPARENTE,01JAN2012:00:00:00.000000,,01JAN2012:00:00:00.000000,,0
32001010004P6,CIĘNCIAS DA COMPUTAÇĂO,UFMG,UNIVERSIDADE FEDERAL DE MINAS GERAIS,2017,22529334,5955909,A MODEL FOR ESTIMATING CHANGE PROPAGATION IN SOFTWARE,2,BIBLIOGRÁFICA,25,ARTIGO EM PERIÓDICO,1,BIBLIOGRAFICA - ARTIGO EM PERIÓDICO,77969,CIENCIA DA COMPUTACAO,87711,ENGENHARIA DE SOFTWARE E LINGUAGENS DE PROGRAMAÇĂO,277872,MÉTODOS E FERRAMENTAS DE DOCUMENTAÇĂO DE PROGRAMAS E ESPECIFICAÇĂO FORMA EXECUTÁVEL,01JAN2012:00:00:00.000000,,01JAN2012:00:00:00.000000,,0
32001010004P6,CIĘNCIAS DA COMPUTAÇĂO,UFMG,UNIVERSIDADE FEDERAL DE MINAS GERAIS,2017,22528026,5933893,A LAYERED MODEL FOR AI GOVERNANCE,2,BIBLIOGRÁFICA,25,ARTIGO EM PERIÓDICO,1,BIBLIOGRAFICA - ARTIGO EM PERIÓDICO,77969,CIENCIA DA COMPUTACAO,87710,SISTEMAS DE COMPUTAÇĂO,369280,BOLSA DE PRODUTIVIDADE CNPQ/2015: ANÁLISE E MODELAGEM DE COMPORTAMENTO DE SISTEMAS CIBER-FÍSICOS-SOCIAIS,01JAN2012:00:00:00.000000,,01JAN2012:00:00:00.000000,,0
32001010004P6,CIĘNCIAS DA COMPUTAÇĂO,UFMG,UNIVERSIDADE FEDERAL DE MINAS GERAIS,2017,22529622,5866677,IMPROVING VANET SIMULATION WITH CALIBRATED VEHICULAR MOBILITY TRACES,2,BIBLIOGRÁFICA,25,ARTIGO EM PERIÓDICO,1,BIBLIOGRAFICA - ARTIGO EM PERIÓDICO,77969,CIENCIA DA COMPUTACAO,87710,SISTEMAS DE COMPUTAÇĂO,369258,BOLSA DE PRODUTIVIDADE CNPQ/2014: REDES DE SENSORIAMENTO PARTICIPATIVO,01JAN2012:00:00:00.000000,,01JAN2012:00:00:00.000000,,0
32001010004P6,CIĘNCIAS DA COMPUTAÇĂO,UFMG,UNIVERSIDADE FEDERAL DE MINAS GERAIS,2017,22529578,5935055,GENDER MATTERS! ANALYZING GLOBAL CULTURAL GENDER PREFERENCES FOR VENUES USING SOCIAL SENSING,2,BIBLIOGRÁFICA,25,ARTIGO EM PERIÓDICO,1,BIBLIOGRAFICA - ARTIGO EM PERIÓDICO,77969,CIENCIA DA COMPUTACAO,87710,SISTEMAS DE COMPUTAÇĂO,365492,"BOLSA DE PRODUTIVIDADE CNPQ/2015: PESQUISA EM INTERNET DAS COISAS, SISTEMAS CYBER-FÍSICOS, REDES MÓVEIS, SENSORES, OPORTUNÍSTICAS, DTN.",01JAN2012:00:00:00.000000,,01JAN2012:00:00:00.000000,,0
32001010004P6,CIĘNCIAS DA COMPUTAÇĂO,UFMG,UNIVERSIDADE FEDERAL DE MINAS GERAIS,2017,22529808,5961893,THE COLLABORATION NETWORK OF THE BRAZILIAN SYMPOSIUM ON DATABASES,2,BIBLIOGRÁFICA,25,ARTIGO EM PERIÓDICO,1,BIBLIOGRAFICA - ARTIGO EM PERIÓDICO,77969,CIENCIA DA COMPUTACAO,87712,GERENCIAMENTO DE DADOS E INFORMAÇŐES,266107,BOLSA DE PRODUTIVIDADE CNPQ/2013: ACORDI: ADIÇĂO DO CONTEXTO SOCIAL Ŕ RECOMENDAÇĂO E DISSEMINAÇĂO,01JAN2012:00:00:00.000000,,01JAN2012:00:00:00.000000,,0
32001010004P6,CIĘNCIAS DA COMPUTAÇĂO,UFMG,UNIVERSIDADE FEDERAL DE MINAS GERAIS,2017,22529492,5950918,DCL 2.0: MODULAR AND REUSABLE SPECIFICATION OF ARCHITECTURAL CONSTRAINTS,2,BIBLIOGRÁFICA,25,ARTIGO EM PERIÓDICO,1,BIBLIOGRAFICA - ARTIGO EM PERIÓDICO,77969,CIENCIA DA COMPUTACAO,87711,ENGENHARIA DE SOFTWARE E LINGUAGENS DE PROGRAMAÇĂO,393319,BOLSA DE PRODUTIVIDADE CNPQ/2016: MODULARIDADE E QUALIDADE DE SOFTWARE EM LINGUAGENS DINÂMICAS,01JAN2012:00:00:00.000000,,01JAN2012:00:00:00.000000,,0
32001010004P6,CIĘNCIAS DA COMPUTAÇĂO,UFMG,UNIVERSIDADE FEDERAL DE MINAS GERAIS,2017,22529625,5930841,INFERENCE OF STATIC SEMANTICS FOR INCOMPLETE C PROGRAMS,2,BIBLIOGRÁFICA,25,ARTIGO EM PERIÓDICO,1,BIBLIOGRAFICA - ARTIGO EM PERIÓDICO,77969,CIENCIA DA COMPUTACAO,87711,ENGENHARIA DE SOFTWARE E LINGUAGENS DE PROGRAMAÇĂO,393273,BOLSA DE PRODUTIVIDADE CNPQ/2016: GERAÇĂO EFICIENTE DE CÓDIGO DE QUALIDADE - GERAÇĂO DE CÓDIGO SEGURO,01JAN2012:00:00:00.000000,,01JAN2012:00:00:00.000000,,0
32001010004P6,CIĘNCIAS DA COMPUTAÇĂO,UFMG,UNIVERSIDADE FEDERAL DE MINAS GERAIS,2017,22529540,5962937,EXPLOITING ITEM CO-UTILITY TO IMPROVE COLLABORATIVE FILTERING RECOMMENDATIONS,2,BIBLIOGRÁFICA,25,ARTIGO EM PERIÓDICO,1,BIBLIOGRAFICA - ARTIGO EM PERIÓDICO,77969,CIENCIA DA COMPUTACAO,87712,GERENCIAMENTO DE DADOS E INFORMAÇŐES,393167,BOLSA DE PRODUTIVIDADE CNPQ/2016: RECUPERAÇĂO DE INFORMAÇĂO EM CONTEXTO,01JAN2012:00:00:00.000000,,01JAN2012:00:00:00.000000,,0
32001010004P6,CIĘNCIAS DA COMPUTAÇĂO,UFMG,UNIVERSIDADE FEDERAL DE MINAS GERAIS,2017,22529577,5933207,GASS-WEB: A WEB SERVER FOR IDENTIFYING ENZYME ACTIVE SITES BASED ON GENETIC ALGORITHMS,2,BIBLIOGRÁFICA,25,ARTIGO EM PERIÓDICO,1,BIBLIOGRAFICA - ARTIGO EM PERIÓDICO,77969,CIENCIA DA COMPUTACAO,87712,GERENCIAMENTO DE DADOS E INFORMAÇŐES,317510,BOLSA DE PRODUTIVIDADE CNPQ/2014: MÉTODOS BIO-INSPIRADOS EM MINERAÇĂO DE DADOS: GERAÇĂO AUTOMÁTICA DE ALGORITMOS E APLICAÇŐES.,01JAN2012:00:00:00.000000,,01JAN2012:00:00:00.000000,,0
32001010004P6,CIĘNCIAS DA COMPUTAÇĂO,UFMG,UNIVERSIDADE FEDERAL DE MINAS GERAIS,2017,22529377,5928534,AN EVALUATION OF SENTIMENT ANALYSIS FOR MOBILE DEVICES,2,BIBLIOGRÁFICA,25,ARTIGO EM PERIÓDICO,1,BIBLIOGRAFICA - ARTIGO EM PERIÓDICO,77969,CIENCIA DA COMPUTACAO,87711,ENGENHARIA DE SOFTWARE E LINGUAGENS DE PROGRAMAÇĂO,393425,BOLSA DE PRODUTIVIDADE CNPQ/2016: EXPLORANDO ANOMALIAS EM LINHA DE PRODUTOS DE SOFTWARE PELA UTILIZAÇĂO DE MÉTRICAS E METÁFORAS VISUAIS,01JAN2012:00:00:00.000000,,01JAN2012:00:00:00.000000,,0
32001010004P6,CIĘNCIAS DA COMPUTAÇĂO,UFMG,UNIVERSIDADE FEDERAL DE MINAS GERAIS,2017,22529370,5858456,A VIDEO SUMMARIZATION APPROACH BASED ON THE EMULATION OF BOTTOM-UP MECHANISMS OF VISUAL ATTENTION,2,BIBLIOGRÁFICA,25,ARTIGO EM PERIÓDICO,1,BIBLIOGRAFICA - ARTIGO EM PERIÓDICO,,,,,,,,,,,0
32001010004P6,CIĘNCIAS DA COMPUTAÇĂO,UFMG,UNIVERSIDADE FEDERAL DE MINAS GERAIS,2017,22529845,5969107,VERMONT: A MULTI-PERSPECTIVE VISUAL INTERACTIVE PLATFORM FOR MUTATIONAL ANALYSIS,2,BIBLIOGRÁFICA,25,ARTIGO EM PERIÓDICO,1,BIBLIOGRAFICA - ARTIGO EM PERIÓDICO,77969,CIENCIA DA COMPUTACAO,87712,GERENCIAMENTO DE DADOS E INFORMAÇŐES,266117,"BOLSA DE PRODUTIVIDADE CNPQ/2013: MODELOS, ALGORITMOS E VISUALIZAÇŐES PARA DESCOBERTA DE CONHECIMENTO EM BIOINFOMÁTICA",01JAN2012:00:00:00.000000,,01JAN2012:00:00:00.000000,,0
32001010004P6,CIĘNCIAS DA COMPUTAÇĂO,UFMG,UNIVERSIDADE FEDERAL DE MINAS GERAIS,2017,22529497,5897405,DETECÇĂO DE SPAMS UTILIZANDO CONTEÚDO WEB ASSOCIADO A MENSAGENS,2,BIBLIOGRÁFICA,25,ARTIGO EM PERIÓDICO,1,BIBLIOGRAFICA - ARTIGO EM PERIÓDICO,77969,CIENCIA DA COMPUTACAO,87712,GERENCIAMENTO DE DADOS E INFORMAÇŐES,369287,BOLSA DE PRODUTIVIDADE CNPQ/2015: APRENDIZADO PRAGMÁTICO COM SUPERVISĂO LIMITADA PARA MODELAGEM DE LINGUAGEM NATURAL EM TEXTOS CURTOS.,01JAN2012:00:00:00.000000,,01JAN2012:00:00:00.000000,,0
32001010004P6,CIĘNCIAS DA COMPUTAÇĂO,UFMG,UNIVERSIDADE FEDERAL DE MINAS GERAIS,2017,22529331,5962254,A METHODOLOGY FOR ANALYSIS OF CONCEPT LATTICE REDUCTION,2,BIBLIOGRÁFICA,25,ARTIGO EM PERIÓDICO,1,BIBLIOGRAFICA - ARTIGO EM PERIÓDICO,77969,CIENCIA DA COMPUTACAO,87714,INTELIGĘNCIA ARTIFICIAL,137902,ASPECTOS PRAGMÁTICOS DO USO DE LÓGICA EM SISTEMAS BASEADOS EM CONHECIMENTO,01JAN2012:00:00:00.000000,,01JAN2012:00:00:00.000000,,0
32001010004P6,CIĘNCIAS DA COMPUTAÇĂO,UFMG,UNIVERSIDADE FEDERAL DE MINAS GERAIS,2017,22529345,5867247,A SOCIALLY-AWARE IN-NETWORK CACHING FRAMEWORK FOR THE NEXT GENERATION OF WIRELESS NETWORKS,2,BIBLIOGRÁFICA,25,ARTIGO EM PERIÓDICO,1,BIBLIOGRAFICA - ARTIGO EM PERIÓDICO,,,,,,,,,,,0
32001010004P6,CIĘNCIAS DA COMPUTAÇĂO,UFMG,UNIVERSIDADE FEDERAL DE MINAS GERAIS,2017,22529544,5865642,FACTORS ASSOCIATED WITH WEIGHT CHANGE IN ONLINE WEIGHT MANAGEMENT COMMUNITIES: A CASE STUDY IN THE LOSEIT REDDIT COMMUNITY,2,BIBLIOGRÁFICA,25,ARTIGO EM PERIÓDICO,1,BIBLIOGRAFICA - ARTIGO EM PERIÓDICO,77969,CIENCIA DA COMPUTACAO,87712,GERENCIAMENTO DE DADOS E INFORMAÇŐES,317510,BOLSA DE PRODUTIVIDADE CNPQ/2014: MÉTODOS BIO-INSPIRADOS EM MINERAÇĂO DE DADOS: GERAÇĂO AUTOMÁTICA DE ALGORITMOS E APLICAÇŐES.,01JAN2012:00:00:00.000000,,01JAN2012:00:00:00.000000,,0
32001010004P6,CIĘNCIAS DA COMPUTAÇĂO,UFMG,UNIVERSIDADE FEDERAL DE MINAS GERAIS,2017,22529685,5971061,ON RECOGNITION OF THRESHOLD TOLERANCE GRAPHS AND THEIR COMPLEMENTS,2,BIBLIOGRÁFICA,25,ARTIGO EM PERIÓDICO,1,BIBLIOGRAFICA - ARTIGO EM PERIÓDICO,77969,CIENCIA DA COMPUTACAO,87715,OTIMIZAÇĂO,404094,BOLSA DE PRODUTIVIDADE CNPQ/2016: COMPLEXIDADE COMPUTACIONAL DE PARÂMETROS DE CONVEXIDADE EM GRAFOS.,01JAN2012:00:00:00.000000,,01JAN2012:00:00:00.000000,,0
32001010004P6,CIĘNCIAS DA COMPUTAÇĂO,UFMG,UNIVERSIDADE FEDERAL DE MINAS GERAIS,2017,22529545,5968998,FAMILIAL STAG2 GERMLINE MUTATION DEFINES A NEW HUMAN COHESINOPATHY,2,BIBLIOGRÁFICA,25,ARTIGO EM PERIÓDICO,1,BIBLIOGRAFICA - ARTIGO EM PERIÓDICO,77969,CIENCIA DA COMPUTACAO,87712,GERENCIAMENTO DE DADOS E INFORMAÇŐES,266117,"BOLSA DE PRODUTIVIDADE CNPQ/2013: MODELOS, ALGORITMOS E VISUALIZAÇŐES PARA DESCOBERTA DE CONHECIMENTO EM BIOINFOMÁTICA",01JAN2012:00:00:00.000000,,01JAN2012:00:00:00.000000,,0
32001010004P6,CIĘNCIAS DA COMPUTAÇĂO,UFMG,UNIVERSIDADE FEDERAL DE MINAS GERAIS,2017,22529646,5963389,MIXTAPE: USING REAL-TIME USER FEEDBACK TO NAVIGATE LARGE MEDIA COLLECTIONS,2,BIBLIOGRÁFICA,25,ARTIGO EM PERIÓDICO,1,BIBLIOGRAFICA - ARTIGO EM PERIÓDICO,77969,CIENCIA DA COMPUTACAO,87716,TEORIA,393290,FAPEMIG/PPM/2016: MODELOS E ALGORITMOS EM REDES SEM FIO E COMPLEXAS,01JAN2012:00:00:00.000000,,01JAN2012:00:00:00.000000,,0
32001010004P6,CIĘNCIAS DA COMPUTAÇĂO,UFMG,UNIVERSIDADE FEDERAL DE MINAS GERAIS,2017,22529800,5930802,STATIC PLACEMENT OF COMPUTATION ON HETEROGENEOUS DEVICES,2,BIBLIOGRÁFICA,25,ARTIGO EM PERIÓDICO,1,BIBLIOGRAFICA - ARTIGO EM PERIÓDICO,77969,CIENCIA DA COMPUTACAO,87711,ENGENHARIA DE SOFTWARE E LINGUAGENS DE PROGRAMAÇĂO,393273,BOLSA DE PRODUTIVIDADE CNPQ/2016: GERAÇĂO EFICIENTE DE CÓDIGO DE QUALIDADE - GERAÇĂO DE CÓDIGO SEGURO,01JAN2012:00:00:00.000000,,01JAN2012:00:00:00.000000,,0
32001010004P6,CIĘNCIAS DA COMPUTAÇĂO,UFMG,UNIVERSIDADE FEDERAL DE MINAS GERAIS,2017,22529624,5952937,INCREMENTAL AUTHOR NAME DISAMBIGUATION BY EXPLOITING DOMAIN-SPECIFIC HEURISTICS,2,BIBLIOGRÁFICA,25,ARTIGO EM PERIÓDICO,1,BIBLIOGRAFICA - ARTIGO EM PERIÓDICO,77969,CIENCIA DA COMPUTACAO,87712,GERENCIAMENTO DE DADOS E INFORMAÇŐES,393619,"CNPQ/UNIVERSAL/2014: MODWEB: MODELAGEM, CARACTERIZAÇĂO E MELHORIA DA QUALIDADE DE SERVIÇOS",01JAN2012:00:00:00.000000,,01JAN2012:00:00:00.000000,,0
32001010004P6,CIĘNCIAS DA COMPUTAÇĂO,UFMG,UNIVERSIDADE FEDERAL DE MINAS GERAIS,2017,22529506,5963754,EFFECT OF STRUCTURAL DISORDER ON PHOTONIC CRYSTAL LOGIC GATES,2,BIBLIOGRÁFICA,25,ARTIGO EM PERIÓDICO,1,BIBLIOGRAFICA - ARTIGO EM PERIÓDICO,77969,CIENCIA DA COMPUTACAO,87710,SISTEMAS DE COMPUTAÇĂO,365657,BOLSA DE PRODUTIVIDADE CNPQ/2015: NANOCOMPUTAÇĂO E NANODISPOSITIVOS SEMICONDUTORES.,01JAN2012:00:00:00.000000,,01JAN2012:00:00:00.000000,,0
32001010004P6,CIĘNCIAS DA COMPUTAÇĂO,UFMG,UNIVERSIDADE FEDERAL DE MINAS GERAIS,2017,22529618,5950581,IDENTIFYING CLASSES IN LEGACY JAVASCRIPT CODE,2,BIBLIOGRÁFICA,25,ARTIGO EM PERIÓDICO,1,BIBLIOGRAFICA - ARTIGO EM PERIÓDICO,77969,CIENCIA DA COMPUTACAO,87711,ENGENHARIA DE SOFTWARE E LINGUAGENS DE PROGRAMAÇĂO,393319,BOLSA DE PRODUTIVIDADE CNPQ/2016: MODULARIDADE E QUALIDADE DE SOFTWARE EM LINGUAGENS DINÂMICAS,01JAN2012:00:00:00.000000,,01JAN2012:00:00:00.000000,,0
32001010004P6,CIĘNCIAS DA COMPUTAÇĂO,UFMG,UNIVERSIDADE FEDERAL DE MINAS GERAIS,2017,22529347,5935021,A SURVEY ON TAG RECOMMENDATION METHODS,2,BIBLIOGRÁFICA,25,ARTIGO EM PERIÓDICO,1,BIBLIOGRAFICA - ARTIGO EM PERIÓDICO,77969,CIENCIA DA COMPUTACAO,87710,SISTEMAS DE COMPUTAÇĂO,393317,"BOLSA DE PRODUTIVIDADE CNPQ/2016: PADRŐES DINÂMICOS E HETEROGĘNEOS DE COMPORTAMENTO NA WEB: CARACTERIZAÇĂO, MODELAGEM E APLICAÇŐES",01JAN2012:00:00:00.000000,,01JAN2012:00:00:00.000000,,0
32001010004P6,CIĘNCIAS DA COMPUTAÇĂO,UFMG,UNIVERSIDADE FEDERAL DE MINAS GERAIS,2017,22529609,5955310,HISTOGRAMS OF OPTICAL FLOW ORIENTATION AND MAGNITUDE AND ENTROPY TO DETECT ANOMALOUS EVENTS IN VIDEOS,2,BIBLIOGRÁFICA,25,ARTIGO EM PERIÓDICO,1,BIBLIOGRAFICA - ARTIGO EM PERIÓDICO,77969,CIENCIA DA COMPUTACAO,87713,"ROBÓTICA, VISĂO COMPUTACIONAL E PROCESSAMENTO GRÁFICO",317500,BOLSA DE PRODUTIVIDADE CNPQ/2014: OBSERVAÇĂO DE PESSOAS APLICADA Ŕ VIGILÂNCIA.,01JAN2012:00:00:00.000000,,01JAN2012:00:00:00.000000,,0
32001010004P6,CIĘNCIAS DA COMPUTAÇĂO,UFMG,UNIVERSIDADE FEDERAL DE MINAS GERAIS,2017,22529376,5867016,ALTERNATIVE SCHEDULING DECISIONS FOR MULTIPATH TCP,2,BIBLIOGRÁFICA,25,ARTIGO EM PERIÓDICO,1,BIBLIOGRAFICA - ARTIGO EM PERIÓDICO,77969,CIENCIA DA COMPUTACAO,87710,SISTEMAS DE COMPUTAÇĂO,369258,BOLSA DE PRODUTIVIDADE CNPQ/2014: REDES DE SENSORIAMENTO PARTICIPATIVO,01JAN2012:00:00:00.000000,,01JAN2012:00:00:00.000000,,0
32001010004P6,CIĘNCIAS DA COMPUTAÇĂO,UFMG,UNIVERSIDADE FEDERAL DE MINAS GERAIS,2017,22529496,5934796,DESIGNING MOBILE CONTENT DELIVERY NETWORKS FOR THE INTERNET OF VEHICLES,2,BIBLIOGRÁFICA,25,ARTIGO EM PERIÓDICO,1,BIBLIOGRAFICA - ARTIGO EM PERIÓDICO,77969,CIENCIA DA COMPUTACAO,87710,SISTEMAS DE COMPUTAÇĂO,295747,BOLSA DE PRODUTIVIDADE CNPQ/2009: ESCALABILIDADE E EFICIĘNCIA EM SISTEMAS DE COMPUTAÇĂO - MINERAÇĂO DE DADOS DE APLICAÇŐES INTERNET.,01JAN2012:00:00:00.000000,,01JAN2012:00:00:00.000000,,0
32001010004P6,CIĘNCIAS DA COMPUTAÇĂO,UFMG,UNIVERSIDADE FEDERAL DE MINAS GERAIS,2017,22529502,5952996,DIVERSITY-BASED INTERACTIVE LEARNING MEETS MULTIMODALITY,2,BIBLIOGRÁFICA,25,ARTIGO EM PERIÓDICO,1,BIBLIOGRAFICA - ARTIGO EM PERIÓDICO,77969,CIENCIA DA COMPUTACAO,87712,GERENCIAMENTO DE DADOS E INFORMAÇŐES,264781,BOLSA DE PRODUTIVIDADE CNPQ/2013: TRATAMENTO AVANÇADO DE INFORMAÇĂO NA WEB - NOVAS ABORDAGENS.,01JAN2012:00:00:00.000000,,01JAN2012:00:00:00.000000,,0
32001010004P6,CIĘNCIAS DA COMPUTAÇĂO,UFMG,UNIVERSIDADE FEDERAL DE MINAS GERAIS,2017,22529681,5940581,NOMADIKEY: USER AUTHENTICATION FOR SMART DEVICES BASED ON NOMADIC KEYS,2,BIBLIOGRÁFICA,25,ARTIGO EM PERIÓDICO,1,BIBLIOGRAFICA - ARTIGO EM PERIÓDICO,77969,CIENCIA DA COMPUTACAO,87710,SISTEMAS DE COMPUTAÇĂO,369329,BOLSA DE PRODUTIVIDADE CNPQ/2015: AQUASEG - SEGURANÇA EM REDES DE SENSORES SEM FIO AQUÁTICAS,01JAN2012:00:00:00.000000,,01JAN2012:00:00:00.000000,,0
32001010004P6,CIĘNCIAS DA COMPUTAÇĂO,UFMG,UNIVERSIDADE FEDERAL DE MINAS GERAIS,2017,22529849,5934689,WHAT SURPRISES DOES YOUR PAST HAVE FOR YOU?,2,BIBLIOGRÁFICA,25,ARTIGO EM PERIÓDICO,1,BIBLIOGRAFICA - ARTIGO EM PERIÓDICO,77969,CIENCIA DA COMPUTACAO,87710,SISTEMAS DE COMPUTAÇĂO,295747,BOLSA DE PRODUTIVIDADE CNPQ/2009: ESCALABILIDADE E EFICIĘNCIA EM SISTEMAS DE COMPUTAÇĂO - MINERAÇĂO DE DADOS DE APLICAÇŐES INTERNET.,01JAN2012:00:00:00.000000,,01JAN2012:00:00:00.000000,,0
32001010004P6,CIĘNCIAS DA COMPUTAÇĂO,UFMG,UNIVERSIDADE FEDERAL DE MINAS GERAIS,2017,22529488,5933784,CYBERWARFARE AND DIGITAL GOVERNANCE,2,BIBLIOGRÁFICA,25,ARTIGO EM PERIÓDICO,1,BIBLIOGRAFICA - ARTIGO EM PERIÓDICO,77969,CIENCIA DA COMPUTACAO,87710,SISTEMAS DE COMPUTAÇĂO,369280,BOLSA DE PRODUTIVIDADE CNPQ/2015: ANÁLISE E MODELAGEM DE COMPORTAMENTO DE SISTEMAS CIBER-FÍSICOS-SOCIAIS,01JAN2012:00:00:00.000000,,01JAN2012:00:00:00.000000,,0
32001010004P6,CIĘNCIAS DA COMPUTAÇĂO,UFMG,UNIVERSIDADE FEDERAL DE MINAS GERAIS,2017,22529458,5930764,COMBINING RANGE AND INEQUALITY INFORMATION FOR POINTER DISAMBIGUATION,2,BIBLIOGRÁFICA,25,ARTIGO EM PERIÓDICO,1,BIBLIOGRAFICA - ARTIGO EM PERIÓDICO,77969,CIENCIA DA COMPUTACAO,87711,ENGENHARIA DE SOFTWARE E LINGUAGENS DE PROGRAMAÇĂO,393273,BOLSA DE PRODUTIVIDADE CNPQ/2016: GERAÇĂO EFICIENTE DE CÓDIGO DE QUALIDADE - GERAÇĂO DE CÓDIGO SEGURO,01JAN2012:00:00:00.000000,,01JAN2012:00:00:00.000000,,0
32001010004P6,CIĘNCIAS DA COMPUTAÇĂO,UFMG,UNIVERSIDADE FEDERAL DE MINAS GERAIS,2017,22529714,5865366,OPTIMALLY SOLVING THE JOINT ORDER BATCHING AND PICKER ROUTING PROBLEM,2,BIBLIOGRÁFICA,25,ARTIGO EM PERIÓDICO,1,BIBLIOGRAFICA - ARTIGO EM PERIÓDICO,77969,CIENCIA DA COMPUTACAO,87715,OTIMIZAÇĂO,421083,BOLSA DE PRODUTIVIDADE CNPQ/2013: ALGORITMOS PARA A RESOLUÇĂO DE PROBLEMAS DE OTIMIZAÇĂO COMBINATÓRIA,01JAN2012:00:00:00.000000,,01JAN2012:00:00:00.000000,,0
32001010004P6,CIĘNCIAS DA COMPUTAÇĂO,UFMG,UNIVERSIDADE FEDERAL DE MINAS GERAIS,2017,22529369,5934666,A TWO-STAGE MACHINE LEARNING APPROACH FOR TEMPORALLY-ROBUST TEXT CLASSIFICATION,2,BIBLIOGRÁFICA,25,ARTIGO EM PERIÓDICO,1,BIBLIOGRAFICA - ARTIGO EM PERIÓDICO,77969,CIENCIA DA COMPUTACAO,87712,GERENCIAMENTO DE DADOS E INFORMAÇŐES,264781,BOLSA DE PRODUTIVIDADE CNPQ/2013: TRATAMENTO AVANÇADO DE INFORMAÇĂO NA WEB - NOVAS ABORDAGENS.,01JAN2012:00:00:00.000000,,01JAN2012:00:00:00.000000,,0
32001010004P6,CIĘNCIAS DA COMPUTAÇĂO,UFMG,UNIVERSIDADE FEDERAL DE MINAS GERAIS,2017,22529792,5940634,SIOT: SECURING INTERNET OF THINGS THROUGH DISTRIBUTED SYSTEMS ANALYSIS,2,BIBLIOGRÁFICA,25,ARTIGO EM PERIÓDICO,1,BIBLIOGRAFICA - ARTIGO EM PERIÓDICO,77969,CIENCIA DA COMPUTACAO,87710,SISTEMAS DE COMPUTAÇĂO,365492,"BOLSA DE PRODUTIVIDADE CNPQ/2015: PESQUISA EM INTERNET DAS COISAS, SISTEMAS CYBER-FÍSICOS, REDES MÓVEIS, SENSORES, OPORTUNÍSTICAS, DTN.",01JAN2012:00:00:00.000000,,01JAN2012:00:00:00.000000,,0
32001010004P6,CIĘNCIAS DA COMPUTAÇĂO,UFMG,UNIVERSIDADE FEDERAL DE MINAS GERAIS,2017,22529825,5919834,TOWARDS AN EFFICIENT 3D MODEL ESTIMATION METHODOLOGY FOR AERIAL AND GROUND IMAGES,2,BIBLIOGRÁFICA,25,ARTIGO EM PERIÓDICO,1,BIBLIOGRAFICA - ARTIGO EM PERIÓDICO,77969,CIENCIA DA COMPUTACAO,87711,ENGENHARIA DE SOFTWARE E LINGUAGENS DE PROGRAMAÇĂO,393425,BOLSA DE PRODUTIVIDADE CNPQ/2016: EXPLORANDO ANOMALIAS EM LINHA DE PRODUTOS DE SOFTWARE PELA UTILIZAÇĂO DE MÉTRICAS E METÁFORAS VISUAIS,01JAN2012:00:00:00.000000,,01JAN2012:00:00:00.000000,,0
32001010004P6,CIĘNCIAS DA COMPUTAÇĂO,UFMG,UNIVERSIDADE FEDERAL DE MINAS GERAIS,2017,22529632,5930622,JETSONLEAP: A FRAMEWORK TO MEASURE POWER ON A HETEROGENEOUS SYSTEM-ON-A-CHIP DEVICE,2,BIBLIOGRÁFICA,25,ARTIGO EM PERIÓDICO,1,BIBLIOGRAFICA - ARTIGO EM PERIÓDICO,,,,,,,,,,,0
32001010004P6,CIĘNCIAS DA COMPUTAÇĂO,UFMG,UNIVERSIDADE FEDERAL DE MINAS GERAIS,2017,22529329,5918883,A METHOD BASED ON NAMING SIMILARITY TO IDENTIFY REUSE OPPORTUNITIES,2,BIBLIOGRÁFICA,25,ARTIGO EM PERIÓDICO,1,BIBLIOGRAFICA - ARTIGO EM PERIÓDICO,77969,CIENCIA DA COMPUTACAO,87711,ENGENHARIA DE SOFTWARE E LINGUAGENS DE PROGRAMAÇĂO,393425,BOLSA DE PRODUTIVIDADE CNPQ/2016: EXPLORANDO ANOMALIAS EM LINHA DE PRODUTOS DE SOFTWARE PELA UTILIZAÇĂO DE MÉTRICAS E METÁFORAS VISUAIS,01JAN2012:00:00:00.000000,,01JAN2012:00:00:00.000000,,0
32001010004P6,CIĘNCIAS DA COMPUTAÇĂO,UFMG,UNIVERSIDADE FEDERAL DE MINAS GERAIS,2017,22529716,5931468,OPTIMIZING OPERATIONS IN BULK TERMINALS,2,BIBLIOGRÁFICA,25,ARTIGO EM PERIÓDICO,1,BIBLIOGRAFICA - ARTIGO EM PERIÓDICO,77969,CIENCIA DA COMPUTACAO,87715,OTIMIZAÇĂO,264711,"BOLSA DE PRODUTIVIDADE CNPQ/2013: OTIMIZAÇĂO E AUTOMAÇĂO DE SISTEMAS: MODELOS, ALGORITMOS E APLICAÇŐES",01JAN2012:00:00:00.000000,,01JAN2012:00:00:00.000000,,0
32001010004P6,CIĘNCIAS DA COMPUTAÇĂO,UFMG,UNIVERSIDADE FEDERAL DE MINAS GERAIS,2017,22529416,5942069,AVOIDING TARGET CONGESTION ON THE NAVIGATION OF ROBOTIC SWARMS,2,BIBLIOGRÁFICA,25,ARTIGO EM PERIÓDICO,1,BIBLIOGRAFICA - ARTIGO EM PERIÓDICO,77969,CIENCIA DA COMPUTACAO,87713,"ROBÓTICA, VISĂO COMPUTACIONAL E PROCESSAMENTO GRÁFICO",369402,BOLSA DE PRODUTIVIDADE CNPQ/2015: AGENTES INTELIGENTES EM ROBÓTICA E JOGOS DIGITAIS II.,01JAN2012:00:00:00.000000,,01JAN2012:00:00:00.000000,,0
32001010004P6,CIĘNCIAS DA COMPUTAÇĂO,UFMG,UNIVERSIDADE FEDERAL DE MINAS GERAIS,2017,22529719,5942979,PERFORMANCE MODELING AND ANALYSIS OF VOID-HANDLING METHODOLOGIES IN UNDERWATER WIRELESS SENSOR NETWORKS,2,BIBLIOGRÁFICA,25,ARTIGO EM PERIÓDICO,1,BIBLIOGRAFICA - ARTIGO EM PERIÓDICO,77969,CIENCIA DA COMPUTACAO,87710,SISTEMAS DE COMPUTAÇĂO,393428,BOLSA DE PRODUTIVIDADE CNPQ/2016: REDES DE SENSORES AQUÁTICAS.,01JAN2012:00:00:00.000000,,01JAN2012:00:00:00.000000,,0
32001010004P6,CIĘNCIAS DA COMPUTAÇĂO,UFMG,UNIVERSIDADE FEDERAL DE MINAS GERAIS,2017,22529457,5941758,COMBINING GENETIC ALGORITHM AND SWARM INTELLIGENCE FOR TASK ALLOCATION IN A REAL TIME STRATEGY GAME,2,BIBLIOGRÁFICA,25,ARTIGO EM PERIÓDICO,1,BIBLIOGRAFICA - ARTIGO EM PERIÓDICO,77969,CIENCIA DA COMPUTACAO,87713,"ROBÓTICA, VISĂO COMPUTACIONAL E PROCESSAMENTO GRÁFICO",369402,BOLSA DE PRODUTIVIDADE CNPQ/2015: AGENTES INTELIGENTES EM ROBÓTICA E JOGOS DIGITAIS II.,01JAN2012:00:00:00.000000,,01JAN2012:00:00:00.000000,,0
32001010004P6,CIĘNCIAS DA COMPUTAÇĂO,UFMG,UNIVERSIDADE FEDERAL DE MINAS GERAIS,2017,22529503,5941710,DYNAMIC DIFFICULTY ADJUSTMENT ON MOBA GAMES,2,BIBLIOGRÁFICA,25,ARTIGO EM PERIÓDICO,1,BIBLIOGRAFICA - ARTIGO EM PERIÓDICO,77969,CIENCIA DA COMPUTACAO,87713,"ROBÓTICA, VISĂO COMPUTACIONAL E PROCESSAMENTO GRÁFICO",369402,BOLSA DE PRODUTIVIDADE CNPQ/2015: AGENTES INTELIGENTES EM ROBÓTICA E JOGOS DIGITAIS II.,01JAN2012:00:00:00.000000,,01JAN2012:00:00:00.000000,,0
32001010004P6,CIĘNCIAS DA COMPUTAÇĂO,UFMG,UNIVERSIDADE FEDERAL DE MINAS GERAIS,2017,22528023,5933093,A GENERAL FRAMEWORK TO EXPAND SHORT TEXT FOR TOPIC MODELING,2,BIBLIOGRÁFICA,25,ARTIGO EM PERIÓDICO,1,BIBLIOGRAFICA - ARTIGO EM PERIÓDICO,77969,CIENCIA DA COMPUTACAO,87712,GERENCIAMENTO DE DADOS E INFORMAÇŐES,317510,BOLSA DE PRODUTIVIDADE CNPQ/2014: MÉTODOS BIO-INSPIRADOS EM MINERAÇĂO DE DADOS: GERAÇĂO AUTOMÁTICA DE ALGORITMOS E APLICAÇŐES.,01JAN2012:00:00:00.000000,,01JAN2012:00:00:00.000000,,0
32001010004P6,CIĘNCIAS DA COMPUTAÇĂO,UFMG,UNIVERSIDADE FEDERAL DE MINAS GERAIS,2017,22529631,5858555,INVESTIGATING MARKET EFFICIENCY THROUGH A FORECASTING MODEL BASED ON DIFFERENTIAL EQUATIONS,2,BIBLIOGRÁFICA,25,ARTIGO EM PERIÓDICO,1,BIBLIOGRAFICA - ARTIGO EM PERIÓDICO,,,,,,,,,,,0
32001010004P6,CIĘNCIAS DA COMPUTAÇĂO,UFMG,UNIVERSIDADE FEDERAL DE MINAS GERAIS,2017,22529795,5961780,SOCIAL PROFESSIONAL NETWORKS: A SURVEY AND TAXONOMY,2,BIBLIOGRÁFICA,25,ARTIGO EM PERIÓDICO,1,BIBLIOGRAFICA - ARTIGO EM PERIÓDICO,77969,CIENCIA DA COMPUTACAO,87712,GERENCIAMENTO DE DADOS E INFORMAÇŐES,266107,BOLSA DE PRODUTIVIDADE CNPQ/2013: ACORDI: ADIÇĂO DO CONTEXTO SOCIAL Ŕ RECOMENDAÇĂO E DISSEMINAÇĂO,01JAN2012:00:00:00.000000,,01JAN2012:00:00:00.000000,,0
32001010004P6,CIĘNCIAS DA COMPUTAÇĂO,UFMG,UNIVERSIDADE FEDERAL DE MINAS GERAIS,2017,22529491,5929300,DAWNCC: AUTOMATIC ANNOTATION FOR DATA PARALLELISM AND OFFLOADING,2,BIBLIOGRÁFICA,25,ARTIGO EM PERIÓDICO,1,BIBLIOGRAFICA - ARTIGO EM PERIÓDICO,77969,CIENCIA DA COMPUTACAO,87711,ENGENHARIA DE SOFTWARE E LINGUAGENS DE PROGRAMAÇĂO,393273,BOLSA DE PRODUTIVIDADE CNPQ/2016: GERAÇĂO EFICIENTE DE CÓDIGO DE QUALIDADE - GERAÇĂO DE CÓDIGO SEGURO,01JAN2012:00:00:00.000000,,01JAN2012:00:00:00.000000,,0
32001010004P6,CIĘNCIAS DA COMPUTAÇĂO,UFMG,UNIVERSIDADE FEDERAL DE MINAS GERAIS,2017,22529341,5859465,A PROFILE ANALYSIS OF THE TOP BRAZILIAN COMPUTER SCIENCE GRADUATE PROGRAMS,2,BIBLIOGRÁFICA,25,ARTIGO EM PERIÓDICO,1,BIBLIOGRAFICA - ARTIGO EM PERIÓDICO,77969,CIENCIA DA COMPUTACAO,87712,GERENCIAMENTO DE DADOS E INFORMAÇŐES,266107,BOLSA DE PRODUTIVIDADE CNPQ/2013: ACORDI: ADIÇĂO DO CONTEXTO SOCIAL Ŕ RECOMENDAÇĂO E DISSEMINAÇĂO,01JAN2012:00:00:00.000000,,01JAN2012:00:00:00.000000,,0
32001010004P6,CIĘNCIAS DA COMPUTAÇĂO,UFMG,UNIVERSIDADE FEDERAL DE MINAS GERAIS,2017,22528013,5931382,A BRANCH AND PRICE ALGORITHM TO SOLVE THE INTEGRATED PRODUCTION PLANNING AND SCHEDULING IN BULK PORTS,2,BIBLIOGRÁFICA,25,ARTIGO EM PERIÓDICO,1,BIBLIOGRAFICA - ARTIGO EM PERIÓDICO,,,,,,,,,,,0
32001010004P6,CIĘNCIAS DA COMPUTAÇĂO,UFMG,UNIVERSIDADE FEDERAL DE MINAS GERAIS,2017,22529427,5969026,CHARACTERIZATION OF GLUCOSE-TOLERANT ż-GLUCOSIDASES USED IN BIOFUEL PRODUCTION UNDER THE BIOINFORMATICS PERSPECTIVE: A SYSTEMATIC REVIEW,2,BIBLIOGRÁFICA,25,ARTIGO EM PERIÓDICO,1,BIBLIOGRAFICA - ARTIGO EM PERIÓDICO,77969,CIENCIA DA COMPUTACAO,87712,GERENCIAMENTO DE DADOS E INFORMAÇŐES,266117,"BOLSA DE PRODUTIVIDADE CNPQ/2013: MODELOS, ALGORITMOS E VISUALIZAÇŐES PARA DESCOBERTA DE CONHECIMENTO EM BIOINFOMÁTICA",01JAN2012:00:00:00.000000,,01JAN2012:00:00:00.000000,,0
32001010004P6,CIĘNCIAS DA COMPUTAÇĂO,UFMG,UNIVERSIDADE FEDERAL DE MINAS GERAIS,2017,22529608,5918977,HEURISTIC AND EXACT ALGORITHMS FOR PRODUCT CONFIGURATION IN SOFTWARE PRODUCT LINES,2,BIBLIOGRÁFICA,25,ARTIGO EM PERIÓDICO,1,BIBLIOGRAFICA - ARTIGO EM PERIÓDICO,77969,CIENCIA DA COMPUTACAO,87715,OTIMIZAÇĂO,393408,BOLSA DE PRODUTIVIDADE CNPQ/2016: HEURÍSTICAS PARA PROBLEMAS DE OTIMIZAÇĂO EM REDES DE COMPUTADORES,01JAN2012:00:00:00.000000,,01JAN2012:00:00:00.000000,,0
32001010004P6,CIĘNCIAS DA COMPUTAÇĂO,UFMG,UNIVERSIDADE FEDERAL DE MINAS GERAIS,2017,22529417,5917685,BI-OBJECTIVE DATA GATHERING PATH PLANNING FOR VEHICLES WITH BOUNDED CURVATURE,2,BIBLIOGRÁFICA,25,ARTIGO EM PERIÓDICO,1,BIBLIOGRAFICA - ARTIGO EM PERIÓDICO,77969,CIENCIA DA COMPUTACAO,87713,"ROBÓTICA, VISĂO COMPUTACIONAL E PROCESSAMENTO GRÁFICO",401553,LG - RECONHECIMENTO DE ATIVIDADES HUMANAS ANORMAIS,01JAN2012:00:00:00.000000,,01JAN2012:00:00:00.000000,,0
32001010004P6,CIĘNCIAS DA COMPUTAÇĂO,UFMG,UNIVERSIDADE FEDERAL DE MINAS GERAIS,2017,22528027,5970693,A LINEAR PROGRAMMING BASED HEURISTIC FRAMEWORK FOR MIN-MAX REGRET COMBINATORIAL OPTIMIZATION PROBLEMS WITH INTERVAL COSTS,2,BIBLIOGRÁFICA,25,ARTIGO EM PERIÓDICO,1,BIBLIOGRAFICA - ARTIGO EM PERIÓDICO,77969,CIENCIA DA COMPUTACAO,87715,OTIMIZAÇĂO,393408,BOLSA DE PRODUTIVIDADE CNPQ/2016: HEURÍSTICAS PARA PROBLEMAS DE OTIMIZAÇĂO EM REDES DE COMPUTADORES,01JAN2012:00:00:00.000000,,01JAN2012:00:00:00.000000,,0
32001010004P6,CIĘNCIAS DA COMPUTAÇĂO,UFMG,UNIVERSIDADE FEDERAL DE MINAS GERAIS,2017,22529384,5867823,ANALYZING TRAFFIC ACCIDENTS BASED ON THE INTEGRATION OF OFFICIAL AND CROWDSOURCED DATA,2,BIBLIOGRÁFICA,25,ARTIGO EM PERIÓDICO,1,BIBLIOGRAFICA - ARTIGO EM PERIÓDICO,,,,,,,,,,,0
32001010004P6,CIĘNCIAS DA COMPUTAÇĂO,UFMG,UNIVERSIDADE FEDERAL DE MINAS GERAIS,2017,22528024,5952815,A GENERAL MULTI-VIEW FRAMEWORK FOR ASSESSING THE QUALITY OF COLLABORATIVELLY CREATED CONTENT ON THE WEB 2.0,2,BIBLIOGRÁFICA,25,ARTIGO EM PERIÓDICO,1,BIBLIOGRAFICA - ARTIGO EM PERIÓDICO,77969,CIENCIA DA COMPUTACAO,87712,GERENCIAMENTO DE DADOS E INFORMAÇŐES,264781,BOLSA DE PRODUTIVIDADE CNPQ/2013: TRATAMENTO AVANÇADO DE INFORMAÇĂO NA WEB - NOVAS ABORDAGENS.,01JAN2012:00:00:00.000000,,01JAN2012:00:00:00.000000,,0
32001010004P6,CIĘNCIAS DA COMPUTAÇĂO,UFMG,UNIVERSIDADE FEDERAL DE MINAS GERAIS,2017,22529464,5963283,CONNECTIVITY WITH BACKBONE STRUCTURES IN OBSTRUCTED WIRELESS NETWORKS,2,BIBLIOGRÁFICA,25,ARTIGO EM PERIÓDICO,1,BIBLIOGRAFICA - ARTIGO EM PERIÓDICO,77969,CIENCIA DA COMPUTACAO,87716,TEORIA,393290,FAPEMIG/PPM/2016: MODELOS E ALGORITMOS EM REDES SEM FIO E COMPLEXAS,01JAN2012:00:00:00.000000,,01JAN2012:00:00:00.000000,,0
32001010004P6,CIĘNCIAS DA COMPUTAÇĂO,UFMG,UNIVERSIDADE FEDERAL DE MINAS GERAIS,2017,22529383,5969298,ANALYZING THE COMMUNICABILITY OF CONFIGURATION DECISION SPACE OVER TIME IN COLLABORATIVE SYSTEMS THROUGH A CASE STUDY,2,BIBLIOGRÁFICA,25,ARTIGO EM PERIÓDICO,1,BIBLIOGRAFICA - ARTIGO EM PERIÓDICO,77969,CIENCIA DA COMPUTACAO,87711,ENGENHARIA DE SOFTWARE E LINGUAGENS DE PROGRAMAÇĂO,326113,IHC: INTERAÇĂO HUMANO-COMPUTADOR FUNDAMENTADA NA TEORIA DA ENGENHARIA.,01JAN2012:00:00:00.000000,,01JAN2012:00:00:00.000000,,0
32001010004P6,CIĘNCIAS DA COMPUTAÇĂO,UFMG,UNIVERSIDADE FEDERAL DE MINAS GERAIS,2017,22529581,5866880,GEOGRAPHIC ROUTING AND HOLE BYPASS USING LONG RANGE SINKS FOR WIRELESS SENSOR NETWORKS,2,BIBLIOGRÁFICA,25,ARTIGO EM PERIÓDICO,1,BIBLIOGRAFICA - ARTIGO EM PERIÓDICO,77969,CIENCIA DA COMPUTACAO,87710,SISTEMAS DE COMPUTAÇĂO,369258,BOLSA DE PRODUTIVIDADE CNPQ/2014: REDES DE SENSORIAMENTO PARTICIPATIVO,01JAN2012:00:00:00.000000,,01JAN2012:00:00:00.000000,,0
32001010004P6,CIĘNCIAS DA COMPUTAÇĂO,UFMG,UNIVERSIDADE FEDERAL DE MINAS GERAIS,2017,22528011,5970808,A BIASED RANDOM-KEY GENETIC ALGORITHM FOR SCHEDULING HETEROGENEOUS MULTI-ROUND SYSTEMS,2,BIBLIOGRÁFICA,25,ARTIGO EM PERIÓDICO,1,BIBLIOGRAFICA - ARTIGO EM PERIÓDICO,77969,CIENCIA DA COMPUTACAO,87715,OTIMIZAÇĂO,393408,BOLSA DE PRODUTIVIDADE CNPQ/2016: HEURÍSTICAS PARA PROBLEMAS DE OTIMIZAÇĂO EM REDES DE COMPUTADORES,01JAN2012:00:00:00.000000,,01JAN2012:00:00:00.000000,,0
32001010004P6,CIĘNCIAS DA COMPUTAÇĂO,UFMG,UNIVERSIDADE FEDERAL DE MINAS GERAIS,2017,22529723,5969652,PLATEM: A METHOD FOR MOBILE APPLICATIONS TESTING,2,BIBLIOGRÁFICA,25,ARTIGO EM PERIÓDICO,1,BIBLIOGRAFICA - ARTIGO EM PERIÓDICO,77969,CIENCIA DA COMPUTACAO,87711,ENGENHARIA DE SOFTWARE E LINGUAGENS DE PROGRAMAÇĂO,292471,"MÉTRICAS, TÉCNICAS E FERRAMENTAS PARA REMODULARIZAÇĂO DE SISTEMAS",01JAN2012:00:00:00.000000,,01JAN2012:00:00:00.000000,,0
32001010004P6,CIĘNCIAS DA COMPUTAÇĂO,UFMG,UNIVERSIDADE FEDERAL DE MINAS GERAIS,2017,22529490,5934691,DATA-DRIVEN FEATURE CHARACTERIZATION TECHNIQUES FOR LASER PRINTER ATTRIBUTION,2,BIBLIOGRÁFICA,25,ARTIGO EM PERIÓDICO,1,BIBLIOGRAFICA - ARTIGO EM PERIÓDICO,77969,CIENCIA DA COMPUTACAO,87713,"ROBÓTICA, VISĂO COMPUTACIONAL E PROCESSAMENTO GRÁFICO",393443,BOLSA DE PRODUTIVIDADE CNPQ/2016: RECONHECIMENTO DE PADRŐES PARA OBSERVAÇĂO DA TERRA,01JAN2012:00:00:00.000000,,01JAN2012:00:00:00.000000,,0
32001010004P6,CIĘNCIAS DA COMPUTAÇĂO,UFMG,UNIVERSIDADE FEDERAL DE MINAS GERAIS,2017,22529620,5931431,IMPROVED COMBINATORIAL BENDERS DECOMPOSITION FOR A SCHEDULING PROBLEM WITH UNRELATED PARALLEL MACHINES,2,BIBLIOGRÁFICA,25,ARTIGO EM PERIÓDICO,1,BIBLIOGRAFICA - ARTIGO EM PERIÓDICO,77969,CIENCIA DA COMPUTACAO,87715,OTIMIZAÇĂO,264711,"BOLSA DE PRODUTIVIDADE CNPQ/2013: OTIMIZAÇĂO E AUTOMAÇĂO DE SISTEMAS: MODELOS, ALGORITMOS E APLICAÇŐES",01JAN2012:00:00:00.000000,,01JAN2012:00:00:00.000000,,0
32001010004P6,CIĘNCIAS DA COMPUTAÇĂO,UFMG,UNIVERSIDADE FEDERAL DE MINAS GERAIS,2017,22529425,5954250,CGR: CENTRALITY-BASED GREEN ROUTING FOR LOW-POWER AND LOSSY NETWORKS,2,BIBLIOGRÁFICA,25,ARTIGO EM PERIÓDICO,1,BIBLIOGRAFICA - ARTIGO EM PERIÓDICO,77969,CIENCIA DA COMPUTACAO,87710,SISTEMAS DE COMPUTAÇĂO,393428,BOLSA DE PRODUTIVIDADE CNPQ/2016: REDES DE SENSORES AQUÁTICAS.,01JAN2012:00:00:00.000000,,01JAN2012:00:00:00.000000,,0
32001010004P6,CIĘNCIAS DA COMPUTAÇĂO,UFMG,UNIVERSIDADE FEDERAL DE MINAS GERAIS,2017,22529826,5934601,TOWARDS BETTER EXPLOITING CONVOLUTIONAL NEURAL NETWORKS FOR REMOTE SENSING SCENE CLASSIFICATION,2,BIBLIOGRÁFICA,25,ARTIGO EM PERIÓDICO,1,BIBLIOGRAFICA - ARTIGO EM PERIÓDICO,77969,CIENCIA DA COMPUTACAO,87713,"ROBÓTICA, VISĂO COMPUTACIONAL E PROCESSAMENTO GRÁFICO",393443,BOLSA DE PRODUTIVIDADE CNPQ/2016: RECONHECIMENTO DE PADRŐES PARA OBSERVAÇĂO DA TERRA,01JAN2012:00:00:00.000000,,01JAN2012:00:00:00.000000,,0
32001010004P6,CIĘNCIAS DA COMPUTAÇĂO,UFMG,UNIVERSIDADE FEDERAL DE MINAS GERAIS,2017,22529456,5969309,COMBINING CONFIGURABLE INTERACTION ANTICIPATION CHALLENGES AND VOLITIONAL ASPECTS IN THE ANALYSIS OF DIGITAL POSTHUMOUS COMMUNICATION SYSTEMS,2,BIBLIOGRÁFICA,25,ARTIGO EM PERIÓDICO,1,BIBLIOGRAFICA - ARTIGO EM PERIÓDICO,77969,CIENCIA DA COMPUTACAO,87711,ENGENHARIA DE SOFTWARE E LINGUAGENS DE PROGRAMAÇĂO,326113,IHC: INTERAÇĂO HUMANO-COMPUTADOR FUNDAMENTADA NA TEORIA DA ENGENHARIA.,01JAN2012:00:00:00.000000,,01JAN2012:00:00:00.000000,,0
32001010004P6,CIĘNCIAS DA COMPUTAÇĂO,UFMG,UNIVERSIDADE FEDERAL DE MINAS GERAIS,2017,22529757,5953068,RANKED BATCH-MODE ACTIVE LEARNING,2,BIBLIOGRÁFICA,25,ARTIGO EM PERIÓDICO,1,BIBLIOGRAFICA - ARTIGO EM PERIÓDICO,77969,CIENCIA DA COMPUTACAO,87712,GERENCIAMENTO DE DADOS E INFORMAÇŐES,266107,BOLSA DE PRODUTIVIDADE CNPQ/2013: ACORDI: ADIÇĂO DO CONTEXTO SOCIAL Ŕ RECOMENDAÇĂO E DISSEMINAÇĂO,01JAN2012:00:00:00.000000,,01JAN2012:00:00:00.000000,,0
32001010004P6,CIĘNCIAS DA COMPUTAÇĂO,UFMG,UNIVERSIDADE FEDERAL DE MINAS GERAIS,2017,22529816,5961775,THE STRENGTH OF CO-AUTHORSHIP TIES THROUGH DIFFERENT TOPOLOGICAL PROPERTIES,2,BIBLIOGRÁFICA,25,ARTIGO EM PERIÓDICO,1,BIBLIOGRAFICA - ARTIGO EM PERIÓDICO,77969,CIENCIA DA COMPUTACAO,87712,GERENCIAMENTO DE DADOS E INFORMAÇŐES,266107,BOLSA DE PRODUTIVIDADE CNPQ/2013: ACORDI: ADIÇĂO DO CONTEXTO SOCIAL Ŕ RECOMENDAÇĂO E DISSEMINAÇĂO,01JAN2012:00:00:00.000000,,01JAN2012:00:00:00.000000,,0
32001010004P6,CIĘNCIAS DA COMPUTAÇĂO,UFMG,UNIVERSIDADE FEDERAL DE MINAS GERAIS,2017,22528014,5931480,A CAPACITATED PLANT LOCATION MODEL FOR REVERSE LOGISTICS ACTIVITIES,2,BIBLIOGRÁFICA,25,ARTIGO EM PERIÓDICO,1,BIBLIOGRAFICA - ARTIGO EM PERIÓDICO,77969,CIENCIA DA COMPUTACAO,87715,OTIMIZAÇĂO,326084,BOLSA DE PRODUTIVIDADE CNPQ/2007: OTIMIZAÇĂO E AUTOMAÇĂO DE SISTEMAS MODELOS ALGORITMOS E APLICAÇŐES.,01JAN2012:00:00:00.000000,,01JAN2012:00:00:00.000000,,0
32001010004P6,CIĘNCIAS DA COMPUTAÇĂO,UFMG,UNIVERSIDADE FEDERAL DE MINAS GERAIS,2017,22529708,5919057,ON THE EVALUATION OF CODE SMELLS AND DETECTION TOOLS,2,BIBLIOGRÁFICA,25,ARTIGO EM PERIÓDICO,1,BIBLIOGRAFICA - ARTIGO EM PERIÓDICO,77969,CIENCIA DA COMPUTACAO,87711,ENGENHARIA DE SOFTWARE E LINGUAGENS DE PROGRAMAÇĂO,393425,BOLSA DE PRODUTIVIDADE CNPQ/2016: EXPLORANDO ANOMALIAS EM LINHA DE PRODUTOS DE SOFTWARE PELA UTILIZAÇĂO DE MÉTRICAS E METÁFORAS VISUAIS,01JAN2012:00:00:00.000000,,01JAN2012:00:00:00.000000,,0
32001010004P6,CIĘNCIAS DA COMPUTAÇĂO,UFMG,UNIVERSIDADE FEDERAL DE MINAS GERAIS,2017,22529340,5933960,A PRINCIPLES-BASED APPROACH TO GOVERN THE IOT ECOSYSTEM,2,BIBLIOGRÁFICA,25,ARTIGO EM PERIÓDICO,1,BIBLIOGRAFICA - ARTIGO EM PERIÓDICO,77969,CIENCIA DA COMPUTACAO,87710,SISTEMAS DE COMPUTAÇĂO,369280,BOLSA DE PRODUTIVIDADE CNPQ/2015: ANÁLISE E MODELAGEM DE COMPORTAMENTO DE SISTEMAS CIBER-FÍSICOS-SOCIAIS,01JAN2012:00:00:00.000000,,01JAN2012:00:00:00.000000,,0
32001010004P6,CIĘNCIAS DA COMPUTAÇĂO,UFMG,UNIVERSIDADE FEDERAL DE MINAS GERAIS,2017,22529709,5970924,ON THE GEODETIC RANK OF A GRAPH,2,BIBLIOGRÁFICA,25,ARTIGO EM PERIÓDICO,1,BIBLIOGRAFICA - ARTIGO EM PERIÓDICO,77969,CIENCIA DA COMPUTACAO,87715,OTIMIZAÇĂO,404094,BOLSA DE PRODUTIVIDADE CNPQ/2016: COMPLEXIDADE COMPUTACIONAL DE PARÂMETROS DE CONVEXIDADE EM GRAFOS.,01JAN2012:00:00:00.000000,,01JAN2012:00:00:00.000000,,0
32001010004P6,CIĘNCIAS DA COMPUTAÇĂO,UFMG,UNIVERSIDADE FEDERAL DE MINAS GERAIS,2017,22529386,5969580,"APPLICATION PERFORMANCE ANALYSIS AND EFFICIENT EXECUTION ON SYSTEMS WITH MULTI-CORE CPUS, GPUS AND MICS: A CASE STUDY WITH MICROSCOPY IMAGE ANALYSIS",2,BIBLIOGRÁFICA,25,ARTIGO EM PERIÓDICO,1,BIBLIOGRAFICA - ARTIGO EM PERIÓDICO,77969,CIENCIA DA COMPUTACAO,87710,SISTEMAS DE COMPUTAÇĂO,317519,BOLSA DE PRODUTIVIDADE CNPQ/2014: SUPORTE AO DESENVOLVIMENTO E EXECUÇĂO DE APLICAÇŐES DE ALTO DESEMPENHO.,01JAN2012:00:00:00.000000,,01JAN2012:00:00:00.000000,,0
32001010004P6,CIĘNCIAS DA COMPUTAÇĂO,UFMG,UNIVERSIDADE FEDERAL DE MINAS GERAIS,2017,22529790,5858691,SEMIODISCURSIVE ANALYSIS OF TV NEWSCASTS BASED ON DATA MINING AND IMAGE PROCESSING,2,BIBLIOGRÁFICA,25,ARTIGO EM PERIÓDICO,1,BIBLIOGRAFICA - ARTIGO EM PERIÓDICO,,,,,,,,,,,0
32001010004P6,CIĘNCIAS DA COMPUTAÇĂO,UFMG,UNIVERSIDADE FEDERAL DE MINAS GERAIS,2017,22529584,5866982,GROUPS-NET: GROUP MEETINGS AWARE ROUTING IN MULTI-HOP D2D NETWORKS,2,BIBLIOGRÁFICA,25,ARTIGO EM PERIÓDICO,1,BIBLIOGRAFICA - ARTIGO EM PERIÓDICO,77969,CIENCIA DA COMPUTACAO,87714,INTELIGĘNCIA ARTIFICIAL,393445,"BOLSA DE PRODUTIVIDADE CNPQ/2016: MODELAGEM, PREDIÇĂO E CONTOLE DE COMPORTAMENTOS SOCIAIS DE LARGA ESCALA",01JAN2012:00:00:00.000000,,01JAN2012:00:00:00.000000,,0
32001010004P6,CIĘNCIAS DA COMPUTAÇĂO,UFMG,UNIVERSIDADE FEDERAL DE MINAS GERAIS,2018,24572301,7552324,MULTI-ROBOT COVERAGE PATH PLANNING USING HEXAGONAL SEGMENTATION FOR GEOPHYSICAL SURVEYS,2,BIBLIOGRÁFICA,25,ARTIGO EM PERIÓDICO,1,BIBLIOGRAFICA - ARTIGO EM PERIÓDICO,,,,,,,,,,,0
32001010004P6,CIĘNCIAS DA COMPUTAÇĂO,UFMG,UNIVERSIDADE FEDERAL DE MINAS GERAIS,2018,24572381,7527670,THE IMPACT OF QUANTIZATION ON THE DESIGN OF SOLAR POWER SYSTEMS FOR CELLULAR BASE STATIONS,2,BIBLIOGRÁFICA,25,ARTIGO EM PERIÓDICO,1,BIBLIOGRAFICA - ARTIGO EM PERIÓDICO,,,,,,,,,,,0
32001010004P6,CIĘNCIAS DA COMPUTAÇĂO,UFMG,UNIVERSIDADE FEDERAL DE MINAS GERAIS,2018,24572189,7553960,ENERGY EFFICIENT QCA CIRCUITS DESIGN: SIMULATING AND ANALYZING PARTIALLY REVERSIBLE PIPELINES,2,BIBLIOGRÁFICA,25,ARTIGO EM PERIÓDICO,1,BIBLIOGRAFICA - ARTIGO EM PERIÓDICO,,,,,,,,,,,0
32001010004P6,CIĘNCIAS DA COMPUTAÇĂO,UFMG,UNIVERSIDADE FEDERAL DE MINAS GERAIS,2018,24572073,7552391,A GAME-THEORETIC APPROACH TO INFORMATION-FLOW CONTROL VIA PROTOCOL COMPOSITION,2,BIBLIOGRÁFICA,25,ARTIGO EM PERIÓDICO,1,BIBLIOGRAFICA - ARTIGO EM PERIÓDICO,,,,,,,,,,,0
32001010004P6,CIĘNCIAS DA COMPUTAÇĂO,UFMG,UNIVERSIDADE FEDERAL DE MINAS GERAIS,2018,24572275,7555220,LEARNING DEEP OFF-THE-PERSON HEART BIOMETRICS REPRESENTATIONS,2,BIBLIOGRÁFICA,25,ARTIGO EM PERIÓDICO,1,BIBLIOGRAFICA - ARTIGO EM PERIÓDICO,,,,,,,,,,,0
32001010004P6,CIĘNCIAS DA COMPUTAÇĂO,UFMG,UNIVERSIDADE FEDERAL DE MINAS GERAIS,2018,24572402,7550362,UNDERWATER WIRELESS SENSOR NETWORKS,2,BIBLIOGRÁFICA,25,ARTIGO EM PERIÓDICO,1,BIBLIOGRAFICA - ARTIGO EM PERIÓDICO,,,,,,,,,,,0
32001010004P6,CIĘNCIAS DA COMPUTAÇĂO,UFMG,UNIVERSIDADE FEDERAL DE MINAS GERAIS,2018,24572272,7555107,KERNEL MULTIBLOCK PARTIAL LEAST SQUARES FOR A SCALABLE AND MULTICAMERA PERSON REIDENTIFICATION SYSTEM,2,BIBLIOGRÁFICA,25,ARTIGO EM PERIÓDICO,1,BIBLIOGRAFICA - ARTIGO EM PERIÓDICO,,,,,,,,,,,0
32001010004P6,CIĘNCIAS DA COMPUTAÇĂO,UFMG,UNIVERSIDADE FEDERAL DE MINAS GERAIS,2018,24572145,7554526,CHATBOTS EXPLAIN THEMSELVES: DESIGNERS' STRATEGIES FOR CONVEYING CHATBOT FEATURES TO USERS,2,BIBLIOGRÁFICA,25,ARTIGO EM PERIÓDICO,1,BIBLIOGRAFICA - ARTIGO EM PERIÓDICO,,,,,,,,,,,0
32001010004P6,CIĘNCIAS DA COMPUTAÇĂO,UFMG,UNIVERSIDADE FEDERAL DE MINAS GERAIS,2018,24572330,7140215,"POLYHEDRAL RESULTS, BRANCH-AND-CUT AND LAGRANGIAN RELAXATION ALGORITHMS FOR THE ADJACENT ONLY QUADRATIC MINIMUM SPANNING TREE PROBLEM",2,BIBLIOGRÁFICA,25,ARTIGO EM PERIÓDICO,1,BIBLIOGRAFICA - ARTIGO EM PERIÓDICO,,,,,,,,,,,0
32001010004P6,CIĘNCIAS DA COMPUTAÇĂO,UFMG,UNIVERSIDADE FEDERAL DE MINAS GERAIS,2018,24572400,7532275,UNDERSTANDING HUMAN MOBILITY AND WORKLOAD DYNAMICS DUE TO DIFFERENT LARGE-SCALE EVENTS USING MOBILE PHONE DATA,2,BIBLIOGRÁFICA,25,ARTIGO EM PERIÓDICO,1,BIBLIOGRAFICA - ARTIGO EM PERIÓDICO,,,,,,,,,,,0
32001010004P6,CIĘNCIAS DA COMPUTAÇĂO,UFMG,UNIVERSIDADE FEDERAL DE MINAS GERAIS,2018,24572070,7157862,A CUSTOMIZED CLASSIFICATION ALGORITHM FOR CREDIT CARD FRAUD DETECTION,2,BIBLIOGRÁFICA,25,ARTIGO EM PERIÓDICO,1,BIBLIOGRAFICA - ARTIGO EM PERIÓDICO,,,,,,,,,,,0
32001010004P6,CIĘNCIAS DA COMPUTAÇĂO,UFMG,UNIVERSIDADE FEDERAL DE MINAS GERAIS,2018,24572288,7552721,"MOBILE MATRIX: ROUTING UNDER MOBILITY IN IOT, IOMT, AND SOCIAL IOT",2,BIBLIOGRÁFICA,25,ARTIGO EM PERIÓDICO,1,BIBLIOGRAFICA - ARTIGO EM PERIÓDICO,,,,,,,,,,,0
32001010004P6,CIĘNCIAS DA COMPUTAÇĂO,UFMG,UNIVERSIDADE FEDERAL DE MINAS GERAIS,2018,24572378,7554964,THE CONVEXITY OF INDUCED PATHS OF ORDER THREE AND APPLICATIONS: COMPLEXITY ASPECTS,2,BIBLIOGRÁFICA,25,ARTIGO EM PERIÓDICO,1,BIBLIOGRAFICA - ARTIGO EM PERIÓDICO,,,,,,,,,,,0
32001010004P6,CIĘNCIAS DA COMPUTAÇĂO,UFMG,UNIVERSIDADE FEDERAL DE MINAS GERAIS,2018,24572389,7531742,TOWARDS A RIGOROUS METHODOLOGY FOR MEASURING ADOPTION OF RPKI ROUTE VALIDATION AND FILTERING,2,BIBLIOGRÁFICA,25,ARTIGO EM PERIÓDICO,1,BIBLIOGRAFICA - ARTIGO EM PERIÓDICO,,,,,,,,,,,0
32001010004P6,CIĘNCIAS DA COMPUTAÇĂO,UFMG,UNIVERSIDADE FEDERAL DE MINAS GERAIS,2018,24572365,7552608,STACY: STRENGTH OF TIES AUTOMATIC-CLASSIFIER OVER THE YEARS,2,BIBLIOGRÁFICA,25,ARTIGO EM PERIÓDICO,1,BIBLIOGRAFICA - ARTIGO EM PERIÓDICO,,,,,,,,,,,0
32001010004P6,CIĘNCIAS DA COMPUTAÇĂO,UFMG,UNIVERSIDADE FEDERAL DE MINAS GERAIS,2018,24572351,7531498,SELECTIVE HARVESTING OVER NETWORKS,2,BIBLIOGRÁFICA,25,ARTIGO EM PERIÓDICO,1,BIBLIOGRAFICA - ARTIGO EM PERIÓDICO,,,,,,,,,,,0
32001010004P6,CIĘNCIAS DA COMPUTAÇĂO,UFMG,UNIVERSIDADE FEDERAL DE MINAS GERAIS,2018,24572319,7550699,ON THE USE OF REPLACEMENT MESSAGES IN API DEPRECATION: AN EMPIRICAL STUDY,2,BIBLIOGRÁFICA,25,ARTIGO EM PERIÓDICO,1,BIBLIOGRAFICA - ARTIGO EM PERIÓDICO,,,,,,,,,,,0
32001010004P6,CIĘNCIAS DA COMPUTAÇĂO,UFMG,UNIVERSIDADE FEDERAL DE MINAS GERAIS,2018,24572132,7552145,AUTONOMOUS WIRELESS LAKE MONITORING,2,BIBLIOGRÁFICA,25,ARTIGO EM PERIÓDICO,1,BIBLIOGRAFICA - ARTIGO EM PERIÓDICO,,,,,,,,,,,0
32001010004P6,CIĘNCIAS DA COMPUTAÇĂO,UFMG,UNIVERSIDADE FEDERAL DE MINAS GERAIS,2018,24572393,7531910,ULOOF: A USER LEVEL ONLINE OFFLOADING FRAMEWORK FOR MOBILE EDGE COMPUTING,2,BIBLIOGRÁFICA,25,ARTIGO EM PERIÓDICO,1,BIBLIOGRAFICA - ARTIGO EM PERIÓDICO,,,,,,,,,,,0
32001010004P6,CIĘNCIAS DA COMPUTAÇĂO,UFMG,UNIVERSIDADE FEDERAL DE MINAS GERAIS,2018,24572185,7530172,DYNAMIC REGION VISIT ROUTING PROBLEM FOR VEHICLES WITH MINIMUM TURNING RADIUS,2,BIBLIOGRÁFICA,25,ARTIGO EM PERIÓDICO,1,BIBLIOGRAFICA - ARTIGO EM PERIÓDICO,,,,,,,,,,,0
32001010004P6,CIĘNCIAS DA COMPUTAÇĂO,UFMG,UNIVERSIDADE FEDERAL DE MINAS GERAIS,2018,24572081,7132907,A PRAGMATIC APPROACH TO HIERARCHICAL CATEGORIZATION OF RESEARCH EXPERTISE IN THE PRESENCE OF SCARCE INFORMATION,2,BIBLIOGRÁFICA,25,ARTIGO EM PERIÓDICO,1,BIBLIOGRAFICA - ARTIGO EM PERIÓDICO,,,,,,,,,,,0
32001010004P6,CIĘNCIAS DA COMPUTAÇĂO,UFMG,UNIVERSIDADE FEDERAL DE MINAS GERAIS,2018,24572385,6503242,THEMERISE: A THEME-ORIENTED FRAMEWORK FOR VOLUNTEERED GEOGRAPHIC INFORMATION APPLICATIONS,2,BIBLIOGRÁFICA,25,ARTIGO EM PERIÓDICO,1,BIBLIOGRAFICA - ARTIGO EM PERIÓDICO,,,,,,,,,,,0
32001010004P6,CIĘNCIAS DA COMPUTAÇĂO,UFMG,UNIVERSIDADE FEDERAL DE MINAS GERAIS,2018,24572281,7529146,MANIOT: A 2-TIER MANAGEMENT PLATFORM FOR HETEROGENEOUS IOT DEVICES AND APPLICATIONS,2,BIBLIOGRÁFICA,25,ARTIGO EM PERIÓDICO,1,BIBLIOGRAFICA - ARTIGO EM PERIÓDICO,,,,,,,,,,,0
32001010004P6,CIĘNCIAS DA COMPUTAÇĂO,UFMG,UNIVERSIDADE FEDERAL DE MINAS GERAIS,2018,24572331,7530754,POTENTIAL FOR DISCRIMINATION IN ONLINE TARGETED ADVERTISING,2,BIBLIOGRÁFICA,25,ARTIGO EM PERIÓDICO,1,BIBLIOGRAFICA - ARTIGO EM PERIÓDICO,,,,,,,,,,,0
32001010004P6,CIĘNCIAS DA COMPUTAÇĂO,UFMG,UNIVERSIDADE FEDERAL DE MINAS GERAIS,2018,24572079,7528190,A NOVEL SELF-ADAPTIVE CONTENT DELIVERY PROTOCOL FOR VEHICULAR NETWORKS,2,BIBLIOGRÁFICA,25,ARTIGO EM PERIÓDICO,1,BIBLIOGRAFICA - ARTIGO EM PERIÓDICO,,,,,,,,,,,0
32001010004P6,CIĘNCIAS DA COMPUTAÇĂO,UFMG,UNIVERSIDADE FEDERAL DE MINAS GERAIS,2018,24572153,7531346,COMPACT AND EXTENDED FORMULATIONS FOR THE VIRTUAL NETWORK EMBEDDING PROBLEM,2,BIBLIOGRÁFICA,25,ARTIGO EM PERIÓDICO,1,BIBLIOGRAFICA - ARTIGO EM PERIÓDICO,,,,,,,,,,,0
32001010004P6,CIĘNCIAS DA COMPUTAÇĂO,UFMG,UNIVERSIDADE FEDERAL DE MINAS GERAIS,2018,24572131,7531106,AUTOMATIC PARALLELIZATION OF RECURSIVE FUNCTIONS WITH REWRITING RULES,2,BIBLIOGRÁFICA,25,ARTIGO EM PERIÓDICO,1,BIBLIOGRAFICA - ARTIGO EM PERIÓDICO,,,,,,,,,,,0
32001010004P6,CIĘNCIAS DA COMPUTAÇĂO,UFMG,UNIVERSIDADE FEDERAL DE MINAS GERAIS,2018,24572241,7531868,HE-MAN: HIERARCHICAL MANAGEMENT FOR VEHICULAR DELAY-TOLERANT NETWORKS,2,BIBLIOGRÁFICA,25,ARTIGO EM PERIÓDICO,1,BIBLIOGRAFICA - ARTIGO EM PERIÓDICO,,,,,,,,,,,0
32001010004P6,CIĘNCIAS DA COMPUTAÇĂO,UFMG,UNIVERSIDADE FEDERAL DE MINAS GERAIS,2018,24572226,7554699,FORMULATIONS AND ALGORITHMS FOR THE PICKUP AND DELIVERY TRAVELING SALESMAN PROBLEM WITH MULTIPLE STACKS,2,BIBLIOGRÁFICA,25,ARTIGO EM PERIÓDICO,1,BIBLIOGRAFICA - ARTIGO EM PERIÓDICO,,,,,,,,,,,0
32001010004P6,CIĘNCIAS DA COMPUTAÇĂO,UFMG,UNIVERSIDADE FEDERAL DE MINAS GERAIS,2018,24572249,7132246,HYBRID DEEP LEARNING APPROACH FOR FINANCIAL TIME SERIES CLASSIFICATION,2,BIBLIOGRÁFICA,25,ARTIGO EM PERIÓDICO,1,BIBLIOGRAFICA - ARTIGO EM PERIÓDICO,,,,,,,,,,,0
32001010004P6,CIĘNCIAS DA COMPUTAÇĂO,UFMG,UNIVERSIDADE FEDERAL DE MINAS GERAIS,2018,24572280,7531368,MANAGING VIRTUAL NETWORK EMBEDDING THROUGH RECONFIGURATION AND EXPANSION,2,BIBLIOGRÁFICA,25,ARTIGO EM PERIÓDICO,1,BIBLIOGRAFICA - ARTIGO EM PERIÓDICO,,,,,,,,,,,0
32001010004P6,CIĘNCIAS DA COMPUTAÇĂO,UFMG,UNIVERSIDADE FEDERAL DE MINAS GERAIS,2018,24572248,7555024,HUMANE SMART CITIES: THE NEED FOR GOVERNANCE,2,BIBLIOGRÁFICA,25,ARTIGO EM PERIÓDICO,1,BIBLIOGRAFICA - ARTIGO EM PERIÓDICO,,,,,,,,,,,0
32001010004P6,CIĘNCIAS DA COMPUTAÇĂO,UFMG,UNIVERSIDADE FEDERAL DE MINAS GERAIS,2018,24572383,7132440,THE PURE COLD-START PROBLEM: A DEEP STUDY ABOUT HOW TO CONQUER FIRST-TIME USERS IN RECOMMENDATIONS DOMAINS,2,BIBLIOGRÁFICA,25,ARTIGO EM PERIÓDICO,1,BIBLIOGRAFICA - ARTIGO EM PERIÓDICO,,,,,,,,,,,0
32001010004P6,CIĘNCIAS DA COMPUTAÇĂO,UFMG,UNIVERSIDADE FEDERAL DE MINAS GERAIS,2018,24572399,7554523,UNDERSTANDING HOW GITHUB SUPPORTS CURATION REPOSITORIES,2,BIBLIOGRÁFICA,25,ARTIGO EM PERIÓDICO,1,BIBLIOGRAFICA - ARTIGO EM PERIÓDICO,,,,,,,,,,,0
32001010004P6,CIĘNCIAS DA COMPUTAÇĂO,UFMG,UNIVERSIDADE FEDERAL DE MINAS GERAIS,2018,24572282,7552716,MATRIX: MULTIHOP ADDRESS ALLOCATION AND DYNAMIC ANY-TO-ANY ROUTING FOR 6LOWPAN,2,BIBLIOGRÁFICA,25,ARTIGO EM PERIÓDICO,1,BIBLIOGRAFICA - ARTIGO EM PERIÓDICO,,,,,,,,,,,0
32001010004P6,CIĘNCIAS DA COMPUTAÇĂO,UFMG,UNIVERSIDADE FEDERAL DE MINAS GERAIS,2018,24572278,7528335,LOCALIZATION PREDICTION IN VEHICULAR AD HOC NETWORKS,2,BIBLIOGRÁFICA,25,ARTIGO EM PERIÓDICO,1,BIBLIOGRAFICA - ARTIGO EM PERIÓDICO,,,,,,,,,,,0
32001010004P6,CIĘNCIAS DA COMPUTAÇĂO,UFMG,UNIVERSIDADE FEDERAL DE MINAS GERAIS,2018,24572279,7552330,MAKING A LONG STORY SHORT: A MULTI-IMPORTANCE FAST-FORWARDING EGOCENTRIC VIDEOS WITH THE EMPHASIS ON RELEVANT OBJECTS,2,BIBLIOGRÁFICA,25,ARTIGO EM PERIÓDICO,1,BIBLIOGRAFICA - ARTIGO EM PERIÓDICO,,,,,,,,,,,0
32001010004P6,CIĘNCIAS DA COMPUTAÇĂO,UFMG,UNIVERSIDADE FEDERAL DE MINAS GERAIS,2018,24572377,7532408,THE COMPUTER FOR THE 21ST CENTURY: PRESENT SECURITY & PRIVACY CHALLENGES,2,BIBLIOGRÁFICA,25,ARTIGO EM PERIÓDICO,1,BIBLIOGRAFICA - ARTIGO EM PERIÓDICO,,,,,,,,,,,0
32001010004P6,CIĘNCIAS DA COMPUTAÇĂO,UFMG,UNIVERSIDADE FEDERAL DE MINAS GERAIS,2018,24572410,7552687,WEBSITE REPLICA DETECTION WITH DISTANT SUPERVISION,2,BIBLIOGRÁFICA,25,ARTIGO EM PERIÓDICO,1,BIBLIOGRAFICA - ARTIGO EM PERIÓDICO,,,,,,,,,,,0
32001010004P6,CIĘNCIAS DA COMPUTAÇĂO,UFMG,UNIVERSIDADE FEDERAL DE MINAS GERAIS,2018,24572136,7555030,"BUILDING THE NATIONAL DATABASE OF HEALTH CENTRED ON THE INDIVIDUAL: ADMINISTRATIVE AND EPIDEMIOLOGICAL RECORD LINKAGE - BRAZIL, 2000-2015",2,BIBLIOGRÁFICA,25,ARTIGO EM PERIÓDICO,1,BIBLIOGRAFICA - ARTIGO EM PERIÓDICO,,,,,,,,,,,0
32001010004P6,CIĘNCIAS DA COMPUTAÇĂO,UFMG,UNIVERSIDADE FEDERAL DE MINAS GERAIS,2018,24572269,7554306,IS IT POSSIBLE TO DESCRIBE TELEVISION SERIES FROM ONLINE COMMENTS?,2,BIBLIOGRÁFICA,25,ARTIGO EM PERIÓDICO,1,BIBLIOGRAFICA - ARTIGO EM PERIÓDICO,,,,,,,,,,,0
32001010004P6,CIĘNCIAS DA COMPUTAÇĂO,UFMG,UNIVERSIDADE FEDERAL DE MINAS GERAIS,2018,24572325,7550365,PERFORMANCE OF GREEDY FORWARDING IN GEOGRAPHIC ROUTING FOR THE INTERNET OF DRONES,2,BIBLIOGRÁFICA,25,ARTIGO EM PERIÓDICO,1,BIBLIOGRAFICA - ARTIGO EM PERIÓDICO,,,,,,,,,,,0
32001010004P6,CIĘNCIAS DA COMPUTAÇĂO,UFMG,UNIVERSIDADE FEDERAL DE MINAS GERAIS,2018,24572382,7550357,THE INTERNET OF LIGHT: IMPACT OF COLORS IN LED-TO-LED VISIBLE LIGHT COMMUNICATION SYSTEMS,2,BIBLIOGRÁFICA,25,ARTIGO EM PERIÓDICO,1,BIBLIOGRAFICA - ARTIGO EM PERIÓDICO,,,,,,,,,,,0
32001010004P6,CIĘNCIAS DA COMPUTAÇĂO,UFMG,UNIVERSIDADE FEDERAL DE MINAS GERAIS,2018,24572083,7530242,A SURVEY ON ROUTING PROBLEMS AND ROBOTIC SYSTEMS,2,BIBLIOGRÁFICA,25,ARTIGO EM PERIÓDICO,1,BIBLIOGRAFICA - ARTIGO EM PERIÓDICO,,,,,,,,,,,0
32001010004P6,CIĘNCIAS DA COMPUTAÇĂO,UFMG,UNIVERSIDADE FEDERAL DE MINAS GERAIS,2018,24572091,7608650,A 3D MODELING METHODOLOGY BASED ON A CONCAVITY-AWARE GEOMETRIC TEST TO CREATE 3D TEXTURED COARSE MODELS FROM CONCEPT ART AND ORTHOGRAPHIC PROJECTIONS,2,BIBLIOGRÁFICA,25,ARTIGO EM PERIÓDICO,1,BIBLIOGRAFICA - ARTIGO EM PERIÓDICO,,,,,,,,,,,0
32001010004P6,CIĘNCIAS DA COMPUTAÇĂO,UFMG,UNIVERSIDADE FEDERAL DE MINAS GERAIS,2018,24572350,7555069,SCALABLE AND EFFICIENT DATA ANALYTICS AND MINING WITH LEMONADE,2,BIBLIOGRÁFICA,25,ARTIGO EM PERIÓDICO,1,BIBLIOGRAFICA - ARTIGO EM PERIÓDICO,,,,,,,,,,,0
32001010004P6,CIĘNCIAS DA COMPUTAÇĂO,UFMG,UNIVERSIDADE FEDERAL DE MINAS GERAIS,2018,24572251,7554748,HYPOTHESIZED DIPROTOMERIC ENZYME COMPLEX SUPPORTED BY STOCHASTIC MODELLING OF PALYTOXIN-INDUCED NA/K PUMP CHANNELS,2,BIBLIOGRÁFICA,25,ARTIGO EM PERIÓDICO,1,BIBLIOGRAFICA - ARTIGO EM PERIÓDICO,,,,,,,,,,,0
32001010004P6,CIĘNCIAS DA COMPUTAÇĂO,UFMG,UNIVERSIDADE FEDERAL DE MINAS GERAIS,2018,24572139,6503257,CHALLENGES IN CROWDSOURCING TO ENHANCE OR REPLACE OFFICIAL SOURCES,2,BIBLIOGRÁFICA,25,ARTIGO EM PERIÓDICO,1,BIBLIOGRAFICA - ARTIGO EM PERIÓDICO,,,,,,,,,,,0
32001010004P6,CIĘNCIAS DA COMPUTAÇĂO,UFMG,UNIVERSIDADE FEDERAL DE MINAS GERAIS,2018,24572270,7555020,JANUS: DIAGNOSTICS AND RECONFIGURATION OF DATA PARALLEL PROGRAMS,2,BIBLIOGRÁFICA,25,ARTIGO EM PERIÓDICO,1,BIBLIOGRAFICA - ARTIGO EM PERIÓDICO,,,,,,,,,,,0
32001010004P6,CIĘNCIAS DA COMPUTAÇĂO,UFMG,UNIVERSIDADE FEDERAL DE MINAS GERAIS,2018,24572342,7531377,QUANTUM CORRECTIONS TO CONDUCTIVITY IN GRAPHENE WITH VACANCIES,2,BIBLIOGRÁFICA,25,ARTIGO EM PERIÓDICO,1,BIBLIOGRAFICA - ARTIGO EM PERIÓDICO,,,,,,,,,,,0
32001010004P6,CIĘNCIAS DA COMPUTAÇĂO,UFMG,UNIVERSIDADE FEDERAL DE MINAS GERAIS,2018,24572074,7551676,A GENETIC PROGRAMMING APPROACH FOR FEATURE SELECTION IN HIGHLY DIMENSIONAL SKEWED DATA NEUROCOMPUTING,2,BIBLIOGRÁFICA,25,ARTIGO EM PERIÓDICO,1,BIBLIOGRAFICA - ARTIGO EM PERIÓDICO,,,,,,,,,,,0
32001010004P6,CIĘNCIAS DA COMPUTAÇĂO,UFMG,UNIVERSIDADE FEDERAL DE MINAS GERAIS,2018,24572271,7550886,JMOVE: A NOVEL HEURISTIC AND TOOL TO DETECT MOVE METHOD REFACTORING OPPORTUNITIES,2,BIBLIOGRÁFICA,25,ARTIGO EM PERIÓDICO,1,BIBLIOGRAFICA - ARTIGO EM PERIÓDICO,,,,,,,,,,,0
32001010004P6,CIĘNCIAS DA COMPUTAÇĂO,UFMG,UNIVERSIDADE FEDERAL DE MINAS GERAIS,2018,24572150,7554270,COMBINING SPATIAL AND SOCIAL AWARENESS IN D2D OPPORTUNISTIC ROUTING,2,BIBLIOGRÁFICA,25,ARTIGO EM PERIÓDICO,1,BIBLIOGRAFICA - ARTIGO EM PERIÓDICO,,,,,,,,,,,0
32001010004P6,CIĘNCIAS DA COMPUTAÇĂO,UFMG,UNIVERSIDADE FEDERAL DE MINAS GERAIS,2018,24572151,7528344,COMBINING TAXI AND SOCIAL MEDIA DATA TO EXPLORE URBAN MOBILITY ISSUES,2,BIBLIOGRÁFICA,25,ARTIGO EM PERIÓDICO,1,BIBLIOGRAFICA - ARTIGO EM PERIÓDICO,,,,,,,,,,,0
32001010004P6,CIĘNCIAS DA COMPUTAÇĂO,UFMG,UNIVERSIDADE FEDERAL DE MINAS GERAIS,2018,24572346,7140340,REFORMULATIONS AND BRANCH-AND-PRICE ALGORITHM FOR THE MINIMUM COST HOP-AND-ROOT CONSTRAINED FOREST PROBLEM,2,BIBLIOGRÁFICA,25,ARTIGO EM PERIÓDICO,1,BIBLIOGRAFICA - ARTIGO EM PERIÓDICO,,,,,,,,,,,0
32001010004P6,CIĘNCIAS DA COMPUTAÇĂO,UFMG,UNIVERSIDADE FEDERAL DE MINAS GERAIS,2018,24572322,7600292,"OPTIMIZATION OF BUS STOPS, NEW PICK-UP AND DROP-OFF LOCATIONS FOR PUBLIC TRANSPORTATION",2,BIBLIOGRÁFICA,25,ARTIGO EM PERIÓDICO,1,BIBLIOGRAFICA - ARTIGO EM PERIÓDICO,,,,,,,,,,,0
32001010004P6,CIĘNCIAS DA COMPUTAÇĂO,UFMG,UNIVERSIDADE FEDERAL DE MINAS GERAIS,2018,24572076,7531247,A NEW PERSPECTIVE ON THE AVERAGE MIXING MATRIX,2,BIBLIOGRÁFICA,25,ARTIGO EM PERIÓDICO,1,BIBLIOGRAFICA - ARTIGO EM PERIÓDICO,,,,,,,,,,,0
32001010004P6,CIĘNCIAS DA COMPUTAÇĂO,UFMG,UNIVERSIDADE FEDERAL DE MINAS GERAIS,2018,24572167,7554624,COWORDS: A PROBABILISTIC MODEL FOR MULTIPLE WORD CLOUDS,2,BIBLIOGRÁFICA,25,ARTIGO EM PERIÓDICO,1,BIBLIOGRAFICA - ARTIGO EM PERIÓDICO,,,,,,,,,,,0
32001010004P6,CIĘNCIAS DA COMPUTAÇĂO,UFMG,UNIVERSIDADE FEDERAL DE MINAS GERAIS,2018,24572247,7550734,HOW DO DEVELOPERS REACT TO API EVOLUTION? A LARGE-SCALE EMPIRICAL STUDY,2,BIBLIOGRÁFICA,25,ARTIGO EM PERIÓDICO,1,BIBLIOGRAFICA - ARTIGO EM PERIÓDICO,,,,,,,,,,,0
32001010004P6,CIĘNCIAS DA COMPUTAÇĂO,UFMG,UNIVERSIDADE FEDERAL DE MINAS GERAIS,2018,24572094,7552213,ADVANCES IN MOBILE NETWORKING FOR IOT LEADING THE 4TH INDUSTRIAL REVOLUTION,2,BIBLIOGRÁFICA,25,ARTIGO EM PERIÓDICO,1,BIBLIOGRAFICA - ARTIGO EM PERIÓDICO,,,,,,,,,,,0
32001010004P6,CIĘNCIAS DA COMPUTAÇĂO,UFMG,UNIVERSIDADE FEDERAL DE MINAS GERAIS,2018,24572155,7532420,COMPUTATIONAL B-CELL EPITOPE IDENTIFICATION AND PRODUCTION OF NEUTRALIZING MURINE ANTIBODIES AGAINST ATROXLYSIN-I,2,BIBLIOGRÁFICA,25,ARTIGO EM PERIÓDICO,1,BIBLIOGRAFICA - ARTIGO EM PERIÓDICO,,,,,,,,,,,0
32001010004P6,CIĘNCIAS DA COMPUTAÇĂO,UFMG,UNIVERSIDADE FEDERAL DE MINAS GERAIS,2018,24572170,7157374,CYBER-HUMAN SYSTEMS OF THOUGHT AND UNDERSTANDING,2,BIBLIOGRÁFICA,25,ARTIGO EM PERIÓDICO,1,BIBLIOGRAFICA - ARTIGO EM PERIÓDICO,,,,,,,,,,,0
32001010004P6,CIĘNCIAS DA COMPUTAÇĂO,UFMG,UNIVERSIDADE FEDERAL DE MINAS GERAIS,2018,24572263,7552355,INFORMATION-DRIVEN RAPIDLY-EXPLORING RANDOM TREE FOR EFFICIENT ENVIRONMENT EXPLORATION,2,BIBLIOGRÁFICA,25,ARTIGO EM PERIÓDICO,1,BIBLIOGRAFICA - ARTIGO EM PERIÓDICO,,,,,,,,,,,0
32001010004P6,CIĘNCIAS DA COMPUTAÇĂO,UFMG,UNIVERSIDADE FEDERAL DE MINAS GERAIS,2018,24572366,7531185,STATIC PREDICTION OF SILENT STORES,2,BIBLIOGRÁFICA,25,ARTIGO EM PERIÓDICO,1,BIBLIOGRAFICA - ARTIGO EM PERIÓDICO,,,,,,,,,,,0
32001010004P6,CIĘNCIAS DA COMPUTAÇĂO,UFMG,UNIVERSIDADE FEDERAL DE MINAS GERAIS,2018,24572250,7552179,HYBRID MULTICRITERIA ALGORITHMS APPLIED TO STRUCTURAL DESIGN OF WIRELESS LOCAL AREA NETWORKS,2,BIBLIOGRÁFICA,25,ARTIGO EM PERIÓDICO,1,BIBLIOGRAFICA - ARTIGO EM PERIÓDICO,,,,,,,,,,,0
32001010004P6,CIĘNCIAS DA COMPUTAÇĂO,UFMG,UNIVERSIDADE FEDERAL DE MINAS GERAIS,2018,24572391,7532202,TOWARDS UNDERSTANDING THE CONSUMPTION OF VIDEO-ADS ON YOUTUBE,2,BIBLIOGRÁFICA,25,ARTIGO EM PERIÓDICO,1,BIBLIOGRAFICA - ARTIGO EM PERIÓDICO,,,,,,,,,,,0
32001010004P6,CIĘNCIAS DA COMPUTAÇĂO,UFMG,UNIVERSIDADE FEDERAL DE MINAS GERAIS,2018,24572207,7551701,EXPLOITING EFFICIENT AND EFFECTIVE LAZY SEMI-BAYESIAN STRATEGIES FOR TEXT CLASSIFICATION,2,BIBLIOGRÁFICA,25,ARTIGO EM PERIÓDICO,1,BIBLIOGRAFICA - ARTIGO EM PERIÓDICO,,,,,,,,,,,0
32001010004P6,CIĘNCIAS DA COMPUTAÇĂO,UFMG,UNIVERSIDADE FEDERAL DE MINAS GERAIS,2018,24572379,7531163,THE DINAMICA EGO VIRTUAL MACHINE,2,BIBLIOGRÁFICA,25,ARTIGO EM PERIÓDICO,1,BIBLIOGRAFICA - ARTIGO EM PERIÓDICO,,,,,,,,,,,0
32001010004P6,CIĘNCIAS DA COMPUTAÇĂO,UFMG,UNIVERSIDADE FEDERAL DE MINAS GERAIS,2018,24572414,7552508,WHEN GOF DESIGN PATTERNS OCCUR WITH GOD CLASS AND LONG METHOD BAD SMELLS? - AN EMPIRICAL ANALYSIS,2,BIBLIOGRÁFICA,25,ARTIGO EM PERIÓDICO,1,BIBLIOGRAFICA - ARTIGO EM PERIÓDICO,,,,,,,,,,,0
32001010004P6,CIĘNCIAS DA COMPUTAÇĂO,UFMG,UNIVERSIDADE FEDERAL DE MINAS GERAIS,2018,24572413,7550892,WHAT?S IN A GITHUB STAR? UNDERSTANDING REPOSITORY STARRING PRACTICES IN A SOCIAL CODING PLATFORM,2,BIBLIOGRÁFICA,25,ARTIGO EM PERIÓDICO,1,BIBLIOGRAFICA - ARTIGO EM PERIÓDICO,,,,,,,,,,,0
32001010004P6,CIĘNCIAS DA COMPUTAÇĂO,UFMG,UNIVERSIDADE FEDERAL DE MINAS GERAIS,2018,24572412,6503424,WHAT ARE THE WORST CASES IN CONSTRAINED LAST-IN-FIRST-OUT PICK-UP AND DELIVERY PROBLEMS?,2,BIBLIOGRÁFICA,25,ARTIGO EM PERIÓDICO,1,BIBLIOGRAFICA - ARTIGO EM PERIÓDICO,,,,,,,,,,,0
32001010004P6,CIĘNCIAS DA COMPUTAÇĂO,UFMG,UNIVERSIDADE FEDERAL DE MINAS GERAIS,2018,24572203,7528653,EXACT SOLUTION APPROACHES FOR THE MULTI-PERIOD DEGREE CONSTRAINED MINIMUM SPANNING TREE PROBLEM,2,BIBLIOGRÁFICA,25,ARTIGO EM PERIÓDICO,1,BIBLIOGRAFICA - ARTIGO EM PERIÓDICO,,,,,,,,,,,0
32001010004P6,CIĘNCIAS DA COMPUTAÇĂO,UFMG,UNIVERSIDADE FEDERAL DE MINAS GERAIS,2018,24572161,7531225,CONTINUOUS-TIME QUANTUM WALKS IN GRAPHS,2,BIBLIOGRÁFICA,25,ARTIGO EM PERIÓDICO,1,BIBLIOGRAFICA - ARTIGO EM PERIÓDICO,,,,,,,,,,,0
32001010004P6,CIĘNCIAS DA COMPUTAÇĂO,UFMG,UNIVERSIDADE FEDERAL DE MINAS GERAIS,2018,24572205,7531833,EXPLOITING CONVNET DIVERSITY FOR FLOODING IDENTIFICATION,2,BIBLIOGRÁFICA,25,ARTIGO EM PERIÓDICO,1,BIBLIOGRAFICA - ARTIGO EM PERIÓDICO,,,,,,,,,,,0
32001010004P6,CIĘNCIAS DA COMPUTAÇĂO,UFMG,UNIVERSIDADE FEDERAL DE MINAS GERAIS,2018,24572260,7551714,IMPROVING RANDOM FORESTS BY NEIGHBORHOOD PROJECTION FOR EFFECTIVE TEXT CLASSIFICATION,2,BIBLIOGRÁFICA,25,ARTIGO EM PERIÓDICO,1,BIBLIOGRAFICA - ARTIGO EM PERIÓDICO,,,,,,,,,,,0
32001010004P6,CIĘNCIAS DA COMPUTAÇĂO,UFMG,UNIVERSIDADE FEDERAL DE MINAS GERAIS,2018,24572143,7530749,CHARACTERIZING USAGE OF EXPLICIT HATE EXPRESSIONS IN SOCIAL MEDIA,2,BIBLIOGRÁFICA,25,ARTIGO EM PERIÓDICO,1,BIBLIOGRAFICA - ARTIGO EM PERIÓDICO,,,,,,,,,,,0
32001010004P6,CIĘNCIAS DA COMPUTAÇĂO,UFMG,UNIVERSIDADE FEDERAL DE MINAS GERAIS,2018,24572204,7554616,EXPLICIT DIVERSIFICATION OF EVENT ASPECTS FOR TEMPORAL SUMMARIZATION,2,BIBLIOGRÁFICA,25,ARTIGO EM PERIÓDICO,1,BIBLIOGRAFICA - ARTIGO EM PERIÓDICO,,,,,,,,,,,0
32001010004P6,CIĘNCIAS DA COMPUTAÇĂO,UFMG,UNIVERSIDADE FEDERAL DE MINAS GERAIS,2018,24572357,7552333,SINGLE-SHOT UNDERWATER IMAGE RESTORATION: A VISUAL QUALITY-AWARE METHOD BASED ON LIGHT PROPAGATION MODEL,2,BIBLIOGRÁFICA,25,ARTIGO EM PERIÓDICO,1,BIBLIOGRAFICA - ARTIGO EM PERIÓDICO,,,,,,,,,,,0
32001010004P6,CIĘNCIAS DA COMPUTAÇĂO,UFMG,UNIVERSIDADE FEDERAL DE MINAS GERAIS,2018,24572420,7530480,10SENT: A STABLE SENTIMENT ANALYSIS METHOD BASED ON THE COMBINATION OF OFF-THE-SHELF APPROACHES,2,BIBLIOGRÁFICA,25,ARTIGO EM PERIÓDICO,1,BIBLIOGRAFICA - ARTIGO EM PERIÓDICO,,,,,,,,,,,0
32001010004P6,CIĘNCIAS DA COMPUTAÇĂO,UFMG,UNIVERSIDADE FEDERAL DE MINAS GERAIS,2018,24572416,7554305,WHO IS REALLY IN MY SOCIAL CIRCLE?,2,BIBLIOGRÁFICA,25,ARTIGO EM PERIÓDICO,1,BIBLIOGRAFICA - ARTIGO EM PERIÓDICO,,,,,,,,,,,0
32001010004P6,CIĘNCIAS DA COMPUTAÇĂO,UFMG,UNIVERSIDADE FEDERAL DE MINAS GERAIS,2018,24572370,7157688,STRATEGIES FOR COMBINING TWITTER USERS GEO-LOCATION METHODS,2,BIBLIOGRÁFICA,25,ARTIGO EM PERIÓDICO,1,BIBLIOGRAFICA - ARTIGO EM PERIÓDICO,,,,,,,,,,,0
32001010004P6,CIĘNCIAS DA COMPUTAÇĂO,UFMG,UNIVERSIDADE FEDERAL DE MINAS GERAIS,2018,24572317,7530371,ON THE PROPOSAL AND EVALUATION OF A BENCHMARK-BASED THRESHOLD DERIVATION METHOD,2,BIBLIOGRÁFICA,25,ARTIGO EM PERIÓDICO,1,BIBLIOGRAFICA - ARTIGO EM PERIÓDICO,,,,,,,,,,,0
32001010004P6,CIĘNCIAS DA COMPUTAÇĂO,UFMG,UNIVERSIDADE FEDERAL DE MINAS GERAIS,2018,24572390,7531874,TOWARDS SCALABLE MOBILE CROWDSENSING THROUGH DEVICE-TO-DEVICE COMMUNICATION,2,BIBLIOGRÁFICA,25,ARTIGO EM PERIÓDICO,1,BIBLIOGRAFICA - ARTIGO EM PERIÓDICO,,,,,,,,,,,0
32001010004P6,CIĘNCIAS DA COMPUTAÇĂO,UFMG,UNIVERSIDADE FEDERAL DE MINAS GERAIS,2018,24572387,7552611,TIE STRENGTH METRICS TO RANK PAIRS OF DEVELOPERS FROM GITHUB,2,BIBLIOGRÁFICA,25,ARTIGO EM PERIÓDICO,1,BIBLIOGRAFICA - ARTIGO EM PERIÓDICO,,,,,,,,,,,0
32001010004P6,CIĘNCIAS DA COMPUTAÇĂO,UFMG,UNIVERSIDADE FEDERAL DE MINAS GERAIS,2018,24572305,7555036,NETCLASS: A NETWORK-BASED RELATIONAL MODEL FOR DOCUMENT CLASSIFICATION,2,BIBLIOGRÁFICA,25,ARTIGO EM PERIÓDICO,1,BIBLIOGRAFICA - ARTIGO EM PERIÓDICO,,,,,,,,,,,0
32001010004P6,CIĘNCIAS DA COMPUTAÇĂO,UFMG,UNIVERSIDADE FEDERAL DE MINAS GERAIS,2018,24572121,7550765,ANGULARJS PERFORMANCE: A SURVEY STUDY,2,BIBLIOGRÁFICA,25,ARTIGO EM PERIÓDICO,1,BIBLIOGRAFICA - ARTIGO EM PERIÓDICO,,,,,,,,,,,0
32001010004P6,CIĘNCIAS DA COMPUTAÇĂO,UFMG,UNIVERSIDADE FEDERAL DE MINAS GERAIS,2018,24572308,7553937,NMLSIM: A NANOMAGNETIC LOGIC (NML) CIRCUIT DESIGNER AND SIMULATION TOOL,2,BIBLIOGRÁFICA,25,ARTIGO EM PERIÓDICO,1,BIBLIOGRAFICA - ARTIGO EM PERIÓDICO,,,,,,,,,,,0
32001010004P6,CIĘNCIAS DA COMPUTAÇĂO,UFMG,UNIVERSIDADE FEDERAL DE MINAS GERAIS,2018,24572097,7132303,ALGORITMOS GRASP E VNS PARA O PROBLEMA DE AGENDAMENTO DE CIRURGIAS ELETIVAS EM HOSPITAIS DE GRANDE PORTE,2,BIBLIOGRÁFICA,25,ARTIGO EM PERIÓDICO,1,BIBLIOGRAFICA - ARTIGO EM PERIÓDICO,,,,,,,,,,,0
32001010004P6,CIĘNCIAS DA COMPUTAÇĂO,UFMG,UNIVERSIDADE FEDERAL DE MINAS GERAIS,2018,24572075,7552531,A MODEL FOR ESTIMATING CHANGE PROPAGATION IN SOFTWARE,2,BIBLIOGRÁFICA,25,ARTIGO EM PERIÓDICO,1,BIBLIOGRAFICA - ARTIGO EM PERIÓDICO,,,,,,,,,,,0
32001010004P6,CIĘNCIAS DA COMPUTAÇĂO,UFMG,UNIVERSIDADE FEDERAL DE MINAS GERAIS,2018,24572135,7551678,BLOSS: EFFECTIVE META-BLOCKING WITH ALMOST NO EFFORT,2,BIBLIOGRÁFICA,25,ARTIGO EM PERIÓDICO,1,BIBLIOGRAFICA - ARTIGO EM PERIÓDICO,,,,,,,,,,,0
32001010004P6,CIĘNCIAS DA COMPUTAÇĂO,UFMG,UNIVERSIDADE FEDERAL DE MINAS GERAIS,2018,24572088,7551658,A THOROUGH EVALUATION OF DISTANCE-BASED META-FEATURES FOR AUTOMATED TEXT CLASSIFICATION,2,BIBLIOGRÁFICA,25,ARTIGO EM PERIÓDICO,1,BIBLIOGRAFICA - ARTIGO EM PERIÓDICO,,,,,,,,,,,0
32001010004P6,CIĘNCIAS DA COMPUTAÇĂO,UFMG,UNIVERSIDADE FEDERAL DE MINAS GERAIS,2018,24572087,7530363,A SYSTEMATIC MAPPING STUDY ON GAME-RELATED METHODS FOR SOFTWARE ENGINEERING EDUCATION,2,BIBLIOGRÁFICA,25,ARTIGO EM PERIÓDICO,1,BIBLIOGRAFICA - ARTIGO EM PERIÓDICO,,,,,,,,,,,0
32001010004P6,CIĘNCIAS DA COMPUTAÇĂO,UFMG,UNIVERSIDADE FEDERAL DE MINAS GERAIS,2018,24572314,7531816,ON THE ENSEMBLE OF MULTISCALE OBJECT-BASED CLASSIFIERS FOR AERIAL IMAGES: A COMPARATIVE STUDY,2,BIBLIOGRÁFICA,25,ARTIGO EM PERIÓDICO,1,BIBLIOGRAFICA - ARTIGO EM PERIÓDICO,,,,,,,,,,,0
32001010004P6,CIĘNCIAS DA COMPUTAÇĂO,UFMG,UNIVERSIDADE FEDERAL DE MINAS GERAIS,2018,24572298,7530143,MULTI-AGENT RAPIDLY-EXPLORING PSEUDO-RANDOM TREE,2,BIBLIOGRÁFICA,25,ARTIGO EM PERIÓDICO,1,BIBLIOGRAFICA - ARTIGO EM PERIÓDICO,,,,,,,,,,,0
32001010004P6,CIĘNCIAS DA COMPUTAÇĂO,UFMG,UNIVERSIDADE FEDERAL DE MINAS GERAIS,2019,25695181,8094804,KERNEL CROSS-VIEW COLLABORATIVE REPRESENTATION BASED CLASSIFICATION FOR PERSON RE-IDENTIFICATION,2,BIBLIOGRÁFICA,25,ARTIGO EM PERIÓDICO,1,BIBLIOGRAFICA - ARTIGO EM PERIÓDICO,,,,,,,,,,,0
32001010004P6,CIĘNCIAS DA COMPUTAÇĂO,UFMG,UNIVERSIDADE FEDERAL DE MINAS GERAIS,2019,25695032,7952359,A DATA-CENTRIC APPROACH FOR SOCIAL AND SPATIOTEMPORAL SENSING IN SMART CITIES,2,BIBLIOGRÁFICA,25,ARTIGO EM PERIÓDICO,1,BIBLIOGRAFICA - ARTIGO EM PERIÓDICO,,,,,,,,,,,0
32001010004P6,CIĘNCIAS DA COMPUTAÇĂO,UFMG,UNIVERSIDADE FEDERAL DE MINAS GERAIS,2019,25695102,7952371,CROWD MANAGEMENT: A NEW CHALLENGE FOR URBAN BIG DATA ANALYTICS,2,BIBLIOGRÁFICA,25,ARTIGO EM PERIÓDICO,1,BIBLIOGRAFICA - ARTIGO EM PERIÓDICO,,,,,,,,,,,0
32001010004P6,CIĘNCIAS DA COMPUTAÇĂO,UFMG,UNIVERSIDADE FEDERAL DE MINAS GERAIS,2019,25695293,8054209,THE INTERNET OF LIGHT: IMPACT OF COLORS IN LED-TO-LED VISIBLE LIGHT COMMUNICATION SYSTEMS,2,BIBLIOGRÁFICA,25,ARTIGO EM PERIÓDICO,1,BIBLIOGRAFICA - ARTIGO EM PERIÓDICO,,,,,,,,,,,0
32001010004P6,CIĘNCIAS DA COMPUTAÇĂO,UFMG,UNIVERSIDADE FEDERAL DE MINAS GERAIS,2019,25695222,8080448,NAPOLI: A GRAPH-BASED STRATEGY TO DETECT AND VISUALIZE CONSERVED PROTEIN-LIGAND INTERACTIONS IN LARGE-SCALE,2,BIBLIOGRÁFICA,25,ARTIGO EM PERIÓDICO,1,BIBLIOGRAFICA - ARTIGO EM PERIÓDICO,,,,,,,,,,,0
32001010004P6,CIĘNCIAS DA COMPUTAÇĂO,UFMG,UNIVERSIDADE FEDERAL DE MINAS GERAIS,2019,25695254,8077366,P-SCORE: A REPUTATION BIBLIOGRAPHIC INDEX THAT COMPLEMENTS CITATION COUNTS,2,BIBLIOGRÁFICA,25,ARTIGO EM PERIÓDICO,1,BIBLIOGRAFICA - ARTIGO EM PERIÓDICO,,,,,,,,,,,0
32001010004P6,CIĘNCIAS DA COMPUTAÇĂO,UFMG,UNIVERSIDADE FEDERAL DE MINAS GERAIS,2019,25695123,8094893,DYNAMIC MULTICONTEXT SEGMENTATION OF REMOTE SENSING IMAGES BASED ON CONVOLUTIONAL NETWORKS,2,BIBLIOGRÁFICA,25,ARTIGO EM PERIÓDICO,1,BIBLIOGRAFICA - ARTIGO EM PERIÓDICO,,,,,,,,,,,0
32001010004P6,CIĘNCIAS DA COMPUTAÇĂO,UFMG,UNIVERSIDADE FEDERAL DE MINAS GERAIS,2019,25695084,8053931,CELLULAR AUTOMATA-BASED BYTE ERROR CORRECTION IN QCA,2,BIBLIOGRÁFICA,25,ARTIGO EM PERIÓDICO,1,BIBLIOGRAFICA - ARTIGO EM PERIÓDICO,,,,,,,,,,,0
32001010004P6,CIĘNCIAS DA COMPUTAÇĂO,UFMG,UNIVERSIDADE FEDERAL DE MINAS GERAIS,2019,25695035,8030692,A FOG-ENABLED SMART HOME SOLUTION FOR DECISION-MAKING USING SMART OBJECTS,2,BIBLIOGRÁFICA,25,ARTIGO EM PERIÓDICO,1,BIBLIOGRAFICA - ARTIGO EM PERIÓDICO,,,,,,,,,,,0
32001010004P6,CIĘNCIAS DA COMPUTAÇĂO,UFMG,UNIVERSIDADE FEDERAL DE MINAS GERAIS,2019,25695121,8037105,DOD-ETL: DISTRIBUTED ON-DEMAND ETL FOR NEAR REAL-TIME BUSINESS INTELLIGENCE,2,BIBLIOGRÁFICA,25,ARTIGO EM PERIÓDICO,1,BIBLIOGRAFICA - ARTIGO EM PERIÓDICO,,,,,,,,,,,0
32001010004P6,CIĘNCIAS DA COMPUTAÇĂO,UFMG,UNIVERSIDADE FEDERAL DE MINAS GERAIS,2019,25695317,7962191,UPGRADING A HIGH PERFORMANCE COMPUTING ENVIRONMENT FOR MASSIVE DATA PROCESSING,2,BIBLIOGRÁFICA,25,ARTIGO EM PERIÓDICO,1,BIBLIOGRAFICA - ARTIGO EM PERIÓDICO,,,,,,,,,,,0
32001010004P6,CIĘNCIAS DA COMPUTAÇĂO,UFMG,UNIVERSIDADE FEDERAL DE MINAS GERAIS,2019,25695074,8063600,BAG OF TEXTUAL GRAPHS (BOTG): A GENERAL GRAPH-BASED TEXT REPRESENTATION MODEL,2,BIBLIOGRÁFICA,25,ARTIGO EM PERIÓDICO,1,BIBLIOGRAFICA - ARTIGO EM PERIÓDICO,,,,,,,,,,,0
32001010004P6,CIĘNCIAS DA COMPUTAÇĂO,UFMG,UNIVERSIDADE FEDERAL DE MINAS GERAIS,2019,25695300,8065623,TOPOLOGY CONTROL IN UNDERWATER SENSOR NETWORKS USING CELLULAR AUTOMATA,2,BIBLIOGRÁFICA,25,ARTIGO EM PERIÓDICO,1,BIBLIOGRAFICA - ARTIGO EM PERIÓDICO,,,,,,,,,,,0
32001010004P6,CIĘNCIAS DA COMPUTAÇĂO,UFMG,UNIVERSIDADE FEDERAL DE MINAS GERAIS,2019,25695210,8035478,MODELING DYNAMIC IDEOLOGICAL BEHAVIOR IN POLITICAL NETWORKS,2,BIBLIOGRÁFICA,25,ARTIGO EM PERIÓDICO,1,BIBLIOGRAFICA - ARTIGO EM PERIÓDICO,,,,,,,,,,,0
32001010004P6,CIĘNCIAS DA COMPUTAÇĂO,UFMG,UNIVERSIDADE FEDERAL DE MINAS GERAIS,2019,25695331,8066011,3DVS: NODE SCHEDULING IN UNDERWATER SENSOR NETWORKS USING 3D VORONOI DIAGRAMS,2,BIBLIOGRÁFICA,25,ARTIGO EM PERIÓDICO,1,BIBLIOGRAFICA - ARTIGO EM PERIÓDICO,,,,,,,,,,,0
32001010004P6,CIĘNCIAS DA COMPUTAÇĂO,UFMG,UNIVERSIDADE FEDERAL DE MINAS GERAIS,2019,25695175,7952479,INFORMATION-CENTRIC COGNITIVE RADIO NETWORKS FOR CONTENT DISTRIBUTION IN SMART CITIES,2,BIBLIOGRÁFICA,25,ARTIGO EM PERIÓDICO,1,BIBLIOGRAFICA - ARTIGO EM PERIÓDICO,,,,,,,,,,,0
32001010004P6,CIĘNCIAS DA COMPUTAÇĂO,UFMG,UNIVERSIDADE FEDERAL DE MINAS GERAIS,2019,25695283,8029414,SPATIO-TEMPORAL VEGETATION PIXEL CLASSIFICATION BY USING CONVOLUTIONAL NETWORKS,2,BIBLIOGRÁFICA,25,ARTIGO EM PERIÓDICO,1,BIBLIOGRAFICA - ARTIGO EM PERIÓDICO,,,,,,,,,,,0
32001010004P6,CIĘNCIAS DA COMPUTAÇĂO,UFMG,UNIVERSIDADE FEDERAL DE MINAS GERAIS,2019,25695160,8066652,GRAY-CODE ADDER WITH PARITY GENERATOR - A NOVEL QUANTUM-DOT CELLULAR AUTOMATA IMPLEMENTATION,2,BIBLIOGRÁFICA,25,ARTIGO EM PERIÓDICO,1,BIBLIOGRAFICA - ARTIGO EM PERIÓDICO,,,,,,,,,,,0
32001010004P6,CIĘNCIAS DA COMPUTAÇĂO,UFMG,UNIVERSIDADE FEDERAL DE MINAS GERAIS,2019,25695280,7969921,SOCIALLY AWARE ROBOT NAVIGATION SYSTEM IN HUMAN-POPULATED AND INTERACTIVE ENVIRONMENTS BASED ON AN ADAPTIVE SPATIAL DENSITY FUNCTION AND SPACE AFFORDANCES,2,BIBLIOGRÁFICA,25,ARTIGO EM PERIÓDICO,1,BIBLIOGRAFICA - ARTIGO EM PERIÓDICO,,,,,,,,,,,0
32001010004P6,CIĘNCIAS DA COMPUTAÇĂO,UFMG,UNIVERSIDADE FEDERAL DE MINAS GERAIS,2019,25695298,8072498,THE USEFULNESS OF SOFTWARE METRIC THRESHOLDS FOR DETECTION OF BAD SMELLS AND FAULT PREDICTION,2,BIBLIOGRÁFICA,25,ARTIGO EM PERIÓDICO,1,BIBLIOGRAFICA - ARTIGO EM PERIÓDICO,,,,,,,,,,,0
32001010004P6,CIĘNCIAS DA COMPUTAÇĂO,UFMG,UNIVERSIDADE FEDERAL DE MINAS GERAIS,2019,25695082,7961196,CASA-IOT: SCALABLE AND CONTEXT-AWARE IOT ACCESS CONTROL SUPPORTING MULTIPLE USERS,2,BIBLIOGRÁFICA,25,ARTIGO EM PERIÓDICO,1,BIBLIOGRAFICA - ARTIGO EM PERIÓDICO,,,,,,,,,,,0
32001010004P6,CIĘNCIAS DA COMPUTAÇĂO,UFMG,UNIVERSIDADE FEDERAL DE MINAS GERAIS,2019,25695141,8035586,EXPLOITING SYNTACTIC AND NEIGHBOURHOOD ATTRIBUTES TO ADDRESS COLD START IN TAG RECOMMENDATION,2,BIBLIOGRÁFICA,25,ARTIGO EM PERIÓDICO,1,BIBLIOGRAFICA - ARTIGO EM PERIÓDICO,,,,,,,,,,,0
32001010004P6,CIĘNCIAS DA COMPUTAÇĂO,UFMG,UNIVERSIDADE FEDERAL DE MINAS GERAIS,2019,25695150,8066958,FWB: FUNNELING WIDER BANDWIDTH ALGORITHM FOR HIGH PERFORMANCE DATA COLLECTION IN WIRELESS SENSOR NETWORKS,2,BIBLIOGRÁFICA,25,ARTIGO EM PERIÓDICO,1,BIBLIOGRAFICA - ARTIGO EM PERIÓDICO,,,,,,,,,,,0
32001010004P6,CIĘNCIAS DA COMPUTAÇĂO,UFMG,UNIVERSIDADE FEDERAL DE MINAS GERAIS,2019,25695255,7969538,PSO-BASED STRATEGY FOR THE SEGREGATION OF HETEROGENEOUS ROBOTIC SWARMS,2,BIBLIOGRÁFICA,25,ARTIGO EM PERIÓDICO,1,BIBLIOGRAFICA - ARTIGO EM PERIÓDICO,,,,,,,,,,,0
32001010004P6,CIĘNCIAS DA COMPUTAÇĂO,UFMG,UNIVERSIDADE FEDERAL DE MINAS GERAIS,2019,25695219,8002360,MULTI-OBJECTIVE PARAMETER AUTO-TUNING FOR TISSUE IMAGE SEGMENTATION WORKFLOWS,2,BIBLIOGRÁFICA,25,ARTIGO EM PERIÓDICO,1,BIBLIOGRAFICA - ARTIGO EM PERIÓDICO,,,,,,,,,,,0
32001010004P6,CIĘNCIAS DA COMPUTAÇĂO,UFMG,UNIVERSIDADE FEDERAL DE MINAS GERAIS,2019,25695321,8002052,USING MULTIPLE FICKETT BANDS TO ACCELERATE BIOLOGICAL SEQUENCE COMPARISONS,2,BIBLIOGRÁFICA,25,ARTIGO EM PERIÓDICO,1,BIBLIOGRAFICA - ARTIGO EM PERIÓDICO,,,,,,,,,,,0
32001010004P6,CIĘNCIAS DA COMPUTAÇĂO,UFMG,UNIVERSIDADE FEDERAL DE MINAS GERAIS,2019,25695108,8078699,DESIGNING PARTIALLY REVERSIBLE FIELD-COUPLED NANOCOMPUTING CIRCUITS,2,BIBLIOGRÁFICA,25,ARTIGO EM PERIÓDICO,1,BIBLIOGRAFICA - ARTIGO EM PERIÓDICO,,,,,,,,,,,0
32001010004P6,CIĘNCIAS DA COMPUTAÇĂO,UFMG,UNIVERSIDADE FEDERAL DE MINAS GERAIS,2019,25695100,8097213,CONVOLUTIONAL NEURAL NETWORKS FOR AUTOMATIC METER READING,2,BIBLIOGRÁFICA,25,ARTIGO EM PERIÓDICO,1,BIBLIOGRAFICA - ARTIGO EM PERIÓDICO,,,,,,,,,,,0
32001010004P6,CIĘNCIAS DA COMPUTAÇĂO,UFMG,UNIVERSIDADE FEDERAL DE MINAS GERAIS,2019,25695233,8090437,ON THE UTILIZATION OF DEEP AND ENSEMBLE LEARNING TO DETECT MILK ADULTERATION,2,BIBLIOGRÁFICA,25,ARTIGO EM PERIÓDICO,1,BIBLIOGRAFICA - ARTIGO EM PERIÓDICO,,,,,,,,,,,0
32001010004P6,CIĘNCIAS DA COMPUTAÇĂO,UFMG,UNIVERSIDADE FEDERAL DE MINAS GERAIS,2019,25695323,8054316,"VISIBLE LIGHT COMMUNICATION: CONCEPTS, APPLICATIONS AND CHALLENGES",2,BIBLIOGRÁFICA,25,ARTIGO EM PERIÓDICO,1,BIBLIOGRAFICA - ARTIGO EM PERIÓDICO,,,,,,,,,,,0
32001010004P6,CIĘNCIAS DA COMPUTAÇĂO,UFMG,UNIVERSIDADE FEDERAL DE MINAS GERAIS,2019,25695330,8064352,10SENT: A STABLE SENTIMENT ANALYSIS METHOD BASED ON THE COMBINATION OF OFF-THE-SHELF APPROACHES,2,BIBLIOGRÁFICA,25,ARTIGO EM PERIÓDICO,1,BIBLIOGRAFICA - ARTIGO EM PERIÓDICO,,,,,,,,,,,0
32001010004P6,CIĘNCIAS DA COMPUTAÇĂO,UFMG,UNIVERSIDADE FEDERAL DE MINAS GERAIS,2019,25695115,7996480,DISCRETIZATION OF CONTINUOUS-TIME QUANTUM WALKS VIA THE STAGGERED MODEL WITH HAMILTONIANS,2,BIBLIOGRÁFICA,25,ARTIGO EM PERIÓDICO,1,BIBLIOGRAFICA - ARTIGO EM PERIÓDICO,,,,,,,,,,,0
32001010004P6,CIĘNCIAS DA COMPUTAÇĂO,UFMG,UNIVERSIDADE FEDERAL DE MINAS GERAIS,2019,25695028,7938864,A COMPARATIVE STUDY OF MACHINE TRANSLATION FOR MULTILINGUAL SENTENCE-LEVEL SENTIMENT ANALYSIS,2,BIBLIOGRÁFICA,25,ARTIGO EM PERIÓDICO,1,BIBLIOGRAFICA - ARTIGO EM PERIÓDICO,,,,,,,,,,,0
32001010004P6,CIĘNCIAS DA COMPUTAÇĂO,UFMG,UNIVERSIDADE FEDERAL DE MINAS GERAIS,2019,25695125,8067192,DYRP-VLC: A DYNAMIC ROUTING PROTOCOL FOR WIRELESS AD-HOC VISIBLE LIGHT COMMUNICATION NETWORKS,2,BIBLIOGRÁFICA,25,ARTIGO EM PERIÓDICO,1,BIBLIOGRAFICA - ARTIGO EM PERIÓDICO,,,,,,,,,,,0
32001010004P6,CIĘNCIAS DA COMPUTAÇĂO,UFMG,UNIVERSIDADE FEDERAL DE MINAS GERAIS,2019,25695234,8091005,ONE-SIDED WEAK DOMINANCE DRAWING,2,BIBLIOGRÁFICA,25,ARTIGO EM PERIÓDICO,1,BIBLIOGRAFICA - ARTIGO EM PERIÓDICO,,,,,,,,,,,0
32001010004P6,CIĘNCIAS DA COMPUTAÇĂO,UFMG,UNIVERSIDADE FEDERAL DE MINAS GERAIS,2019,25695177,8066613,INTEGER LINEAR PROGRAMMING FORMULATIONS FOR THE VARIABLE DATA RATE AND VARIABLE CHANNEL BANDWIDTH SCHEDULING PROBLEM IN WIRELESS NETWORKS,2,BIBLIOGRÁFICA,25,ARTIGO EM PERIÓDICO,1,BIBLIOGRAFICA - ARTIGO EM PERIÓDICO,,,,,,,,,,,0
32001010004P6,CIĘNCIAS DA COMPUTAÇĂO,UFMG,UNIVERSIDADE FEDERAL DE MINAS GERAIS,2019,25695239,8063539,PARALLEL RULE-BASED SELECTIVE SAMPLING AND ON-DEMAND LEARNING TO RANK,2,BIBLIOGRÁFICA,25,ARTIGO EM PERIÓDICO,1,BIBLIOGRAFICA - ARTIGO EM PERIÓDICO,,,,,,,,,,,0
32001010004P6,CIĘNCIAS DA COMPUTAÇĂO,UFMG,UNIVERSIDADE FEDERAL DE MINAS GERAIS,2019,25695230,7996862,ON THE K-INDEPENDENCE NUMBER OF GRAPHS,2,BIBLIOGRÁFICA,25,ARTIGO EM PERIÓDICO,1,BIBLIOGRAFICA - ARTIGO EM PERIÓDICO,,,,,,,,,,,0
32001010004P6,CIĘNCIAS DA COMPUTAÇĂO,UFMG,UNIVERSIDADE FEDERAL DE MINAS GERAIS,2019,25695195,8094949,MAGNITUDE-ORIENTATION STREAM NETWORK AND DEPTH INFORMATION APPLIED TO ACTIVITY RECOGNITION,2,BIBLIOGRÁFICA,25,ARTIGO EM PERIÓDICO,1,BIBLIOGRAFICA - ARTIGO EM PERIÓDICO,,,,,,,,,,,0
32001010004P6,CIĘNCIAS DA COMPUTAÇĂO,UFMG,UNIVERSIDADE FEDERAL DE MINAS GERAIS,2019,25695127,7953114,EFFICIENT ALGORITHMS FOR HIERARCHICAL GRAPH-BASED SEGMENTATION RELYING ON THE FELZENSZWALB-HUTTENLOCHER DISSIMILARITY,2,BIBLIOGRÁFICA,25,ARTIGO EM PERIÓDICO,1,BIBLIOGRAFICA - ARTIGO EM PERIÓDICO,,,,,,,,,,,0
32001010004P6,CIĘNCIAS DA COMPUTAÇĂO,UFMG,UNIVERSIDADE FEDERAL DE MINAS GERAIS,2019,25695101,7970113,COOPERATIVE DIGITAL MAGNETIC-ELEVATION MAPS BY SMALL AUTONOMOUS AERIAL ROBOTS,2,BIBLIOGRÁFICA,25,ARTIGO EM PERIÓDICO,1,BIBLIOGRAFICA - ARTIGO EM PERIÓDICO,,,,,,,,,,,0
32001010004P6,CIĘNCIAS DA COMPUTAÇĂO,UFMG,UNIVERSIDADE FEDERAL DE MINAS GERAIS,2019,25695132,7952780,ENERGY-EFFICIENT SMART HOME SYSTEMS: INFRASTRUCTURE AND DECISION-MAKING PROCESS,2,BIBLIOGRÁFICA,25,ARTIGO EM PERIÓDICO,1,BIBLIOGRAFICA - ARTIGO EM PERIÓDICO,,,,,,,,,,,0
32001010004P6,CIĘNCIAS DA COMPUTAÇĂO,UFMG,UNIVERSIDADE FEDERAL DE MINAS GERAIS,2019,25695077,8093020,BIGSEA: A BIG DATA ANALYTICS PLATFORM FOR PUBLIC TRANSPORTATION INFORMATION,2,BIBLIOGRÁFICA,25,ARTIGO EM PERIÓDICO,1,BIBLIOGRAFICA - ARTIGO EM PERIÓDICO,,,,,,,,,,,0
32001010004P6,CIĘNCIAS DA COMPUTAÇĂO,UFMG,UNIVERSIDADE FEDERAL DE MINAS GERAIS,2019,25695103,8091132,CYBER PEACE AND CYBER STABILITY: TAKING THE NORM ROAD TO STABILITY,2,BIBLIOGRÁFICA,25,ARTIGO EM PERIÓDICO,1,BIBLIOGRAFICA - ARTIGO EM PERIÓDICO,,,,,,,,,,,0
32001010004P6,CIĘNCIAS DA COMPUTAÇĂO,UFMG,UNIVERSIDADE FEDERAL DE MINAS GERAIS,2019,25695199,8057650,MEASURING AND ANALYZING CODE AUTHORSHIP IN 1+118 OPEN SOURCE PROJECTS,2,BIBLIOGRÁFICA,25,ARTIGO EM PERIÓDICO,1,BIBLIOGRAFICA - ARTIGO EM PERIÓDICO,,,,,,,,,,,0
32001010004P6,CIĘNCIAS DA COMPUTAÇĂO,UFMG,UNIVERSIDADE FEDERAL DE MINAS GERAIS,2019,25695295,8012609,THE P-ARBORESCENCE STAR PROBLEM: FORMULATIONS AND EXACT SOLUTION APPROACHES,2,BIBLIOGRÁFICA,25,ARTIGO EM PERIÓDICO,1,BIBLIOGRAFICA - ARTIGO EM PERIÓDICO,,,,,,,,,,,0
32001010004P6,CIĘNCIAS DA COMPUTAÇĂO,UFMG,UNIVERSIDADE FEDERAL DE MINAS GERAIS,2019,25695033,8015158,A DETAILED CHARACTERIZATION OF COMPLEX NETWORKS USING INFORMATION THEORY,2,BIBLIOGRÁFICA,25,ARTIGO EM PERIÓDICO,1,BIBLIOGRAFICA - ARTIGO EM PERIÓDICO,,,,,,,,,,,0
32001010004P6,CIĘNCIAS DA COMPUTAÇĂO,UFMG,UNIVERSIDADE FEDERAL DE MINAS GERAIS,2019,25695329,7945015,YOU BROKE MY CODE: UNDERSTANDING THE MOTIVATIONS FOR BREAKING CHANGES IN APIS,2,BIBLIOGRÁFICA,25,ARTIGO EM PERIÓDICO,1,BIBLIOGRAFICA - ARTIGO EM PERIÓDICO,,,,,,,,,,,0
32001010004P6,CIĘNCIAS DA COMPUTAÇĂO,UFMG,UNIVERSIDADE FEDERAL DE MINAS GERAIS,2019,25695049,7997952,"ALGEBRAS, GRAPHS AND THETAS",2,BIBLIOGRÁFICA,25,ARTIGO EM PERIÓDICO,1,BIBLIOGRAFICA - ARTIGO EM PERIÓDICO,,,,,,,,,,,0
32001010004P6,CIĘNCIAS DA COMPUTAÇĂO,UFMG,UNIVERSIDADE FEDERAL DE MINAS GERAIS,2019,25695104,7995350,DATA-FLOW ANALYSIS AND OPTIMIZATION FOR DATA COHERENCE IN HETEROGENEOUS ARCHITECTURES,2,BIBLIOGRÁFICA,25,ARTIGO EM PERIÓDICO,1,BIBLIOGRAFICA - ARTIGO EM PERIÓDICO,,,,,,,,,,,0
32001010004P6,CIĘNCIAS DA COMPUTAÇĂO,UFMG,UNIVERSIDADE FEDERAL DE MINAS GERAIS,2019,25695242,7998114,PERFECT STATE TRANSFER IN A SPIN CHAIN WITHOUT MIRROR SYMMETRY,2,BIBLIOGRÁFICA,25,ARTIGO EM PERIÓDICO,1,BIBLIOGRAFICA - ARTIGO EM PERIÓDICO,,,,,,,,,,,0
32001010004P6,CIĘNCIAS DA COMPUTAÇĂO,UFMG,UNIVERSIDADE FEDERAL DE MINAS GERAIS,2019,25695270,8053613,SEGMETRIK: PROTOCOL AND METRICS FOR ADVERTISEMENT PERFORMANCE TRACKING IN VANETS,2,BIBLIOGRÁFICA,25,ARTIGO EM PERIÓDICO,1,BIBLIOGRAFICA - ARTIGO EM PERIÓDICO,,,,,,,,,,,0
32001010004P6,CIĘNCIAS DA COMPUTAÇĂO,UFMG,UNIVERSIDADE FEDERAL DE MINAS GERAIS,2019,25695029,7955371,A COMPARATIVE STUDY OF OPTIMIZATION MODELS IN GENETIC PROGRAMMING-BASED RULE EXTRACTION PROBLEMS,2,BIBLIOGRÁFICA,25,ARTIGO EM PERIÓDICO,1,BIBLIOGRAFICA - ARTIGO EM PERIÓDICO,,,,,,,,,,,0
32001010004P6,CIĘNCIAS DA COMPUTAÇĂO,UFMG,UNIVERSIDADE FEDERAL DE MINAS GERAIS,2019,25695251,8080444,"PROTEINGO: MOTIVATION, USER EXPERIENCE, AND LEARNING OF MOLECULAR INTERACTIONS IN BIOLOGICAL COMPLEXES",2,BIBLIOGRÁFICA,25,ARTIGO EM PERIÓDICO,1,BIBLIOGRAFICA - ARTIGO EM PERIÓDICO,,,,,,,,,,,0
32001010004P6,CIĘNCIAS DA COMPUTAÇĂO,UFMG,UNIVERSIDADE FEDERAL DE MINAS GERAIS,2019,25695282,8067327,SOFTWARE-DEFINED NETWORKING WITH SERVICES ORIENTED BY DOMAIN NAMES,2,BIBLIOGRÁFICA,25,ARTIGO EM PERIÓDICO,1,BIBLIOGRAFICA - ARTIGO EM PERIÓDICO,,,,,,,,,,,0
32001010004P6,CIĘNCIAS DA COMPUTAÇĂO,UFMG,UNIVERSIDADE FEDERAL DE MINAS GERAIS,2019,25695258,8064410,QUALITY ASSESSMENT OF COLLABORATIVELY-CREATED WEB CONTENT WITH NO MANUAL INTERVENTION BASED ON SOFT MULTI-VIEW GENERATION,2,BIBLIOGRÁFICA,25,ARTIGO EM PERIÓDICO,1,BIBLIOGRAFICA - ARTIGO EM PERIÓDICO,,,,,,,,,,,0
32001010004P6,CIĘNCIAS DA COMPUTAÇĂO,UFMG,UNIVERSIDADE FEDERAL DE MINAS GERAIS,2019,25695326,8052414,WATER PING: ICMP FOR THE INTERNET OF UNDERWATER THINGS,2,BIBLIOGRÁFICA,25,ARTIGO EM PERIÓDICO,1,BIBLIOGRAFICA - ARTIGO EM PERIÓDICO,,,,,,,,,,,0
32001010004P6,CIĘNCIAS DA COMPUTAÇĂO,UFMG,UNIVERSIDADE FEDERAL DE MINAS GERAIS,2019,25695058,8030452,AN INTEREST-BASED APPROACH FOR REDUCING NETWORK CONTENTIONS IN VEHICULAR TRANSPORTATION SYSTEMS,2,BIBLIOGRÁFICA,25,ARTIGO EM PERIÓDICO,1,BIBLIOGRAFICA - ARTIGO EM PERIÓDICO,,,,,,,,,,,0
32001010004P6,CIĘNCIAS DA COMPUTAÇĂO,UFMG,UNIVERSIDADE FEDERAL DE MINAS GERAIS,2019,25695056,8072487,AN EXPLORATORY STUDY ON COOCCURRENCE OF DESIGN PATTERNS AND BAD SMELLS USING SOFTWARE METRICS,2,BIBLIOGRÁFICA,25,ARTIGO EM PERIÓDICO,1,BIBLIOGRAFICA - ARTIGO EM PERIÓDICO,,,,,,,,,,,0
32001010004P6,CIĘNCIAS DA COMPUTAÇĂO,UFMG,UNIVERSIDADE FEDERAL DE MINAS GERAIS,2019,25695284,8079267,STACY: STRENGTH OF TIES AUTOMATIC-CLASSIFIER OVER THE YEARS,2,BIBLIOGRÁFICA,25,ARTIGO EM PERIÓDICO,1,BIBLIOGRAFICA - ARTIGO EM PERIÓDICO,,,,,,,,,,,0
32001010004P6,CIĘNCIAS DA COMPUTAÇĂO,UFMG,UNIVERSIDADE FEDERAL DE MINAS GERAIS,2019,25695031,8031093,A CONGESTION CONTROL FRAMEWORK FOR DELAY- AND DISRUPTION TOLERANT NETWORKS,2,BIBLIOGRÁFICA,25,ARTIGO EM PERIÓDICO,1,BIBLIOGRAFICA - ARTIGO EM PERIÓDICO,,,,,,,,,,,0
32001010004P6,CIĘNCIAS DA COMPUTAÇĂO,UFMG,UNIVERSIDADE FEDERAL DE MINAS GERAIS,2019,25695221,7955278,MULTI-TEMPORAL TRANSPORT NETWORK MODELS FOR ACCESSIBILITY STUDIES,2,BIBLIOGRÁFICA,25,ARTIGO EM PERIÓDICO,1,BIBLIOGRAFICA - ARTIGO EM PERIÓDICO,,,,,,,,,,,0
32001010004P6,CIĘNCIAS DA COMPUTAÇĂO,UFMG,UNIVERSIDADE FEDERAL DE MINAS GERAIS,2019,25695218,7939152,MULTIMODAL DATA FUSION FRAMEWORK BASED ON AUTOENCODERS FOR TOP-N RECOMMENDER SYSTEMS,2,BIBLIOGRÁFICA,25,ARTIGO EM PERIÓDICO,1,BIBLIOGRAFICA - ARTIGO EM PERIÓDICO,,,,,,,,,,,0
32001010004P6,CIĘNCIAS DA COMPUTAÇĂO,UFMG,UNIVERSIDADE FEDERAL DE MINAS GERAIS,2019,25695322,8030458,VEHICULAR DATA SPACE: THE DATA POINT OF VIEW,2,BIBLIOGRÁFICA,25,ARTIGO EM PERIÓDICO,1,BIBLIOGRAFICA - ARTIGO EM PERIÓDICO,,,,,,,,,,,0
32001010004P6,CIĘNCIAS DA COMPUTAÇĂO,UFMG,UNIVERSIDADE FEDERAL DE MINAS GERAIS,2019,25695183,7999896,LARGE-SCALE PARALLEL SIMILARITY SEARCH WITH PRODUCT QUANTIZATION FOR ONLINE MULTIMEDIA SERVICES,2,BIBLIOGRÁFICA,25,ARTIGO EM PERIÓDICO,1,BIBLIOGRAFICA - ARTIGO EM PERIÓDICO,,,,,,,,,,,0
32001010004P6,CIĘNCIAS DA COMPUTAÇĂO,UFMG,UNIVERSIDADE FEDERAL DE MINAS GERAIS,2019,25695161,7995743,GUIDED JUST-IN-TIME SPECIALIZATION,2,BIBLIOGRÁFICA,25,ARTIGO EM PERIÓDICO,1,BIBLIOGRAFICA - ARTIGO EM PERIÓDICO,,,,,,,,,,,0
32001010004P6,CIĘNCIAS DA COMPUTAÇĂO,UFMG,UNIVERSIDADE FEDERAL DE MINAS GERAIS,2019,25695231,8090471,"ON THE PROBLEM OF MINIMIZING THE COST WITH OPTICAL DEVICES IN WAVELENGTH DIVISION MULTIPLEXING OPTICAL NETWORKS: COMPLEXITY ANALYSIS, MATHEMATICAL FORMULATION AND IMPROVED HEURISTICS",2,BIBLIOGRÁFICA,25,ARTIGO EM PERIÓDICO,1,BIBLIOGRAFICA - ARTIGO EM PERIÓDICO,,,,,,,,,,,0
32001010004P6,CIĘNCIAS DA COMPUTAÇĂO,UFMG,UNIVERSIDADE FEDERAL DE MINAS GERAIS,2019,25695205,8037499,MINING SKYPATTERNS IN FUZZY TENSORS,2,BIBLIOGRÁFICA,25,ARTIGO EM PERIÓDICO,1,BIBLIOGRAFICA - ARTIGO EM PERIÓDICO,,,,,,,,,,,0
32001010004P6,CIĘNCIAS DA COMPUTAÇĂO,UFMG,UNIVERSIDADE FEDERAL DE MINAS GERAIS,2019,25695165,8057559,HOW DO DEVELOPERS PROMOTE OPEN SOURCE PROJECTS?,2,BIBLIOGRÁFICA,25,ARTIGO EM PERIÓDICO,1,BIBLIOGRAFICA - ARTIGO EM PERIÓDICO,,,,,,,,,,,0
32001010004P6,CIĘNCIAS DA COMPUTAÇĂO,UFMG,UNIVERSIDADE FEDERAL DE MINAS GERAIS,2019,25695145,8064600,"FISETIO: A FINE-GRAINED, STRUCTURED AND ENRICHED TOURISM DATASET FOR INDOOR AND OUTDOOR ATTRACTIONS",2,BIBLIOGRÁFICA,25,ARTIGO EM PERIÓDICO,1,BIBLIOGRAFICA - ARTIGO EM PERIÓDICO,,,,,,,,,,,0
32001010004P6,CIĘNCIAS DA COMPUTAÇĂO,UFMG,UNIVERSIDADE FEDERAL DE MINAS GERAIS,2019,25695176,7952261,INFORMATION-DRIVEN SOFTWARE-DEFINED VEHICULAR NETWORKS: ADAPTING FLEXIBLE ARCHITECTURE TO VARIOUS SCENARIOS,2,BIBLIOGRÁFICA,25,ARTIGO EM PERIÓDICO,1,BIBLIOGRAFICA - ARTIGO EM PERIÓDICO,,,,,,,,,,,0
32001010004P6,CIĘNCIAS DA COMPUTAÇĂO,UFMG,UNIVERSIDADE FEDERAL DE MINAS GERAIS,2019,25695093,8057689,CO-CHANGE PATTERNS: A LARGE SCALE EMPIRICAL STUDY,2,BIBLIOGRÁFICA,25,ARTIGO EM PERIÓDICO,1,BIBLIOGRAFICA - ARTIGO EM PERIÓDICO,,,,,,,,,,,0
32001010004P6,CIĘNCIAS DA COMPUTAÇĂO,UFMG,UNIVERSIDADE FEDERAL DE MINAS GERAIS,2019,25695232,7973314,ON THE PROPOSAL AND EVALUATION OF A BENCHMARK-BASED THRESHOLD DERIVATION METHOD,2,BIBLIOGRÁFICA,25,ARTIGO EM PERIÓDICO,1,BIBLIOGRAFICA - ARTIGO EM PERIÓDICO,,,,,,,,,,,0
32001010004P6,CIĘNCIAS DA COMPUTAÇĂO,UFMG,UNIVERSIDADE FEDERAL DE MINAS GERAIS,2019,25695113,8080882,DEVELOPMENT OF A VIRTUAL REALITY-BASED GAME APPROACH FOR SUPPORTING SENSORY PROCESSING DISORDERS TREATMENT,2,BIBLIOGRÁFICA,25,ARTIGO EM PERIÓDICO,1,BIBLIOGRAFICA - ARTIGO EM PERIÓDICO,,,,,,,,,,,0
32001010004P6,CIĘNCIAS DA COMPUTAÇĂO,UFMG,UNIVERSIDADE FEDERAL DE MINAS GERAIS,2019,25695173,8077449,IN SEARCH OF A STOCHASTIC MODEL FOR THE E-NEWS READER,2,BIBLIOGRÁFICA,25,ARTIGO EM PERIÓDICO,1,BIBLIOGRAFICA - ARTIGO EM PERIÓDICO,,,,,,,,,,,0
32001010004P6,CIĘNCIAS DA COMPUTAÇĂO,UFMG,UNIVERSIDADE FEDERAL DE MINAS GERAIS,2019,25695087,7994369,CHARACTERIZING DIRECTED AND UNDIRECTED NETWORKS VIA MULTIDIMENSIONAL WALKS WITH JUMPS,2,BIBLIOGRÁFICA,25,ARTIGO EM PERIÓDICO,1,BIBLIOGRAFICA - ARTIGO EM PERIÓDICO,,,,,,,,,,,0
32001010004P6,CIĘNCIAS DA COMPUTAÇĂO,UFMG,UNIVERSIDADE FEDERAL DE MINAS GERAIS,2019,25695209,7941348,MODELING AND SOLVING THE ANGULAR CONSTRAINED MINIMUM SPANNING TREE PROBLEM,2,BIBLIOGRÁFICA,25,ARTIGO EM PERIÓDICO,1,BIBLIOGRAFICA - ARTIGO EM PERIÓDICO,,,,,,,,,,,0
32001010004P6,CIĘNCIAS DA COMPUTAÇĂO,UFMG,UNIVERSIDADE FEDERAL DE MINAS GERAIS,2019,25695030,8080456,A COMPUTATIONAL METHOD TO PROPOSE MUTATIONS IN ENZYMES BASED ON STRUCTURAL SIGNATURE VARIATION (SSV),2,BIBLIOGRÁFICA,25,ARTIGO EM PERIÓDICO,1,BIBLIOGRAFICA - ARTIGO EM PERIÓDICO,,,,,,,,,,,0
32001010004P6,CIĘNCIAS DA COMPUTAÇĂO,UFMG,UNIVERSIDADE FEDERAL DE MINAS GERAIS,2019,25695269,8064093,RISK-SENSITIVE LEARNING TO RANK WITH EVOLUTIONARY MULTI-OBJECTIVE FEATURE SELECTION,2,BIBLIOGRÁFICA,25,ARTIGO EM PERIÓDICO,1,BIBLIOGRAFICA - ARTIGO EM PERIÓDICO,,,,,,,,,,,0
32001010004P6,CIĘNCIAS DA COMPUTAÇĂO,UFMG,UNIVERSIDADE FEDERAL DE MINAS GERAIS,2019,25695302,8030519,TOWARDS A FOG-ENABLED INTELLIGENT TRANSPORTATION SYSTEM TO REDUCE TRAFFIC JAM,2,BIBLIOGRÁFICA,25,ARTIGO EM PERIÓDICO,1,BIBLIOGRAFICA - ARTIGO EM PERIÓDICO,,,,,,,,,,,0
32001010004P6,CIĘNCIAS DA COMPUTAÇĂO,UFMG,UNIVERSIDADE FEDERAL DE MINAS GERAIS,2019,25695240,8091057,PARAMETERIZED COMPLEXITY OF EQUITABLE COLORING,2,BIBLIOGRÁFICA,25,ARTIGO EM PERIÓDICO,1,BIBLIOGRAFICA - ARTIGO EM PERIÓDICO,,,,,,,,,,,0
32001010004P6,CIĘNCIAS DA COMPUTAÇĂO,UFMG,UNIVERSIDADE FEDERAL DE MINAS GERAIS,2019,25695294,8081048,THE MATCHING RELAXATION FOR A CLASS OF GENERALIZED SET PARTITIONING PROBLEMS,2,BIBLIOGRÁFICA,25,ARTIGO EM PERIÓDICO,1,BIBLIOGRAFICA - ARTIGO EM PERIÓDICO,,,,,,,,,,,0
32001010004P6,CIĘNCIAS DA COMPUTAÇĂO,UFMG,UNIVERSIDADE FEDERAL DE MINAS GERAIS,2019,25695318,7952475,URBAN COMPUTING LEVERAGING LOCATION-BASED SOCIAL NETWORK DATA,2,BIBLIOGRÁFICA,25,ARTIGO EM PERIÓDICO,1,BIBLIOGRAFICA - ARTIGO EM PERIÓDICO,,,,,,,,,,,0
32001010004P6,CIĘNCIAS DA COMPUTAÇĂO,UFMG,UNIVERSIDADE FEDERAL DE MINAS GERAIS,2019,25695217,7948575,MULTIMODAL DATA FUSION FRAMEWORK BASED ON AUTOENCODERS FOR TOP-N RECOMMENDER SYSTEMS,2,BIBLIOGRÁFICA,25,ARTIGO EM PERIÓDICO,1,BIBLIOGRAFICA - ARTIGO EM PERIÓDICO,,,,,,,,,,,0
32001010004P6,CIĘNCIAS DA COMPUTAÇĂO,UFMG,UNIVERSIDADE FEDERAL DE MINAS GERAIS,2019,25695260,7997112,QUANTUM FRACTIONAL REVIVAL ON GRAPHS,2,BIBLIOGRÁFICA,25,ARTIGO EM PERIÓDICO,1,BIBLIOGRAFICA - ARTIGO EM PERIÓDICO,,,,,,,,,,,0
32001010004P6,CIĘNCIAS DA COMPUTAÇĂO,UFMG,UNIVERSIDADE FEDERAL DE MINAS GERAIS,2019,25695325,8065958,WATER PING: ICMP FOR THE INTERNET OF UNDERWATER THINGS,2,BIBLIOGRÁFICA,25,ARTIGO EM PERIÓDICO,1,BIBLIOGRAFICA - ARTIGO EM PERIÓDICO,,,,,,,,,,,0
32001010004P6,CIĘNCIAS DA COMPUTAÇĂO,UFMG,UNIVERSIDADE FEDERAL DE MINAS GERAIS,2019,25695144,7948399,FASTER AND SLOWER POST-TRAINING RECOVERY IN FUTSAL: MULTIFACTORIAL CLASSIFICATION OF RECOVERY PROFILES,2,BIBLIOGRÁFICA,25,ARTIGO EM PERIÓDICO,1,BIBLIOGRAFICA - ARTIGO EM PERIÓDICO,,,,,,,,,,,0
32001010004P6,CIĘNCIAS DA COMPUTAÇĂO,UFMG,UNIVERSIDADE FEDERAL DE MINAS GERAIS,2019,25695216,7939067,MULTIMODAL APPROACH FOR TENSION LEVELS ESTIMATION IN NEWS VIDEOS,2,BIBLIOGRÁFICA,25,ARTIGO EM PERIÓDICO,1,BIBLIOGRAFICA - ARTIGO EM PERIÓDICO,,,,,,,,,,,0
32001010004P6,CIĘNCIAS DA COMPUTAÇĂO,UFMG,UNIVERSIDADE FEDERAL DE MINAS GERAIS,2019,25695045,8029322,A SOFT COMPUTING FRAMEWORK FOR IMAGE CLASSIFICATION BASED ON RECURRENCE PLOTS,2,BIBLIOGRÁFICA,25,ARTIGO EM PERIÓDICO,1,BIBLIOGRAFICA - ARTIGO EM PERIÓDICO,,,,,,,,,,,0
32001010004P6,CIĘNCIAS DA COMPUTAÇĂO,UFMG,UNIVERSIDADE FEDERAL DE MINAS GERAIS,2019,25695126,8001647,EFFECTIVE NUCLEI SEGMENTATION WITH SPARSE SHAPE PRIOR AND DYNAMIC OCCLUSION CONSTRAINT FOR GLIOBLASTOMA PATHOLOGY IMAGES,2,BIBLIOGRÁFICA,25,ARTIGO EM PERIÓDICO,1,BIBLIOGRAFICA - ARTIGO EM PERIÓDICO,,,,,,,,,,,0
32001010004P6,CIĘNCIAS DA COMPUTAÇĂO,UFMG,UNIVERSIDADE FEDERAL DE MINAS GERAIS,2019,25695051,8037667,ALGORITHM SELECTION IN ADVERSARIAL SETTINGS: FROM EXPERIMENTS TO TOURNAMENTS IN <I>STARCRAFT</I>,2,BIBLIOGRÁFICA,25,ARTIGO EM PERIÓDICO,1,BIBLIOGRAFICA - ARTIGO EM PERIÓDICO,,,,,,,,,,,0
32001010004P6,CIĘNCIAS DA COMPUTAÇĂO,UFMG,UNIVERSIDADE FEDERAL DE MINAS GERAIS,2019,25695149,7975556,FULLY CONVOLUTIONAL SIAMESE AUTOENCODER FOR CHANGE DETECTION IN UAV AERIAL IMAGES,2,BIBLIOGRÁFICA,25,ARTIGO EM PERIÓDICO,1,BIBLIOGRAFICA - ARTIGO EM PERIÓDICO,,,,,,,,,,,0
32001010004P6,CIĘNCIAS DA COMPUTAÇĂO,UFMG,UNIVERSIDADE FEDERAL DE MINAS GERAIS,2019,25695272,8002477,SENSITIVITY ANALYSIS IN DIGITAL PATHOLOGY: HANDLING LARGE NUMBER OF PARAMETERS WITH COMPUTE EXPENSIVE WORKFLOWS,2,BIBLIOGRÁFICA,25,ARTIGO EM PERIÓDICO,1,BIBLIOGRAFICA - ARTIGO EM PERIÓDICO,,,,,,,,,,,0
32001010004P6,CIĘNCIAS DA COMPUTAÇĂO,UFMG,UNIVERSIDADE FEDERAL DE MINAS GERAIS,2019,25695180,8080450,INTRODUCING PROGRAMMING SKILLS FOR LIFE SCIENCE STUDENTS,2,BIBLIOGRÁFICA,25,ARTIGO EM PERIÓDICO,1,BIBLIOGRAFICA - ARTIGO EM PERIÓDICO,,,,,,,,,,,0
32001010004P6,CIĘNCIAS DA COMPUTAÇĂO,UFMG,UNIVERSIDADE FEDERAL DE MINAS GERAIS,2019,25695179,7952856,INTERPATH CONTENTION IN MULTIPATH TCP DISJOINT PATHS,2,BIBLIOGRÁFICA,25,ARTIGO EM PERIÓDICO,1,BIBLIOGRAFICA - ARTIGO EM PERIÓDICO,,,,,,,,,,,0
32001010004P6,CIĘNCIAS DA COMPUTAÇĂO,UFMG,UNIVERSIDADE FEDERAL DE MINAS GERAIS,2019,25695275,8037038,SIOT: SECURING INTERNET OF THINGS THROUGH DISTRIBUTED SYSTEMS ANALYSIS,2,BIBLIOGRÁFICA,25,ARTIGO EM PERIÓDICO,1,BIBLIOGRAFICA - ARTIGO EM PERIÓDICO,,,,,,,,,,,0
32001010004P6,CIĘNCIAS DA COMPUTAÇĂO,UFMG,UNIVERSIDADE FEDERAL DE MINAS GERAIS,2019,25695185,8015106,LEARNING AND DISTINGUISHING TIME SERIES DYNAMICS VIA ORDINAL PATTERNS TRANSITION GRAPHS,2,BIBLIOGRÁFICA,25,ARTIGO EM PERIÓDICO,1,BIBLIOGRAFICA - ARTIGO EM PERIÓDICO,,,,,,,,,,,0
32001010004P6,CIĘNCIAS DA COMPUTAÇĂO,UFMG,UNIVERSIDADE FEDERAL DE MINAS GERAIS,2019,25695324,8067503,"VISIBLE LIGHT COMMUNICATION: CONCEPTS, APPLICATIONS AND CHALLENGES",2,BIBLIOGRÁFICA,25,ARTIGO EM PERIÓDICO,1,BIBLIOGRAFICA - ARTIGO EM PERIÓDICO,,,,,,,,,,,0
32001010004P6,CIĘNCIAS DA COMPUTAÇĂO,UFMG,UNIVERSIDADE FEDERAL DE MINAS GERAIS,2019,25695261,7996400,QUANTUM WALKS AND THE SIZE OF THE GRAPH,2,BIBLIOGRÁFICA,25,ARTIGO EM PERIÓDICO,1,BIBLIOGRAFICA - ARTIGO EM PERIÓDICO,,,,,,,,,,,0
32001010004P6,CIĘNCIAS DA COMPUTAÇĂO,UFMG,UNIVERSIDADE FEDERAL DE MINAS GERAIS,2019,25695327,7945308,"WHAT ARE THE CHARACTERISTICS OF POPULAR APIS? A LARGE-SCALE STUDY ON JAVA, ANDROID, AND 165 LIBRARIES",2,BIBLIOGRÁFICA,25,ARTIGO EM PERIÓDICO,1,BIBLIOGRAFICA - ARTIGO EM PERIÓDICO,,,,,,,,,,,0
32001010004P6,CIĘNCIAS DA COMPUTAÇĂO,UFMG,UNIVERSIDADE FEDERAL DE MINAS GERAIS,2019,25695287,7994179,SUPERVISED LEARNING FOR FAKE NEWS DETECTION,2,BIBLIOGRÁFICA,25,ARTIGO EM PERIÓDICO,1,BIBLIOGRAFICA - ARTIGO EM PERIÓDICO,,,,,,,,,,,0
32001010004P6,CIĘNCIAS DA COMPUTAÇĂO,UFMG,UNIVERSIDADE FEDERAL DE MINAS GERAIS,2019,25695196,8001831,MAREIA: A CLOUD MAPREDUCE BASED HIGH PERFORMANCE WHOLE SLIDE IMAGE ANALYSIS FRAMEWORK,2,BIBLIOGRÁFICA,25,ARTIGO EM PERIÓDICO,1,BIBLIOGRAFICA - ARTIGO EM PERIÓDICO,,,,,,,,,,,0
32001010004P6,CIĘNCIAS DA COMPUTAÇĂO,UFMG,UNIVERSIDADE FEDERAL DE MINAS GERAIS,2019,25695208,7952010,MOBILITY-AWARE APPLICATION PROTOCOLS,2,BIBLIOGRÁFICA,25,ARTIGO EM PERIÓDICO,1,BIBLIOGRAFICA - ARTIGO EM PERIÓDICO,,,,,,,,,,,0
32001010004P6,CIĘNCIAS DA COMPUTAÇĂO,UFMG,UNIVERSIDADE FEDERAL DE MINAS GERAIS,2019,25695095,7996634,COLOURING THE NORMALIZED LAPLACIAN,2,BIBLIOGRÁFICA,25,ARTIGO EM PERIÓDICO,1,BIBLIOGRAFICA - ARTIGO EM PERIÓDICO,,,,,,,,,,,0
32001010004P6,CIĘNCIAS DA COMPUTAÇĂO,UFMG,UNIVERSIDADE FEDERAL DE MINAS GERAIS,2019,25695099,8008448,CONFIGURATION-BASED APPROACH FOR TOPOLOGICAL PROBLEMS IN THE DESIGN OF WIRELESS SENSOR NETWORKS,2,BIBLIOGRÁFICA,25,ARTIGO EM PERIÓDICO,1,BIBLIOGRAFICA - ARTIGO EM PERIÓDICO,,,,,,,,,,,0
32001010004P6,CIĘNCIAS DA COMPUTAÇĂO,UFMG,UNIVERSIDADE FEDERAL DE MINAS GERAIS,2019,25695197,8002187,MASA-OPENCL: PARALLEL PRUNED COMPARISON OF LONG DNA SEQUENCES WITH OPENCL,2,BIBLIOGRÁFICA,25,ARTIGO EM PERIÓDICO,1,BIBLIOGRAFICA - ARTIGO EM PERIÓDICO,,,,,,,,,,,0
32001010004P6,CIĘNCIAS DA COMPUTAÇĂO,UFMG,UNIVERSIDADE FEDERAL DE MINAS GERAIS,2019,25695279,8052509,SOAN: SELF-ORGANIZING AERIAL NETWORKS,2,BIBLIOGRÁFICA,25,ARTIGO EM PERIÓDICO,1,BIBLIOGRAFICA - ARTIGO EM PERIÓDICO,,,,,,,,,,,0
32001010004P6,CIĘNCIAS DA COMPUTAÇĂO,UFMG,UNIVERSIDADE FEDERAL DE MINAS GERAIS,2019,25695037,8054272,A JOINT ANYPATH ROUTING AND DUTY-CYCLING MODEL FOR SUSTAINABLE UNDERWATER SENSOR NETWORKS,2,BIBLIOGRÁFICA,25,ARTIGO EM PERIÓDICO,1,BIBLIOGRAFICA - ARTIGO EM PERIÓDICO,,,,,,,,,,,0
32001010004P6,CIĘNCIAS DA COMPUTAÇĂO,UFMG,UNIVERSIDADE FEDERAL DE MINAS GERAIS,2019,25695163,8064570,HIERARCHICAL CLUSTERING-BASED GRAPHS FOR LARGE SCALE APPROXIMATE NEAREST NEIGHBOR SEARCH,2,BIBLIOGRÁFICA,25,ARTIGO EM PERIÓDICO,1,BIBLIOGRAFICA - ARTIGO EM PERIÓDICO,,,,,,,,,,,0
32001010004P6,CIĘNCIAS DA COMPUTAÇĂO,UFMG,UNIVERSIDADE FEDERAL DE MINAS GERAIS,2019,25695182,8080849,LARGE-SCALE PARALLEL SIMILARITY SEARCH WITH PRODUCT QUANTIZATION FOR ONLINE MULTIMEDIA SERVICES,2,BIBLIOGRÁFICA,25,ARTIGO EM PERIÓDICO,1,BIBLIOGRAFICA - ARTIGO EM PERIÓDICO,,,,,,,,,,,0
32001010004P6,CIĘNCIAS DA COMPUTAÇĂO,UFMG,UNIVERSIDADE FEDERAL DE MINAS GERAIS,2019,25695057,8093533,AN INTEGRATED BIG AND FAST DATA ANALYTICS PLATFORM FOR SMART URBAN TRANSPORTATION MANAGEMENT,2,BIBLIOGRÁFICA,25,ARTIGO EM PERIÓDICO,1,BIBLIOGRAFICA - ARTIGO EM PERIÓDICO,,,,,,,,,,,0
32001010004P6,CIĘNCIAS DA COMPUTAÇĂO,UFMG,UNIVERSIDADE FEDERAL DE MINAS GERAIS,2019,25695262,7995423,QUBIT ALLOCATION AS A COMBINATION OF SUBGRAPH ISOMORPHISM AND TOKEN SWAPPING,2,BIBLIOGRÁFICA,25,ARTIGO EM PERIÓDICO,1,BIBLIOGRAFICA - ARTIGO EM PERIÓDICO,,,,,,,,,,,0
32001010004P6,CIĘNCIAS DA COMPUTAÇĂO,UFMG,UNIVERSIDADE FEDERAL DE MINAS GERAIS,2019,25695263,8079328,RANDOM PLAYLISTS SMOOTHLY COMMUTING BETWEEN STYLES,2,BIBLIOGRÁFICA,25,ARTIGO EM PERIÓDICO,1,BIBLIOGRAFICA - ARTIGO EM PERIÓDICO,,,,,,,,,,,0
32001010004P6,CIĘNCIAS DA COMPUTAÇĂO,UFMG,UNIVERSIDADE FEDERAL DE MINAS GERAIS,2019,25695068,8013023,ASSESSING ELECTRONIC STATES OF INASP/GAAS SELF-ASSEMBLED QUANTUM DOTS BY PHOTOLUMINESCENCE AND MODULATION SPECTROSCOPY,2,BIBLIOGRÁFICA,25,ARTIGO EM PERIÓDICO,1,BIBLIOGRAFICA - ARTIGO EM PERIÓDICO,,,,,,,,,,,0
